#include "assets/about_logo.h"

#include <lvgl.h>

// Auto-generated by tools/gen_about_logo.py — do not edit by hand.
#if LV_COLOR_16_SWAP
static const uint8_t ui_about_logo_map[] = {
  0x00, 0x00, 0x00, 0x00, 0x00, 0x00, 0x00, 0x00, 0x00, 0x00, 0x00, 0x00, 0x00, 0x00, 0x00, 0x00,
  0x00, 0x00, 0x00, 0x00, 0x00, 0x00, 0x00, 0x00, 0x00, 0x00, 0x00, 0x00, 0x00, 0x00, 0x00, 0x00,
  0x00, 0x00, 0x00, 0x00, 0x00, 0x00, 0x00, 0x00, 0x00, 0x00, 0x00, 0x00, 0x00, 0x00, 0x00, 0x00,
  0x00, 0x00, 0x00, 0x00, 0x00, 0x00, 0x00, 0x00, 0x00, 0x00, 0x00, 0x00, 0x00, 0x00, 0x00, 0x00,
  0x00, 0x00, 0x00, 0x00, 0x00, 0x00, 0x00, 0x00, 0x00, 0x00, 0x00, 0x00, 0x00, 0x00, 0x7B, 0xFF,
  0x02, 0x7C, 0x1B, 0x5E, 0xAD, 0x3C, 0xDD, 0xAD, 0x3C, 0xEA, 0x8C, 0x39, 0x7D, 0x63, 0x39, 0x05,
  0x00, 0x00, 0x00, 0x00, 0x00, 0x00, 0x00, 0x00, 0x00, 0x00, 0x00, 0x00, 0x00, 0x00, 0x00, 0x00,
  0x00, 0x00, 0x00, 0x00, 0x00, 0x00, 0x00, 0x00, 0x00, 0x00, 0x00, 0x00, 0x00, 0x00, 0x00, 0x00,
  0x00, 0x00, 0x00, 0x00, 0x00, 0x00, 0x00, 0x00, 0x00, 0x00, 0x00, 0x00, 0x00, 0x00, 0x00, 0x00,
  0x00, 0x00, 0x00, 0x00, 0x00, 0x00, 0x00, 0x00, 0x00, 0x00, 0x00, 0x00, 0x00, 0x00, 0x00, 0x00,
  0x00, 0x00, 0x00, 0x00, 0x00, 0x00, 0x00, 0x00, 0x00, 0x00, 0x00, 0x00, 0x00, 0x00, 0x00, 0x00,
  0x00, 0x00, 0x00, 0x00, 0x00, 0x00, 0x00, 0x00, 0x00, 0x00, 0x00, 0x00, 0x00, 0x00, 0x00, 0x00,
  0x00, 0x00, 0x00, 0x00, 0x00, 0x00, 0x00, 0x00, 0x00, 0x00, 0x00, 0x00, 0x00, 0x00, 0x00, 0x00,
  0x00, 0x00, 0x00, 0x00, 0x00, 0x00, 0x00, 0x00, 0x00, 0x00, 0x00, 0x00, 0x00, 0x00, 0x00, 0x00,
  0x00, 0x00, 0x00, 0x00, 0x00, 0x00, 0x00, 0x00, 0x00, 0x00, 0x00, 0x00, 0x00, 0x00, 0x00, 0x00,
  0x00, 0x00, 0x00, 0x00, 0x00, 0x00, 0x00, 0x00, 0x00, 0x00, 0x00, 0x00, 0x00, 0x00, 0x00, 0x00,
  0x00, 0x00, 0x00, 0x00, 0x00, 0x00, 0x00, 0x00, 0x00, 0x00, 0x00, 0x00, 0x00, 0x00, 0x00, 0x00,
  0x00, 0x00, 0x00, 0x00, 0x00, 0x00, 0x00, 0x00, 0x00, 0x00, 0x00, 0x00, 0x00, 0x00, 0x00, 0x00,
  0x00, 0x00, 0x00, 0x00, 0x00, 0x00, 0x00, 0x00, 0x00, 0x00, 0x00, 0x00, 0x00, 0x00, 0x00, 0x00,
  0x00, 0x00, 0x00, 0x00, 0x00, 0x00, 0x00, 0x00, 0x00, 0x00, 0x00, 0x00, 0x00, 0x00, 0x00, 0x00,
  0x00, 0x00, 0x00, 0x00, 0x00, 0x00, 0x00, 0x00, 0x00, 0x00, 0x00, 0x00, 0x00, 0x00, 0x00, 0x00,
  0x00, 0x00, 0x00, 0x00, 0x00, 0x00, 0x00, 0x00, 0x00, 0x00, 0x00, 0x00, 0x00, 0x00, 0x00, 0x00,
  0x00, 0x00, 0x00, 0x00, 0x00, 0x00, 0x00, 0x00, 0x00, 0x00, 0x00, 0x00, 0x00, 0x00, 0x00, 0x00,
  0x00, 0x00, 0x00, 0x00, 0x00, 0x00, 0x00, 0x00, 0x00, 0x00, 0x00, 0x00, 0x00, 0x00, 0x00, 0x00,
  0x00, 0x00, 0x00, 0x00, 0x00, 0x00, 0x00, 0x00, 0x00, 0x00, 0x00, 0x00, 0x00, 0x00, 0x00, 0x00,
  0x00, 0x00, 0x00, 0x00, 0x00, 0x00, 0x00, 0x00, 0x00, 0x00, 0x00, 0x00, 0x00, 0x00, 0x00, 0x00,
  0x00, 0x00, 0x00, 0x00, 0x00, 0x00, 0x00, 0x00, 0x00, 0x00, 0x00, 0x00, 0x00, 0x00, 0x00, 0x00,
  0x00, 0x00, 0x00, 0x00, 0x00, 0x00, 0x00, 0x00, 0x00, 0x00, 0x00, 0x00, 0x00, 0x00, 0x00, 0x00,
  0x00, 0x00, 0x00, 0x00, 0x00, 0x00, 0x00, 0x00, 0x00, 0x00, 0x00, 0x00, 0x00, 0x00, 0x00, 0x00,
  0x00, 0x00, 0x00, 0x00, 0x00, 0x00, 0x00, 0x00, 0x00, 0x00, 0x00, 0x00, 0x00, 0x00, 0x00, 0x00,
  0x00, 0x00, 0x00, 0x00, 0x00, 0x00, 0x00, 0x00, 0x00, 0x00, 0x00, 0x00, 0x00, 0x00, 0x00, 0x00,
  0x00, 0x00, 0x00, 0x00, 0x00, 0x00, 0x00, 0x00, 0x00, 0x00, 0x00, 0x00, 0x00, 0x00, 0x00, 0x00,
  0x00, 0x00, 0x00, 0x00, 0x00, 0x00, 0x00, 0x00, 0x00, 0x00, 0x00, 0x00, 0x00, 0x00, 0x00, 0x00,
  0x00, 0x00, 0x00, 0x00, 0x00, 0x00, 0x00, 0x00, 0x00, 0x00, 0x00, 0x00, 0x00, 0x00, 0x00, 0x00,
  0x00, 0x00, 0x00, 0x00, 0x00, 0x00, 0x00, 0x00, 0x00, 0x00, 0x00, 0x00, 0x00, 0x00, 0x00, 0x00,
  0x00, 0x00, 0x00, 0x00, 0x00, 0x00, 0x00, 0x00, 0x00, 0x00, 0x00, 0x00, 0x00, 0x00, 0x00, 0x00,
  0x00, 0x00, 0x00, 0x00, 0x00, 0x00, 0x00, 0x00, 0x00, 0x00, 0x00, 0x00, 0x00, 0x00, 0x00, 0x00,
  0x00, 0x00, 0x00, 0x00, 0x00, 0x00, 0x00, 0x00, 0x00, 0x00, 0x00, 0x00, 0x00, 0x00, 0x6B, 0x9A,
  0x3F, 0x9C, 0xFC, 0xF7, 0x9C, 0xFC, 0xFF, 0x6B, 0x38, 0xFF, 0x62, 0xF6, 0xFC, 0x62, 0xB5, 0x66,
  0x00, 0x00, 0x00, 0x00, 0x00, 0x00, 0x00, 0x00, 0x00, 0x00, 0x00, 0x00, 0x00, 0x00, 0x00, 0x00,
  0x00, 0x00, 0x00, 0x00, 0x00, 0x00, 0x00, 0x00, 0x00, 0x00, 0x00, 0x00, 0x00, 0x00, 0x00, 0x00,
  0x00, 0x00, 0x00, 0x00, 0x00, 0x00, 0x00, 0x00, 0x00, 0x00, 0x00, 0x00, 0x00, 0x00, 0x00, 0x00,
  0x00, 0x00, 0x00, 0x00, 0x00, 0x00, 0x00, 0x00, 0x00, 0x00, 0x00, 0x00, 0x00, 0x00, 0x00, 0x00,
  0x00, 0x00, 0x00, 0x00, 0x00, 0x00, 0x00, 0x00, 0x00, 0x00, 0x00, 0x00, 0x00, 0x00, 0x00, 0x00,
  0x00, 0x00, 0x00, 0x00, 0x00, 0x00, 0x00, 0x00, 0x00, 0x00, 0x00, 0x00, 0x00, 0x00, 0x00, 0x00,
  0x00, 0x00, 0x00, 0x00, 0x00, 0x00, 0x00, 0x00, 0x00, 0x00, 0x00, 0x00, 0x00, 0x00, 0x00, 0x00,
  0x00, 0x00, 0x00, 0x00, 0x00, 0x00, 0x00, 0x00, 0x00, 0x00, 0x00, 0x00, 0x00, 0x00, 0x00, 0x00,
  0x00, 0x00, 0x00, 0x00, 0x00, 0x00, 0x00, 0x00, 0x00, 0x00, 0x00, 0x00, 0x00, 0x00, 0x00, 0x00,
  0x00, 0x00, 0x00, 0x00, 0x00, 0x00, 0x00, 0x00, 0x00, 0x00, 0x00, 0x00, 0x00, 0x00, 0x00, 0x00,
  0x00, 0x00, 0x00, 0x00, 0x00, 0x00, 0x00, 0x00, 0x00, 0x00, 0x00, 0x00, 0x00, 0x00, 0x00, 0x00,
  0x00, 0x00, 0x00, 0x00, 0x00, 0x00, 0x00, 0x00, 0x00, 0x00, 0x00, 0x00, 0x00, 0x00, 0x00, 0x00,
  0x00, 0x00, 0x00, 0x00, 0x00, 0x00, 0x00, 0x00, 0x00, 0x00, 0x00, 0x00, 0x00, 0x00, 0x00, 0x00,
  0x00, 0x00, 0x00, 0x00, 0x00, 0x00, 0x00, 0x00, 0x00, 0x00, 0x00, 0x00, 0x00, 0x00, 0x00, 0x00,
  0x00, 0x00, 0x00, 0x00, 0x00, 0x00, 0x00, 0x00, 0x00, 0x00, 0x00, 0x00, 0x00, 0x00, 0x00, 0x00,
  0x00, 0x00, 0x00, 0x00, 0x00, 0x00, 0x00, 0x00, 0x00, 0x00, 0x00, 0x00, 0x00, 0x00, 0x00, 0x00,
  0x00, 0x00, 0x00, 0x00, 0x00, 0x00, 0x00, 0x00, 0x00, 0x00, 0x00, 0x00, 0x00, 0x00, 0x00, 0x00,
  0x00, 0x00, 0x00, 0x00, 0x00, 0x00, 0x00, 0x00, 0x00, 0x00, 0x00, 0x00, 0x00, 0x00, 0x00, 0x00,
  0x00, 0x00, 0x00, 0x00, 0x00, 0x00, 0x00, 0x00, 0x00, 0x00, 0x00, 0x00, 0x00, 0x00, 0x00, 0x00,
  0x00, 0x00, 0x00, 0x00, 0x00, 0x00, 0x00, 0x00, 0x00, 0x00, 0x00, 0x00, 0x00, 0x00, 0x00, 0x00,
  0x00, 0x00, 0x00, 0x00, 0x00, 0x00, 0x00, 0x00, 0x00, 0x00, 0x00, 0x00, 0x00, 0x00, 0x00, 0x00,
  0x00, 0x00, 0x00, 0x00, 0x00, 0x00, 0x00, 0x00, 0x00, 0x00, 0x00, 0x00, 0x00, 0x00, 0x00, 0x00,
  0x00, 0x00, 0x00, 0x00, 0x00, 0x00, 0x00, 0x00, 0x00, 0x00, 0x00, 0x00, 0x00, 0x00, 0x00, 0x00,
  0x00, 0x00, 0x00, 0x00, 0x00, 0x00, 0x00, 0x00, 0x00, 0x00, 0x00, 0x00, 0x00, 0x00, 0x00, 0x00,
  0x00, 0x00, 0x00, 0x00, 0x00, 0x00, 0x00, 0x00, 0x00, 0x00, 0x00, 0x00, 0x00, 0x00, 0x00, 0x00,
  0x00, 0x00, 0x00, 0x00, 0x00, 0x00, 0x00, 0x00, 0x00, 0x00, 0x00, 0x00, 0x00, 0x00, 0x00, 0x00,
  0x00, 0x00, 0x00, 0x00, 0x00, 0x00, 0x00, 0x00, 0x00, 0x00, 0x00, 0x00, 0x00, 0x00, 0x00, 0x00,
  0x00, 0x00, 0x00, 0x00, 0x00, 0x00, 0x00, 0x00, 0x00, 0x00, 0x00, 0x00, 0x00, 0x00, 0x00, 0x00,
  0x00, 0x00, 0x00, 0x00, 0x00, 0x00, 0x00, 0x00, 0x00, 0x00, 0x00, 0x00, 0x00, 0x00, 0x00, 0x00,
  0x00, 0x00, 0x00, 0x00, 0x00, 0x00, 0x00, 0x00, 0x00, 0x00, 0x00, 0x00, 0x00, 0x00, 0x00, 0x00,
  0x00, 0x00, 0x00, 0x00, 0x00, 0x00, 0x00, 0x00, 0x00, 0x00, 0x00, 0x00, 0x00, 0x00, 0x00, 0x00,
  0x00, 0x00, 0x00, 0x00, 0x00, 0x00, 0x00, 0x00, 0x00, 0x00, 0x00, 0x00, 0x00, 0x00, 0x6B, 0x59,
  0x8A, 0x94, 0xDC, 0xFF, 0x63, 0x38, 0xFF, 0x4A, 0x54, 0xFF, 0x7B, 0x33, 0xFF, 0x5A, 0x73, 0xB5,
  0x00, 0x1F, 0x01, 0x00, 0x00, 0x00, 0x00, 0x00, 0x00, 0x00, 0x00, 0x00, 0x00, 0x00, 0x00, 0x00,
  0x00, 0x00, 0x00, 0x00, 0x00, 0x00, 0x00, 0x00, 0x00, 0x00, 0x00, 0x00, 0x00, 0x00, 0x00, 0x00,
  0x00, 0x00, 0x00, 0x00, 0x00, 0x00, 0x00, 0x00, 0x00, 0x00, 0x00, 0x00, 0x00, 0x00, 0x00, 0x00,
  0x00, 0x00, 0x00, 0x00, 0x00, 0x00, 0x00, 0x00, 0x00, 0x00, 0x00, 0x00, 0x00, 0x00, 0x00, 0x00,
  0x00, 0x00, 0x00, 0x00, 0x00, 0x00, 0x00, 0x00, 0x00, 0x00, 0x00, 0x00, 0x00, 0x00, 0x00, 0x00,
  0x00, 0x00, 0x00, 0x00, 0x00, 0x00, 0x00, 0x00, 0x00, 0x00, 0x00, 0x00, 0x00, 0x00, 0x00, 0x00,
  0x00, 0x00, 0x00, 0x00, 0x00, 0x00, 0x00, 0x00, 0x00, 0x00, 0x00, 0x00, 0x00, 0x00, 0x00, 0x00,
  0x00, 0x00, 0x00, 0x00, 0x00, 0x00, 0x00, 0x00, 0x00, 0x00, 0x00, 0x00, 0x00, 0x00, 0x00, 0x00,
  0x00, 0x00, 0x00, 0x00, 0x00, 0x00, 0x00, 0x00, 0x00, 0x00, 0x00, 0x00, 0x00, 0x00, 0x00, 0x00,
  0x00, 0x00, 0x00, 0x00, 0x00, 0x00, 0x00, 0x00, 0x00, 0x00, 0x00, 0x00, 0x00, 0x00, 0x00, 0x00,
  0x00, 0x00, 0x00, 0x00, 0x00, 0x00, 0x00, 0x00, 0x00, 0x00, 0x00, 0x00, 0x00, 0x00, 0x00, 0x00,
  0x00, 0x00, 0x00, 0x00, 0x00, 0x00, 0x00, 0x00, 0x00, 0x00, 0x00, 0x00, 0x00, 0x00, 0x00, 0x00,
  0x00, 0x00, 0x00, 0x00, 0x00, 0x00, 0x00, 0x00, 0x00, 0x00, 0x00, 0x00, 0x00, 0x00, 0x00, 0x00,
  0x00, 0x00, 0x00, 0x00, 0x00, 0x00, 0x00, 0x00, 0x00, 0x00, 0x00, 0x00, 0x00, 0x00, 0x00, 0x00,
  0x00, 0x00, 0x00, 0x00, 0x00, 0x00, 0x00, 0x00, 0x00, 0x00, 0x00, 0x00, 0x00, 0x00, 0x00, 0x00,
  0x00, 0x00, 0x00, 0x00, 0x00, 0x00, 0x00, 0x00, 0x00, 0x00, 0x00, 0x00, 0x00, 0x00, 0x00, 0x00,
  0x00, 0x00, 0x00, 0x00, 0x00, 0x00, 0x00, 0x00, 0x00, 0x00, 0x00, 0x00, 0x00, 0x00, 0x00, 0x00,
  0x00, 0x00, 0x00, 0x00, 0x00, 0x00, 0x00, 0x00, 0x00, 0x00, 0x00, 0x00, 0x00, 0x00, 0x00, 0x00,
  0x00, 0x00, 0x00, 0x00, 0x00, 0x00, 0x00, 0x00, 0x00, 0x00, 0x00, 0x00, 0x00, 0x00, 0x00, 0x00,
  0x00, 0x00, 0x00, 0x00, 0x00, 0x00, 0x00, 0x00, 0x00, 0x00, 0x00, 0x00, 0x00, 0x00, 0x00, 0x00,
  0x00, 0x00, 0x00, 0x00, 0x00, 0x00, 0x00, 0x00, 0x00, 0x00, 0x00, 0x00, 0x00, 0x00, 0x00, 0x00,
  0x00, 0x00, 0x00, 0x00, 0x00, 0x00, 0x00, 0x00, 0x00, 0x00, 0x00, 0x00, 0x00, 0x00, 0x00, 0x00,
  0x00, 0x00, 0x00, 0x00, 0x00, 0x00, 0x00, 0x00, 0x00, 0x00, 0x00, 0x00, 0x00, 0x00, 0x00, 0x00,
  0x00, 0x00, 0x00, 0x00, 0x00, 0x00, 0x00, 0x00, 0x00, 0x00, 0x00, 0x00, 0x00, 0x00, 0x00, 0x00,
  0x00, 0x00, 0x00, 0x00, 0x00, 0x00, 0x00, 0x00, 0x00, 0x00, 0x00, 0x00, 0x00, 0x00, 0x00, 0x00,
  0x00, 0x00, 0x00, 0x00, 0x00, 0x00, 0x00, 0x00, 0x00, 0x00, 0x00, 0x00, 0x00, 0x00, 0x00, 0x00,
  0x00, 0x00, 0x00, 0x00, 0x00, 0x00, 0x00, 0x00, 0x00, 0x00, 0x00, 0x00, 0x00, 0x00, 0x00, 0x00,
  0x00, 0x00, 0x00, 0x00, 0x00, 0x00, 0x00, 0x00, 0x00, 0x00, 0x00, 0x00, 0x00, 0x00, 0x00, 0x00,
  0x00, 0x00, 0x00, 0x00, 0x00, 0x00, 0x00, 0x00, 0x00, 0x00, 0x00, 0x00, 0x00, 0x00, 0x00, 0x00,
  0x00, 0x00, 0x00, 0x00, 0x00, 0x00, 0x00, 0x00, 0x00, 0x00, 0x00, 0x00, 0x00, 0x00, 0x00, 0x00,
  0x00, 0x00, 0x00, 0x00, 0x00, 0x00, 0x00, 0x00, 0x00, 0x00, 0x00, 0x00, 0x00, 0x00, 0x00, 0x00,
  0x00, 0x00, 0x00, 0x00, 0x00, 0x00, 0x00, 0x00, 0x00, 0x00, 0x00, 0x00, 0x00, 0x00, 0x5B, 0x17,
  0x74, 0x4A, 0xB6, 0xFF, 0x42, 0x54, 0xFF, 0x42, 0x11, 0xFF, 0x49, 0xF0, 0xFF, 0x52, 0x11, 0xA6,
  0x00, 0x00, 0x01, 0x00, 0x00, 0x00, 0x00, 0x00, 0x00, 0x00, 0x00, 0x00, 0x00, 0x00, 0x00, 0x00,
  0x00, 0x00, 0x00, 0x00, 0x00, 0x00, 0x00, 0x00, 0x00, 0x00, 0x00, 0x00, 0x00, 0x00, 0x00, 0x00,
  0x00, 0x00, 0x00, 0x00, 0x00, 0x00, 0x00, 0x00, 0x00, 0x00, 0x00, 0x00, 0x00, 0x00, 0x00, 0x00,
  0x00, 0x00, 0x00, 0x00, 0x00, 0x00, 0x00, 0x00, 0x00, 0x00, 0x00, 0x00, 0x00, 0x00, 0x00, 0x00,
  0x00, 0x00, 0x00, 0x00, 0x00, 0x00, 0x00, 0x00, 0x00, 0x00, 0x00, 0x00, 0x00, 0x00, 0x00, 0x00,
  0x00, 0x00, 0x00, 0x00, 0x00, 0x00, 0x00, 0x00, 0x00, 0x00, 0x00, 0x00, 0x00, 0x00, 0x00, 0x00,
  0x00, 0x00, 0x00, 0x00, 0x00, 0x00, 0x00, 0x00, 0x00, 0x00, 0x00, 0x00, 0x00, 0x00, 0x00, 0x00,
  0x00, 0x00, 0x00, 0x00, 0x00, 0x00, 0x00, 0x00, 0x00, 0x00, 0x00, 0x00, 0x00, 0x00, 0x00, 0x00,
  0x00, 0x00, 0x00, 0x00, 0x00, 0x00, 0x00, 0x00, 0x00, 0x00, 0x00, 0x00, 0x00, 0x00, 0x00, 0x00,
  0x00, 0x00, 0x00, 0x00, 0x00, 0x00, 0x00, 0x00, 0x00, 0x00, 0x00, 0x00, 0x00, 0x00, 0x00, 0x00,
  0x00, 0x00, 0x00, 0x00, 0x00, 0x00, 0x00, 0x00, 0x00, 0x00, 0x00, 0x00, 0x00, 0x00, 0x00, 0x00,
  0x00, 0x00, 0x00, 0x00, 0x00, 0x00, 0x00, 0x00, 0x00, 0x00, 0x00, 0x00, 0x00, 0x00, 0x00, 0x00,
  0x00, 0x00, 0x00, 0x00, 0x00, 0x00, 0x00, 0x00, 0x00, 0x00, 0x00, 0x00, 0x00, 0x00, 0x00, 0x00,
  0x00, 0x00, 0x00, 0x00, 0x00, 0x00, 0x00, 0x00, 0x00, 0x00, 0x00, 0x00, 0x00, 0x00, 0x00, 0x00,
  0x00, 0x00, 0x00, 0x00, 0x00, 0x00, 0x00, 0x00, 0x00, 0x00, 0x00, 0x00, 0x00, 0x00, 0x00, 0x00,
  0x00, 0x00, 0x00, 0x00, 0x00, 0x00, 0x00, 0x00, 0x00, 0x00, 0x00, 0x00, 0x00, 0x00, 0x00, 0x00,
  0x00, 0x00, 0x00, 0x00, 0x00, 0x00, 0x00, 0x00, 0x00, 0x00, 0x00, 0x00, 0x00, 0x00, 0x00, 0x00,
  0x00, 0x00, 0x00, 0x00, 0x00, 0x00, 0x00, 0x00, 0x00, 0x00, 0x00, 0x00, 0x00, 0x00, 0x00, 0x00,
  0x00, 0x00, 0x00, 0x00, 0x00, 0x00, 0x00, 0x00, 0x00, 0x00, 0x00, 0x00, 0x00, 0x00, 0x00, 0x00,
  0x00, 0x00, 0x00, 0x00, 0x00, 0x00, 0x00, 0x00, 0x00, 0x00, 0x00, 0x00, 0x00, 0x00, 0x00, 0x00,
  0x00, 0x00, 0x00, 0x00, 0x00, 0x00, 0x00, 0x00, 0x00, 0x00, 0x00, 0x00, 0x00, 0x00, 0x00, 0x00,
  0x00, 0x00, 0x00, 0x00, 0x00, 0x00, 0x00, 0x00, 0x00, 0x00, 0x00, 0x00, 0x00, 0x00, 0x00, 0x00,
  0x00, 0x00, 0x00, 0x00, 0x00, 0x00, 0x00, 0x00, 0x00, 0x00, 0x00, 0x00, 0x00, 0x00, 0x00, 0x00,
  0x00, 0x00, 0x00, 0x00, 0x00, 0x00, 0x00, 0x00, 0x00, 0x00, 0x00, 0x00, 0x00, 0x00, 0x00, 0x00,
  0x00, 0x00, 0x00, 0x00, 0x00, 0x00, 0x00, 0x00, 0x00, 0x00, 0x00, 0x00, 0x00, 0x00, 0x00, 0x00,
  0x00, 0x00, 0x00, 0x00, 0x00, 0x00, 0x00, 0x00, 0x00, 0x00, 0x00, 0x00, 0x00, 0x00, 0x00, 0x00,
  0x00, 0x00, 0x00, 0x00, 0x00, 0x00, 0x00, 0x00, 0x00, 0x00, 0x00, 0x00, 0x00, 0x00, 0x00, 0x00,
  0x00, 0x00, 0x00, 0x00, 0x00, 0x00, 0x00, 0x00, 0x00, 0x00, 0x00, 0x00, 0x00, 0x00, 0x00, 0x00,
  0x00, 0x00, 0x00, 0x00, 0x00, 0x00, 0x00, 0x00, 0x00, 0x00, 0x00, 0x00, 0x00, 0x00, 0x00, 0x00,
  0x00, 0x00, 0x00, 0x00, 0x00, 0x00, 0x00, 0x00, 0x00, 0x00, 0x00, 0x00, 0x00, 0x00, 0x00, 0x00,
  0x00, 0x00, 0x00, 0x00, 0x00, 0x00, 0x00, 0x00, 0x00, 0x00, 0x00, 0x00, 0x00, 0x00, 0x00, 0x00,
  0x00, 0x00, 0x00, 0x00, 0x00, 0x00, 0x00, 0x00, 0x00, 0x00, 0x00, 0x00, 0x00, 0x00, 0x5B, 0x36,
  0x14, 0x42, 0x75, 0xD3, 0x3A, 0x34, 0xFE, 0x31, 0xB0, 0xFF, 0x39, 0xB0, 0xEB, 0x52, 0x31, 0x34,
  0x00, 0x00, 0x00, 0x00, 0x00, 0x00, 0x00, 0x00, 0x00, 0x00, 0x00, 0x00, 0x00, 0x00, 0x00, 0x00,
  0x00, 0x00, 0x00, 0x00, 0x00, 0x00, 0x00, 0x00, 0x00, 0x00, 0x00, 0x00, 0x00, 0x00, 0x00, 0x00,
  0x00, 0x00, 0x00, 0x00, 0x00, 0x00, 0x00, 0x00, 0x00, 0x00, 0x00, 0x00, 0x00, 0x00, 0x00, 0x00,
  0x00, 0x00, 0x00, 0x00, 0x00, 0x00, 0x00, 0x00, 0x00, 0x00, 0x00, 0x00, 0x00, 0x00, 0x00, 0x00,
  0x00, 0x00, 0x00, 0x00, 0x00, 0x00, 0x00, 0x00, 0x00, 0x00, 0x00, 0x00, 0x00, 0x00, 0x00, 0x00,
  0x00, 0x00, 0x00, 0x00, 0x00, 0x00, 0x00, 0x00, 0x00, 0x00, 0x00, 0x00, 0x00, 0x00, 0x00, 0x00,
  0x00, 0x00, 0x00, 0x00, 0x00, 0x00, 0x00, 0x00, 0x00, 0x00, 0x00, 0x00, 0x00, 0x00, 0x00, 0x00,
  0x00, 0x00, 0x00, 0x00, 0x00, 0x00, 0x00, 0x00, 0x00, 0x00, 0x00, 0x00, 0x00, 0x00, 0x00, 0x00,
  0x00, 0x00, 0x00, 0x00, 0x00, 0x00, 0x00, 0x00, 0x00, 0x00, 0x00, 0x00, 0x00, 0x00, 0x00, 0x00,
  0x00, 0x00, 0x00, 0x00, 0x00, 0x00, 0x00, 0x00, 0x00, 0x00, 0x00, 0x00, 0x00, 0x00, 0x00, 0x00,
  0x00, 0x00, 0x00, 0x00, 0x00, 0x00, 0x00, 0x00, 0x00, 0x00, 0x00, 0x00, 0x00, 0x00, 0x00, 0x00,
  0x00, 0x00, 0x00, 0x00, 0x00, 0x00, 0x00, 0x00, 0x00, 0x00, 0x00, 0x00, 0x00, 0x00, 0x00, 0x00,
  0x00, 0x00, 0x00, 0x00, 0x00, 0x00, 0x00, 0x00, 0x00, 0x00, 0x00, 0x00, 0x00, 0x00, 0x00, 0x00,
  0x00, 0x00, 0x00, 0x00, 0x00, 0x00, 0x00, 0x00, 0x00, 0x00, 0x00, 0x00, 0x00, 0x00, 0x00, 0x00,
  0x00, 0x00, 0x00, 0x00, 0x00, 0x00, 0x00, 0x00, 0x00, 0x00, 0x00, 0x00, 0x00, 0x00, 0x00, 0x00,
  0x00, 0x00, 0x00, 0x00, 0x00, 0x00, 0x00, 0x00, 0x00, 0x00, 0x00, 0x00, 0x00, 0x00, 0x00, 0x00,
  0x00, 0x00, 0x00, 0x00, 0x00, 0x00, 0x00, 0x00, 0x00, 0x00, 0x00, 0x00, 0x00, 0x00, 0x00, 0x00,
  0x00, 0x00, 0x00, 0x00, 0x00, 0x00, 0x00, 0x00, 0x00, 0x00, 0x00, 0x00, 0x00, 0x00, 0x00, 0x00,
  0x00, 0x00, 0x00, 0x00, 0x00, 0x00, 0x00, 0x00, 0x00, 0x00, 0x00, 0x00, 0x00, 0x00, 0x00, 0x00,
  0x00, 0x00, 0x00, 0x00, 0x00, 0x00, 0x00, 0x00, 0x00, 0x00, 0x00, 0x00, 0x00, 0x00, 0x00, 0x00,
  0x00, 0x00, 0x00, 0x00, 0x00, 0x00, 0x00, 0x00, 0x00, 0x00, 0x00, 0x00, 0x00, 0x00, 0x00, 0x00,
  0x00, 0x00, 0x00, 0x00, 0x00, 0x00, 0x00, 0x00, 0x00, 0x00, 0x00, 0x00, 0x00, 0x00, 0x00, 0x00,
  0x00, 0x00, 0x00, 0x00, 0x00, 0x00, 0x00, 0x00, 0x00, 0x00, 0x00, 0x00, 0x00, 0x00, 0x00, 0x00,
  0x00, 0x00, 0x00, 0x00, 0x00, 0x00, 0x00, 0x00, 0x00, 0x00, 0x00, 0x00, 0x00, 0x00, 0x00, 0x00,
  0x00, 0x00, 0x00, 0x00, 0x00, 0x00, 0x00, 0x00, 0x00, 0x00, 0x00, 0x00, 0x00, 0x00, 0x00, 0x00,
  0x00, 0x00, 0x00, 0x00, 0x00, 0x00, 0x00, 0x00, 0x00, 0x00, 0x00, 0x00, 0x00, 0x00, 0x00, 0x00,
  0x00, 0x00, 0x00, 0x00, 0x00, 0x00, 0x00, 0x00, 0x00, 0x00, 0x00, 0x00, 0x00, 0x00, 0x00, 0x00,
  0x00, 0x00, 0x00, 0x00, 0x00, 0x00, 0x00, 0x00, 0x00, 0x00, 0x00, 0x00, 0x00, 0x00, 0x00, 0x00,
  0x00, 0x00, 0x00, 0x00, 0x00, 0x00, 0x00, 0x00, 0x00, 0x00, 0x00, 0x00, 0x00, 0x00, 0x00, 0x00,
  0x00, 0x00, 0x00, 0x00, 0x00, 0x00, 0x00, 0x00, 0x00, 0x00, 0x00, 0x00, 0x00, 0x00, 0x00, 0x00,
  0x00, 0x00, 0x00, 0x00, 0x00, 0x00, 0x00, 0x00, 0x00, 0x00, 0x00, 0x00, 0x00, 0x00, 0x00, 0x00,
  0x00, 0x00, 0x00, 0x00, 0x00, 0x00, 0x00, 0x00, 0x00, 0x00, 0x00, 0x00, 0x00, 0x00, 0x00, 0x00,
  0x00, 0x52, 0xB3, 0x15, 0x73, 0xD7, 0xDA, 0x52, 0x72, 0xF5, 0x4A, 0x50, 0x2D, 0x00, 0x00, 0x00,
  0x00, 0x00, 0x00, 0x00, 0x00, 0x00, 0x00, 0x00, 0x00, 0x00, 0x00, 0x00, 0x00, 0x00, 0x00, 0x00,
  0x00, 0x00, 0x00, 0x00, 0x00, 0x00, 0x00, 0x00, 0x00, 0x00, 0x00, 0x00, 0x00, 0x00, 0x00, 0x00,
  0x00, 0x00, 0x00, 0x00, 0x00, 0x00, 0x00, 0x00, 0x00, 0x00, 0x00, 0x00, 0x00, 0x00, 0x00, 0x00,
  0x00, 0x00, 0x00, 0x00, 0x00, 0x00, 0x00, 0x00, 0x00, 0x00, 0x00, 0x00, 0x00, 0x00, 0x00, 0x00,
  0x00, 0x00, 0x00, 0x00, 0x00, 0x00, 0x00, 0x00, 0x00, 0x00, 0x00, 0x00, 0x00, 0x00, 0x00, 0x00,
  0x00, 0x00, 0x00, 0x00, 0x00, 0x00, 0x00, 0x00, 0x00, 0x00, 0x00, 0x00, 0x00, 0x00, 0x00, 0x00,
  0x00, 0x00, 0x00, 0x00, 0x00, 0x00, 0x00, 0x00, 0x00, 0x00, 0x00, 0x00, 0x00, 0x00, 0x00, 0x00,
  0x00, 0x00, 0x00, 0x00, 0x00, 0x00, 0x00, 0x00, 0x00, 0x00, 0x00, 0x00, 0x00, 0x00, 0x00, 0x00,
  0x00, 0x00, 0x00, 0x00, 0x00, 0x00, 0x00, 0x00, 0x00, 0x00, 0x00, 0x00, 0x00, 0x00, 0x00, 0x00,
  0x00, 0x00, 0x00, 0x00, 0x00, 0x00, 0x00, 0x00, 0x00, 0x00, 0x00, 0x00, 0x00, 0x00, 0x00, 0x00,
  0x00, 0x00, 0x00, 0x00, 0x00, 0x00, 0x00, 0x00, 0x00, 0x00, 0x00, 0x00, 0x00, 0x00, 0x00, 0x00,
  0x00, 0x00, 0x00, 0x00, 0x00, 0x00, 0x00, 0x00, 0x00, 0x00, 0x00, 0x00, 0x00, 0x00, 0x00, 0x00,
  0x00, 0x00, 0x00, 0x00, 0x00, 0x00, 0x00, 0x00, 0x00, 0x00, 0x00, 0x00, 0x00, 0x00, 0x00, 0x00,
  0x00, 0x00, 0x00, 0x00, 0x00, 0x00, 0x00, 0x00, 0x00, 0x00, 0x00, 0x00, 0x00, 0x00, 0x00, 0x00,
  0x00, 0x00, 0x00, 0x00, 0x00, 0x00, 0x00, 0x00, 0x00, 0x00, 0x00, 0x00, 0x00, 0x00, 0x00, 0x00,
  0x00, 0x00, 0x00, 0x00, 0x00, 0x00, 0x00, 0x00, 0x00, 0x00, 0x00, 0x00, 0x00, 0x00, 0x00, 0x00,
  0x00, 0x00, 0x00, 0x00, 0x00, 0x00, 0x00, 0x00, 0x00, 0x00, 0x00, 0x00, 0x00, 0x00, 0x00, 0x00,
  0x00, 0x00, 0x00, 0x00, 0x00, 0x00, 0x00, 0x00, 0x00, 0x00, 0x00, 0x00, 0x00, 0x00, 0x00, 0x00,
  0x00, 0x00, 0x00, 0x00, 0x00, 0x00, 0x00, 0x00, 0x00, 0x00, 0x00, 0x00, 0x00, 0x00, 0x00, 0x00,
  0x00, 0x00, 0x00, 0x00, 0x00, 0x00, 0x00, 0x00, 0x00, 0x00, 0x00, 0x00, 0x00, 0x00, 0x00, 0x00,
  0x00, 0x00, 0x00, 0x00, 0x00, 0x00, 0x00, 0x00, 0x00, 0x00, 0x00, 0x00, 0x00, 0x00, 0x00, 0x00,
  0x00, 0x00, 0x00, 0x00, 0x00, 0x00, 0x00, 0x00, 0x00, 0x00, 0x00, 0x00, 0x00, 0x00, 0x00, 0x00,
  0x00, 0x00, 0x00, 0x00, 0x00, 0x00, 0x00, 0x00, 0x00, 0x00, 0x00, 0x00, 0x00, 0x00, 0x00, 0x00,
  0x00, 0x00, 0x00, 0x00, 0x00, 0x00, 0x00, 0x00, 0x00, 0x00, 0x00, 0x00, 0x00, 0x00, 0x00, 0x00,
  0x00, 0x00, 0x00, 0x00, 0x00, 0x00, 0x00, 0x00, 0x00, 0x00, 0x00, 0x00, 0x00, 0x00, 0x00, 0x00,
  0x00, 0x00, 0x00, 0x00, 0x00, 0x00, 0x00, 0x00, 0x00, 0x00, 0x00, 0x00, 0x00, 0x00, 0x00, 0x00,
  0x00, 0x00, 0x00, 0x00, 0x00, 0x00, 0x00, 0x00, 0x00, 0x00, 0x00, 0x00, 0x00, 0x00, 0x00, 0x00,
  0x00, 0x00, 0x00, 0x00, 0x00, 0x00, 0x00, 0x00, 0x00, 0x00, 0x00, 0x00, 0x00, 0x00, 0x00, 0x00,
  0x00, 0x00, 0x00, 0x00, 0x00, 0x00, 0x00, 0x00, 0x00, 0x00, 0x00, 0x00, 0x00, 0x00, 0x00, 0x00,
  0x00, 0x00, 0x00, 0x00, 0x00, 0x00, 0x00, 0x00, 0x00, 0x00, 0x00, 0x00, 0x00, 0x00, 0x00, 0x00,
  0x00, 0x00, 0x00, 0x00, 0x00, 0x00, 0x00, 0x00, 0x00, 0x00, 0x00, 0x00, 0x00, 0x00, 0x00, 0x00,
  0x00, 0x00, 0x00, 0x00, 0x00, 0x00, 0x00, 0x00, 0x00, 0x00, 0x00, 0x00, 0x00, 0x00, 0x00, 0x00,
  0x00, 0x5A, 0xF7, 0x08, 0x84, 0x59, 0xE2, 0x62, 0xB2, 0xF8, 0x5A, 0x70, 0x20, 0x00, 0x00, 0x00,
  0x00, 0x00, 0x00, 0x00, 0x00, 0x00, 0x00, 0x00, 0x00, 0x00, 0x00, 0x00, 0x00, 0x00, 0x00, 0x00,
  0x00, 0x00, 0x00, 0x00, 0x00, 0x00, 0x00, 0x00, 0x55, 0x5F, 0x03, 0x5D, 0xDF, 0x21, 0x65, 0xBE,
  0x43, 0x5D, 0xBF, 0x35, 0x65, 0xDE, 0x12, 0xFF, 0xFF, 0x01, 0x00, 0x00, 0x00, 0x00, 0x00, 0x00,
  0x00, 0x00, 0x00, 0x00, 0x00, 0x00, 0x00, 0x00, 0x00, 0x00, 0x00, 0x00, 0x00, 0x00, 0x00, 0x00,
  0x00, 0x00, 0x00, 0x00, 0x00, 0x00, 0x00, 0x00, 0x00, 0x00, 0x00, 0x00, 0x00, 0x00, 0x00, 0x00,
  0x00, 0x00, 0x00, 0x00, 0x00, 0x00, 0x00, 0x00, 0x00, 0x00, 0x00, 0x00, 0x00, 0x00, 0x00, 0x00,
  0x00, 0x00, 0x00, 0x00, 0x00, 0x00, 0x00, 0x00, 0x00, 0x00, 0x00, 0x00, 0x00, 0x00, 0x00, 0x00,
  0x00, 0x00, 0x00, 0x00, 0x00, 0x00, 0x00, 0x00, 0x00, 0x00, 0x00, 0x00, 0x00, 0x00, 0x00, 0x00,
  0x00, 0x00, 0x00, 0x00, 0x00, 0x00, 0x00, 0x00, 0x00, 0x00, 0x00, 0x00, 0x00, 0x00, 0x00, 0x00,
  0x00, 0x00, 0x00, 0x00, 0x00, 0x00, 0x00, 0x00, 0x00, 0x00, 0x00, 0x00, 0x00, 0x00, 0x00, 0x00,
  0x00, 0x00, 0x00, 0x00, 0x00, 0x00, 0x00, 0x00, 0x00, 0x00, 0x00, 0x00, 0x00, 0x00, 0x00, 0x00,
  0x00, 0x00, 0x00, 0x00, 0x00, 0x00, 0x00, 0x00, 0x00, 0x00, 0x00, 0x00, 0x00, 0x00, 0x00, 0x00,
  0x00, 0x00, 0x00, 0x00, 0x00, 0x00, 0x00, 0x00, 0x00, 0x00, 0x00, 0x00, 0x00, 0x00, 0x00, 0x00,
  0x00, 0x00, 0x00, 0x00, 0x00, 0x00, 0x00, 0x00, 0x00, 0x00, 0x00, 0x00, 0x00, 0x00, 0x00, 0x00,
  0x00, 0x00, 0x00, 0x00, 0x00, 0x00, 0x00, 0x00, 0x00, 0x00, 0x00, 0x00, 0x00, 0x00, 0x00, 0x00,
  0x00, 0x00, 0x00, 0x00, 0x00, 0x00, 0x00, 0x00, 0x00, 0x00, 0x00, 0x00, 0x00, 0x00, 0x00, 0x00,
  0x00, 0x00, 0x00, 0x00, 0x00, 0x00, 0x00, 0x00, 0x00, 0x00, 0x00, 0x00, 0x00, 0x00, 0x00, 0x00,
  0x00, 0x00, 0x00, 0x00, 0x00, 0x00, 0x00, 0x00, 0x00, 0x00, 0x00, 0x00, 0x00, 0x00, 0x00, 0x00,
  0x00, 0x00, 0x00, 0x00, 0x00, 0x00, 0x00, 0x00, 0x00, 0x00, 0x00, 0x00, 0x00, 0x00, 0x00, 0x00,
  0x00, 0x00, 0x00, 0x00, 0x00, 0x00, 0x00, 0x00, 0x00, 0x00, 0x00, 0x00, 0x00, 0x00, 0x00, 0x00,
  0x00, 0x00, 0x00, 0x00, 0x00, 0x00, 0x00, 0x00, 0x00, 0x00, 0x00, 0x00, 0x00, 0x00, 0x00, 0x00,
  0x00, 0x00, 0x00, 0x00, 0x00, 0x00, 0x00, 0x00, 0x00, 0x00, 0x00, 0x00, 0x00, 0x00, 0x00, 0x00,
  0x00, 0x00, 0x00, 0x00, 0x00, 0x00, 0x00, 0x00, 0x00, 0x00, 0x00, 0x00, 0x00, 0x00, 0x00, 0x00,
  0x00, 0x00, 0x00, 0x00, 0x00, 0x00, 0x00, 0x00, 0x00, 0x00, 0x00, 0x00, 0x00, 0x00, 0x00, 0x00,
  0x00, 0x00, 0x00, 0x00, 0x00, 0x00, 0x00, 0x00, 0x00, 0x00, 0x00, 0x00, 0x00, 0x00, 0x00, 0x00,
  0x00, 0x00, 0x00, 0x00, 0x00, 0x00, 0x00, 0x00, 0x00, 0x00, 0x00, 0x00, 0x00, 0x00, 0x00, 0x00,
  0x00, 0x00, 0x00, 0x00, 0x00, 0x00, 0x00, 0x00, 0x00, 0x00, 0x00, 0x00, 0x00, 0x00, 0x00, 0x00,
  0x00, 0x00, 0x00, 0x00, 0x00, 0x00, 0x00, 0x00, 0x00, 0x00, 0x00, 0x00, 0x00, 0x00, 0x00, 0x00,
  0x00, 0x00, 0x00, 0x00, 0x00, 0x00, 0x00, 0x00, 0x00, 0x00, 0x00, 0x00, 0x00, 0x00, 0x00, 0x00,
  0x00, 0x00, 0x00, 0x00, 0x00, 0x00, 0x00, 0x00, 0x00, 0x00, 0x00, 0x00, 0x00, 0x00, 0x00, 0x00,
  0x00, 0x00, 0x00, 0x00, 0x00, 0x00, 0x00, 0x00, 0x00, 0x00, 0x00, 0x00, 0x00, 0x00, 0x00, 0x00,
  0x00, 0x00, 0x00, 0x00, 0x00, 0x00, 0x00, 0x00, 0x00, 0x00, 0x00, 0x00, 0x00, 0x00, 0x00, 0x00,
  0x00, 0x6B, 0x57, 0x13, 0x94, 0xDB, 0xF1, 0x6B, 0x35, 0xFC, 0x62, 0xB2, 0x36, 0x00, 0x00, 0x00,
  0x00, 0x00, 0x00, 0x00, 0x00, 0x00, 0x00, 0x00, 0x00, 0x00, 0x00, 0x00, 0x00, 0x00, 0x00, 0x00,
  0x00, 0x00, 0x00, 0x00, 0x00, 0x55, 0x5F, 0x06, 0x3D, 0x7F, 0x9C, 0x76, 0x5F, 0xF6, 0x8E, 0x9F,
  0xFE, 0x8E, 0x7F, 0xFC, 0x86, 0x5F, 0xEC, 0x65, 0xBF, 0xA8, 0x55, 0x1E, 0x35, 0x7B, 0xFF, 0x02,
  0x00, 0x00, 0x00, 0x00, 0x00, 0x00, 0x00, 0x00, 0x00, 0x00, 0x00, 0x00, 0x00, 0x00, 0x00, 0x00,
  0x00, 0x00, 0x00, 0x00, 0x00, 0x00, 0x00, 0x00, 0x00, 0x00, 0x00, 0x00, 0x00, 0x00, 0x00, 0x00,
  0x00, 0x00, 0x00, 0x00, 0x00, 0x00, 0x00, 0x00, 0x00, 0x00, 0x00, 0x00, 0x00, 0x00, 0x00, 0x00,
  0x00, 0x00, 0x00, 0x00, 0x00, 0x00, 0x00, 0x00, 0x00, 0x00, 0x00, 0x00, 0x00, 0x00, 0x00, 0x00,
  0x00, 0x00, 0x00, 0x00, 0x00, 0x00, 0x00, 0x00, 0x00, 0x00, 0x00, 0x00, 0x00, 0x00, 0x00, 0x00,
  0x00, 0x00, 0x00, 0x00, 0x00, 0x00, 0x00, 0x00, 0x00, 0x00, 0x00, 0x00, 0x00, 0x00, 0x00, 0x00,
  0x00, 0x00, 0x00, 0x00, 0x00, 0x00, 0x00, 0x00, 0x00, 0x00, 0x00, 0x00, 0x00, 0x00, 0x00, 0x00,
  0x00, 0x00, 0x00, 0x00, 0x00, 0x00, 0x00, 0x00, 0x00, 0x00, 0x00, 0x00, 0x00, 0x00, 0x00, 0x00,
  0x00, 0x00, 0x00, 0x00, 0x00, 0x00, 0x00, 0x00, 0x00, 0x00, 0x00, 0x00, 0x00, 0x00, 0x00, 0x00,
  0x00, 0x00, 0x00, 0x00, 0x00, 0x00, 0x00, 0x00, 0x00, 0x00, 0x00, 0x00, 0x00, 0x00, 0x00, 0x00,
  0x00, 0x00, 0x00, 0x00, 0x00, 0x00, 0x00, 0x00, 0x00, 0x00, 0x00, 0x00, 0x00, 0x00, 0x00, 0x00,
  0x00, 0x00, 0x00, 0x00, 0x00, 0x00, 0x00, 0x00, 0x00, 0x00, 0x00, 0x00, 0x00, 0x00, 0x00, 0x00,
  0x00, 0x00, 0x00, 0x00, 0x00, 0x00, 0x00, 0x00, 0x00, 0x00, 0x00, 0x00, 0x00, 0x00, 0x00, 0x00,
  0x00, 0x00, 0x00, 0x00, 0x00, 0x00, 0x00, 0x00, 0x00, 0x00, 0x00, 0x00, 0x00, 0x00, 0x00, 0x00,
  0x00, 0x00, 0x00, 0x00, 0x00, 0x00, 0x00, 0x00, 0x00, 0x00, 0x00, 0x00, 0x00, 0x00, 0x00, 0x00,
  0x00, 0x00, 0x00, 0x00, 0x00, 0x00, 0x00, 0x00, 0x00, 0x00, 0x00, 0x00, 0x00, 0x00, 0x00, 0x00,
  0x00, 0x00, 0x00, 0x00, 0x00, 0x00, 0x00, 0x00, 0x00, 0x00, 0x00, 0x00, 0x00, 0x00, 0x00, 0x00,
  0x00, 0x00, 0x00, 0x00, 0x00, 0x00, 0x00, 0x00, 0x00, 0x00, 0x00, 0x00, 0x00, 0x00, 0x00, 0x00,
  0x00, 0x00, 0x00, 0x00, 0x00, 0x00, 0x00, 0x00, 0x00, 0x00, 0x00, 0x00, 0x00, 0x00, 0x00, 0x00,
  0x00, 0x00, 0x00, 0x00, 0x00, 0x00, 0x00, 0x00, 0x00, 0x00, 0x00, 0x00, 0x00, 0x00, 0x00, 0x00,
  0x00, 0x00, 0x00, 0x00, 0x00, 0x00, 0x00, 0x00, 0x00, 0x00, 0x00, 0x00, 0x00, 0x00, 0x00, 0x00,
  0x00, 0x00, 0x00, 0x00, 0x00, 0x00, 0x00, 0x00, 0x00, 0x00, 0x00, 0x00, 0x00, 0x00, 0x00, 0x00,
  0x00, 0x00, 0x00, 0x00, 0x00, 0x00, 0x00, 0x00, 0x00, 0x00, 0x00, 0x00, 0x00, 0x00, 0x00, 0x00,
  0x00, 0x00, 0x00, 0x00, 0x00, 0x00, 0x00, 0x00, 0x00, 0x00, 0x00, 0x00, 0x00, 0x00, 0x00, 0x00,
  0x00, 0x00, 0x00, 0x00, 0x00, 0x00, 0x00, 0x00, 0x00, 0x00, 0x00, 0x00, 0x00, 0x00, 0x00, 0x00,
  0x00, 0x00, 0x00, 0x00, 0x00, 0x00, 0x00, 0x00, 0x00, 0x00, 0x00, 0x00, 0x00, 0x00, 0x00, 0x00,
  0x00, 0xFF, 0xFF, 0x01, 0x07, 0xFF, 0x01, 0x00, 0x00, 0x00, 0x00, 0x00, 0x00, 0x00, 0x00, 0x00,
  0x00, 0x00, 0x00, 0x00, 0x00, 0x00, 0x00, 0x00, 0x00, 0x00, 0x00, 0x00, 0x00, 0x00, 0x00, 0x00,
  0x00, 0x00, 0x00, 0x00, 0x00, 0x00, 0x00, 0x00, 0x00, 0x00, 0x00, 0x07, 0xFF, 0x01, 0x7D, 0xFF,
  0x04, 0x6C, 0x7A, 0x2D, 0x8C, 0xFC, 0xF9, 0x63, 0x56, 0xFF, 0x5A, 0xF4, 0x5E, 0x9E, 0x7F, 0x05,
  0xFF, 0xFF, 0x01, 0x00, 0x00, 0x00, 0x00, 0x00, 0x00, 0x00, 0x00, 0x00, 0x00, 0x00, 0x00, 0x00,
  0x00, 0x00, 0x00, 0x00, 0x00, 0x45, 0x1F, 0x47, 0x55, 0xBF, 0xFC, 0x8E, 0xBF, 0xFF, 0x35, 0x5F,
  0xFF, 0x2D, 0x5F, 0xFF, 0x5D, 0xDF, 0xFF, 0x76, 0x1F, 0xFF, 0x75, 0xDF, 0xF7, 0x55, 0x3F, 0x95,
  0x5C, 0xFF, 0x10, 0x00, 0x00, 0x00, 0x00, 0x00, 0x00, 0x00, 0x00, 0x00, 0x00, 0x00, 0x00, 0x00,
  0x00, 0x00, 0x00, 0x00, 0x00, 0x00, 0x00, 0x00, 0x00, 0x00, 0x00, 0x00, 0x00, 0x00, 0x00, 0x00,
  0x00, 0x00, 0x00, 0x00, 0x00, 0x00, 0x00, 0x00, 0x00, 0x00, 0x00, 0x00, 0x00, 0x00, 0x00, 0x00,
  0x00, 0x00, 0x00, 0x00, 0x00, 0x00, 0x00, 0x00, 0x00, 0x00, 0x00, 0x00, 0x00, 0x00, 0x00, 0x00,
  0x00, 0x00, 0x00, 0x00, 0x00, 0x00, 0x00, 0x00, 0x00, 0x00, 0x00, 0x00, 0x00, 0x00, 0x00, 0x00,
  0x00, 0x00, 0x00, 0x00, 0x00, 0x00, 0x00, 0x00, 0x00, 0x00, 0x00, 0x00, 0x00, 0x00, 0x00, 0x00,
  0x00, 0x00, 0x00, 0x00, 0x00, 0x00, 0x00, 0x00, 0x00, 0x00, 0x00, 0x00, 0x00, 0x00, 0x00, 0x00,
  0x00, 0x00, 0x00, 0x00, 0x00, 0x00, 0x00, 0x00, 0x00, 0x00, 0x00, 0x00, 0x00, 0x00, 0x00, 0x00,
  0x00, 0x00, 0x00, 0x00, 0x00, 0x00, 0x00, 0x00, 0x00, 0x00, 0x00, 0x00, 0x00, 0x00, 0x00, 0x00,
  0x00, 0x00, 0x00, 0x00, 0x00, 0x00, 0x00, 0x00, 0x00, 0x00, 0x00, 0x00, 0x00, 0x00, 0x00, 0x00,
  0x00, 0x00, 0x00, 0x00, 0x00, 0x00, 0x00, 0x00, 0x00, 0x00, 0x00, 0x00, 0x00, 0x00, 0x00, 0x00,
  0x00, 0x00, 0x00, 0x00, 0x00, 0x00, 0x00, 0x00, 0x00, 0x00, 0x00, 0x00, 0x00, 0x00, 0x00, 0x00,
  0x00, 0x00, 0x00, 0x00, 0x00, 0x00, 0x00, 0x00, 0x00, 0x00, 0x00, 0x00, 0x00, 0x00, 0x00, 0x00,
  0x00, 0x00, 0x00, 0x00, 0x00, 0x00, 0x00, 0x00, 0x00, 0x00, 0x00, 0x00, 0x00, 0x00, 0x00, 0x00,
  0x00, 0x00, 0x00, 0x00, 0x00, 0x00, 0x00, 0x00, 0x00, 0x00, 0x00, 0x00, 0x00, 0x00, 0x00, 0x00,
  0x00, 0x00, 0x00, 0x00, 0x00, 0x00, 0x00, 0x00, 0x00, 0x00, 0x00, 0x00, 0x00, 0x00, 0x00, 0x00,
  0x00, 0x00, 0x00, 0x00, 0x00, 0x00, 0x00, 0x00, 0x00, 0x00, 0x00, 0x00, 0x00, 0x00, 0x00, 0x00,
  0x00, 0x00, 0x00, 0x00, 0x00, 0x00, 0x00, 0x00, 0x00, 0x00, 0x00, 0x00, 0x00, 0x00, 0x00, 0x00,
  0x00, 0x00, 0x00, 0x00, 0x00, 0x00, 0x00, 0x00, 0x00, 0x00, 0x00, 0x00, 0x00, 0x00, 0x00, 0x00,
  0x00, 0x00, 0x00, 0x00, 0x00, 0x00, 0x00, 0x00, 0x00, 0x00, 0x00, 0x00, 0x00, 0x00, 0x00, 0x00,
  0x00, 0x00, 0x00, 0x00, 0x00, 0x00, 0x00, 0x00, 0x00, 0x00, 0x00, 0x00, 0x00, 0x00, 0x00, 0x00,
  0x00, 0x00, 0x00, 0x00, 0x00, 0x00, 0x00, 0x00, 0x00, 0x00, 0x00, 0x00, 0x00, 0x00, 0x00, 0x00,
  0x00, 0x00, 0x00, 0x00, 0x00, 0x00, 0x00, 0x00, 0x00, 0x00, 0x00, 0x00, 0x00, 0x00, 0x00, 0x00,
  0x00, 0x00, 0x00, 0x00, 0x00, 0x00, 0x00, 0x00, 0x00, 0x00, 0x00, 0x00, 0x00, 0x00, 0x00, 0x00,
  0x00, 0x00, 0x00, 0x00, 0x00, 0x00, 0x00, 0x00, 0x00, 0x00, 0x00, 0x00, 0x00, 0x00, 0x00, 0x00,
  0x00, 0x00, 0x00, 0x00, 0x00, 0x00, 0x00, 0x00, 0x7F, 0xFF, 0x02, 0x67, 0x9F, 0x2D, 0x7F, 0xDF,
  0x81, 0x87, 0xDF, 0xB8, 0x87, 0xDF, 0xA2, 0x67, 0x9E, 0x3F, 0xFF, 0xFF, 0x01, 0x00, 0x00, 0x00,
  0x00, 0x00, 0x00, 0x00, 0x00, 0x00, 0x00, 0x00, 0x00, 0x00, 0x00, 0x00, 0x00, 0x00, 0x00, 0x00,
  0x00, 0x00, 0x7E, 0xFB, 0x08, 0x9F, 0x1F, 0x34, 0xA7, 0x3F, 0x77, 0xB7, 0x5F, 0xAF, 0xAF, 0x5F,
  0xD4, 0x96, 0xDF, 0xEC, 0x8E, 0x9F, 0xFF, 0x8E, 0x7F, 0xFF, 0xA6, 0xBF, 0xF2, 0xC7, 0x1F, 0xD7,
  0xBE, 0xDF, 0xB8, 0xAE, 0x7F, 0x87, 0xA6, 0x1F, 0x3F, 0x9E, 0x3F, 0x0D, 0x00, 0x00, 0x00, 0x00,
  0x00, 0x00, 0x00, 0x00, 0x00, 0x44, 0x7E, 0x5B, 0x2C, 0x7F, 0xFE, 0x2C, 0x9F, 0xFF, 0x1C, 0x7F,
  0xFF, 0x1C, 0x9F, 0xFF, 0x1C, 0xBF, 0xFF, 0x24, 0xDF, 0xFF, 0x2D, 0x1F, 0xFF, 0x34, 0xFF, 0xFE,
  0x3C, 0xBF, 0xD1, 0x5C, 0xFE, 0x22, 0x00, 0x00, 0x00, 0x00, 0x00, 0x00, 0x00, 0x00, 0x00, 0x00,
  0x00, 0x00, 0x00, 0x00, 0x00, 0x00, 0x00, 0x00, 0x00, 0x00, 0x00, 0x00, 0x00, 0x00, 0x00, 0x00,
  0x00, 0x00, 0x00, 0x00, 0x00, 0x00, 0x00, 0x00, 0x00, 0x00, 0x00, 0x00, 0x00, 0x00, 0x00, 0x00,
  0x00, 0x00, 0x00, 0x00, 0x00, 0x00, 0x00, 0x00, 0x00, 0x00, 0x00, 0x00, 0x00, 0x00, 0x00, 0x00,
  0x00, 0x00, 0x00, 0x00, 0x00, 0x00, 0x00, 0x00, 0x00, 0x00, 0x00, 0x00, 0x00, 0x00, 0x00, 0x00,
  0x00, 0x00, 0x00, 0x00, 0x00, 0x00, 0x00, 0x00, 0x00, 0x00, 0x00, 0x00, 0x00, 0x00, 0x00, 0x00,
  0x00, 0x00, 0x00, 0x00, 0x00, 0x00, 0x00, 0x00, 0x00, 0x00, 0x00, 0x00, 0x00, 0x00, 0x00, 0x00,
  0x00, 0x00, 0x00, 0x00, 0x00, 0x00, 0x00, 0x00, 0x00, 0x00, 0x00, 0x00, 0x00, 0x00, 0x00, 0x00,
  0x00, 0x00, 0x00, 0x00, 0x00, 0x00, 0x00, 0x00, 0x00, 0x00, 0x00, 0x00, 0x00, 0x00, 0x00, 0x00,
  0x00, 0x00, 0x00, 0x00, 0x00, 0x00, 0x00, 0x00, 0x00, 0x00, 0x00, 0x00, 0x00, 0x00, 0x00, 0x00,
  0x00, 0x00, 0x00, 0x00, 0x00, 0x00, 0x00, 0x00, 0x00, 0x00, 0x00, 0x00, 0x00, 0x00, 0x00, 0x00,
  0x00, 0x00, 0x00, 0x00, 0x00, 0x00, 0x00, 0x00, 0x00, 0x00, 0x00, 0x00, 0x00, 0x00, 0x00, 0x00,
  0x00, 0x00, 0x00, 0x00, 0x00, 0x00, 0x00, 0x00, 0x00, 0x00, 0x00, 0x00, 0x00, 0x00, 0x00, 0x00,
  0x00, 0x00, 0x00, 0x00, 0x00, 0x00, 0x00, 0x00, 0x00, 0x00, 0x00, 0x00, 0x00, 0x00, 0x00, 0x00,
  0x00, 0x00, 0x00, 0x00, 0x00, 0x00, 0x00, 0x00, 0x00, 0x00, 0x00, 0x00, 0x00, 0x00, 0x00, 0x00,
  0x00, 0x00, 0x00, 0x00, 0x00, 0x00, 0x00, 0x00, 0x00, 0x00, 0x00, 0x00, 0x00, 0x00, 0x00, 0x00,
  0x00, 0x00, 0x00, 0x00, 0x00, 0x00, 0x00, 0x00, 0x00, 0x00, 0x00, 0x00, 0x00, 0x00, 0x00, 0x00,
  0x00, 0x00, 0x00, 0x00, 0x00, 0x00, 0x00, 0x00, 0x00, 0x00, 0x00, 0x00, 0x00, 0x00, 0x00, 0x00,
  0x00, 0x00, 0x00, 0x00, 0x00, 0x00, 0x00, 0x00, 0x00, 0x00, 0x00, 0x00, 0x00, 0x00, 0x00, 0x00,
  0x00, 0x00, 0x00, 0x00, 0x00, 0x00, 0x00, 0x00, 0x00, 0x00, 0x00, 0x00, 0x00, 0x00, 0x00, 0x00,
  0x00, 0x00, 0x00, 0x00, 0x00, 0x00, 0x00, 0x00, 0x00, 0x00, 0x00, 0x00, 0x00, 0x00, 0x00, 0x00,
  0x00, 0x00, 0x00, 0x00, 0x00, 0x00, 0x00, 0x00, 0x00, 0x00, 0x00, 0x00, 0x00, 0x00, 0x00, 0x00,
  0x00, 0x00, 0x00, 0x00, 0x00, 0x00, 0x00, 0x00, 0x00, 0x00, 0x00, 0x00, 0x00, 0x00, 0x00, 0x00,
  0x00, 0x00, 0x00, 0x00, 0x00, 0x00, 0x00, 0x00, 0x00, 0x00, 0x00, 0x00, 0x00, 0x00, 0x00, 0x00,
  0x00, 0x00, 0x00, 0x00, 0x00, 0x00, 0x00, 0x00, 0x00, 0x00, 0x00, 0x00, 0x00, 0x00, 0x00, 0x00,
  0x00, 0x00, 0x00, 0x00, 0x00, 0x6F, 0xFF, 0x0E, 0x5F, 0xDF, 0x9B, 0x67, 0xDF, 0xF7, 0x8F, 0xFF,
  0xFF, 0x8F, 0xFF, 0xFF, 0x7F, 0xDF, 0xFF, 0x5F, 0x7E, 0xF6, 0x57, 0x3E, 0x4E, 0x00, 0x00, 0x00,
  0x00, 0x00, 0x00, 0x00, 0x00, 0x00, 0x00, 0x00, 0x00, 0x07, 0xFF, 0x01, 0x87, 0x1E, 0x19, 0x8F,
  0x5F, 0x7C, 0xA7, 0x7F, 0xD7, 0xB7, 0x7F, 0xFA, 0xAF, 0x7F, 0xFF, 0x9F, 0x1F, 0xFF, 0x86, 0xBF,
  0xFF, 0x76, 0x5F, 0xFF, 0x76, 0x3F, 0xFF, 0x7E, 0x1F, 0xFF, 0x7E, 0x1F, 0xFF, 0x86, 0x1F, 0xFF,
  0x96, 0x3F, 0xFF, 0xA6, 0x7F, 0xFF, 0xB6, 0x9F, 0xFD, 0xC6, 0xBF, 0xE4, 0xBE, 0x7F, 0x87, 0xB6,
  0x1F, 0x21, 0xFF, 0xFF, 0x01, 0x43, 0xBD, 0x0F, 0x22, 0xBF, 0xC7, 0x1A, 0xFF, 0xFF, 0x23, 0x9F,
  0xFF, 0x1B, 0xFF, 0xFF, 0x14, 0x3F, 0xFF, 0x1C, 0x7F, 0xFF, 0x1C, 0x9F, 0xFF, 0x24, 0xBF, 0xFF,
  0x2C, 0xBF, 0xFF, 0x3C, 0xBF, 0xD8, 0x54, 0x9F, 0x21, 0x00, 0x00, 0x00, 0x00, 0x00, 0x00, 0x00,
  0x00, 0x00, 0x00, 0x00, 0x00, 0x00, 0x00, 0x00, 0x00, 0x00, 0x00, 0x00, 0x00, 0x00, 0x00, 0x00,
  0x00, 0x00, 0x00, 0x00, 0x00, 0x00, 0x00, 0x00, 0x00, 0x00, 0x00, 0x00, 0x00, 0x00, 0x00, 0x00,
  0x00, 0x00, 0x00, 0x00, 0x00, 0x00, 0x00, 0x00, 0x00, 0x00, 0x00, 0x00, 0x00, 0x00, 0x00, 0x00,
  0x00, 0x00, 0x00, 0x00, 0x00, 0x00, 0x00, 0x00, 0x00, 0x00, 0x00, 0x00, 0x00, 0x00, 0x00, 0x00,
  0x00, 0x00, 0x00, 0x00, 0x00, 0x00, 0x00, 0x00, 0x00, 0x00, 0x00, 0x00, 0x00, 0x00, 0x00, 0x00,
  0x00, 0x00, 0x00, 0x00, 0x00, 0x00, 0x00, 0x00, 0x00, 0x00, 0x00, 0x00, 0x00, 0x00, 0x00, 0x00,
  0x00, 0x00, 0x00, 0x00, 0x00, 0x00, 0x00, 0x00, 0x00, 0x00, 0x00, 0x00, 0x00, 0x00, 0x00, 0x00,
  0x00, 0x00, 0x00, 0x00, 0x00, 0x00, 0x00, 0x00, 0x00, 0x00, 0x00, 0x00, 0x00, 0x00, 0x00, 0x00,
  0x00, 0x00, 0x00, 0x00, 0x00, 0x00, 0x00, 0x00, 0x00, 0x00, 0x00, 0x00, 0x00, 0x00, 0x00, 0x00,
  0x00, 0x00, 0x00, 0x00, 0x00, 0x00, 0x00, 0x00, 0x00, 0x00, 0x00, 0x00, 0x00, 0x00, 0x00, 0x00,
  0x00, 0x00, 0x00, 0x00, 0x00, 0x00, 0x00, 0x00, 0x00, 0x00, 0x00, 0x00, 0x00, 0x00, 0x00, 0x00,
  0x00, 0x00, 0x00, 0x00, 0x00, 0x00, 0x00, 0x00, 0x00, 0x00, 0x00, 0x00, 0x00, 0x00, 0x00, 0x00,
  0x00, 0x00, 0x00, 0x00, 0x00, 0x00, 0x00, 0x00, 0x00, 0x00, 0x00, 0x00, 0x00, 0x00, 0x00, 0x00,
  0x00, 0x00, 0x00, 0x00, 0x00, 0x00, 0x00, 0x00, 0x00, 0x00, 0x00, 0x00, 0x00, 0x00, 0x00, 0x00,
  0x00, 0x00, 0x00, 0x00, 0x00, 0x00, 0x00, 0x00, 0x00, 0x00, 0x00, 0x00, 0x00, 0x00, 0x00, 0x00,
  0x00, 0x00, 0x00, 0x00, 0x00, 0x00, 0x00, 0x00, 0x00, 0x00, 0x00, 0x00, 0x00, 0x00, 0x00, 0x00,
  0x00, 0x00, 0x00, 0x00, 0x00, 0x00, 0x00, 0x00, 0x00, 0x00, 0x00, 0x00, 0x00, 0x00, 0x00, 0x00,
  0x00, 0x00, 0x00, 0x00, 0x00, 0x00, 0x00, 0x00, 0x00, 0x00, 0x00, 0x00, 0x00, 0x00, 0x00, 0x00,
  0x00, 0x00, 0x00, 0x00, 0x00, 0x00, 0x00, 0x00, 0x00, 0x00, 0x00, 0x00, 0x00, 0x00, 0x00, 0x00,
  0x00, 0x00, 0x00, 0x00, 0x00, 0x00, 0x00, 0x00, 0x00, 0x00, 0x00, 0x00, 0x00, 0x00, 0x00, 0x00,
  0x00, 0x00, 0x00, 0x00, 0x00, 0x00, 0x00, 0x00, 0x00, 0x00, 0x00, 0x00, 0x00, 0x00, 0x00, 0x00,
  0x00, 0x00, 0x00, 0x00, 0x00, 0x00, 0x00, 0x00, 0x00, 0x00, 0x00, 0x00, 0x00, 0x00, 0x00, 0x00,
  0x00, 0x00, 0x00, 0x00, 0x00, 0x00, 0x00, 0x00, 0x00, 0x00, 0x00, 0x00, 0x00, 0x00, 0x00, 0x00,
  0x00, 0x00, 0x00, 0x00, 0x00, 0x00, 0x00, 0x00, 0x00, 0x00, 0x00, 0x00, 0x00, 0x00, 0x00, 0x00,
  0x00, 0x00, 0x5F, 0x7D, 0x10, 0x67, 0xDF, 0xBC, 0x97, 0xFF, 0xFE, 0xA7, 0xFF, 0xFF, 0x57, 0xBF,
  0xFF, 0x3F, 0x7F, 0xFF, 0x47, 0x3E, 0xFF, 0x77, 0x3D, 0xFF, 0x46, 0xDD, 0xC6, 0x55, 0x5F, 0x03,
  0x00, 0x00, 0x00, 0x00, 0x00, 0x00, 0x7F, 0x3F, 0x13, 0x77, 0x1F, 0x88, 0x9F, 0x7F, 0xEC, 0xAF,
  0xBF, 0xFF, 0x97, 0x3F, 0xFF, 0x6E, 0x3E, 0xFF, 0x5D, 0x7D, 0xFF, 0x4C, 0x9A, 0xFF, 0x3B, 0xD7,
  0xFF, 0x3B, 0x55, 0xFF, 0x33, 0x14, 0xFF, 0x32, 0xF3, 0xFF, 0x3B, 0x35, 0xFF, 0x43, 0x97, 0xFF,
  0x54, 0x1B, 0xFF, 0x6C, 0xDE, 0xFF, 0x75, 0x3F, 0xFF, 0x8D, 0xBF, 0xFF, 0xB6, 0x5F, 0xFF, 0xBE,
  0x5F, 0xF1, 0x9D, 0x3F, 0xA1, 0x7C, 0x7F, 0x24, 0x4A, 0x7D, 0x10, 0x32, 0x5E, 0x93, 0x1A, 0x9F,
  0xF8, 0x1B, 0x3F, 0xFF, 0x23, 0xFF, 0xFF, 0x1C, 0x3F, 0xFF, 0x1C, 0x7F, 0xFF, 0x1C, 0x7F, 0xFF,
  0x2C, 0x9F, 0xFF, 0x34, 0x9F, 0xFF, 0x34, 0x3F, 0xCE, 0x54, 0x5D, 0x0F, 0x00, 0x00, 0x00, 0x00,
  0x00, 0x00, 0x00, 0x00, 0x00, 0x00, 0x00, 0x00, 0x00, 0x00, 0x00, 0x00, 0x00, 0x00, 0x00, 0x00,
  0x00, 0x00, 0x00, 0x00, 0x00, 0x00, 0x00, 0x00, 0x00, 0x00, 0x00, 0x00, 0x00, 0x00, 0x00, 0x00,
  0x00, 0x00, 0x00, 0x00, 0x00, 0x00, 0x00, 0x00, 0x00, 0x00, 0x00, 0x00, 0x00, 0x00, 0x00, 0x00,
  0x00, 0x00, 0x00, 0x00, 0x00, 0x00, 0x00, 0x00, 0x00, 0x00, 0x00, 0x00, 0x00, 0x00, 0x00, 0x00,
  0x00, 0x00, 0x00, 0x00, 0x00, 0x00, 0x00, 0x00, 0x00, 0x00, 0x00, 0x00, 0x00, 0x00, 0x00, 0x00,
  0x00, 0x00, 0x00, 0x00, 0x00, 0x00, 0x00, 0x00, 0x00, 0x00, 0x00, 0x00, 0x00, 0x00, 0x00, 0x00,
  0x00, 0x00, 0x00, 0x00, 0x00, 0x00, 0x00, 0x00, 0x00, 0x00, 0x00, 0x00, 0x00, 0x00, 0x00, 0x00,
  0x00, 0x00, 0x00, 0x00, 0x00, 0x00, 0x00, 0x00, 0x00, 0x00, 0x00, 0x00, 0x00, 0x00, 0x00, 0x00,
  0x00, 0x00, 0x00, 0x00, 0x00, 0x00, 0x00, 0x00, 0x00, 0x00, 0x00, 0x00, 0x00, 0x00, 0x00, 0x00,
  0x00, 0x00, 0x00, 0x00, 0x00, 0x00, 0x00, 0x00, 0x00, 0x00, 0x00, 0x00, 0x00, 0x00, 0x00, 0x00,
  0x00, 0x00, 0x00, 0x00, 0x00, 0x00, 0x00, 0x00, 0x00, 0x00, 0x00, 0x00, 0x00, 0x00, 0x00, 0x00,
  0x00, 0x00, 0x00, 0x00, 0x00, 0x00, 0x00, 0x00, 0x00, 0x00, 0x00, 0x00, 0x00, 0x00, 0x00, 0x00,
  0x00, 0x00, 0x00, 0x00, 0x00, 0x00, 0x00, 0x00, 0x00, 0x00, 0x00, 0x00, 0x00, 0x00, 0x00, 0x00,
  0x00, 0x00, 0x00, 0x00, 0x00, 0x00, 0x00, 0x00, 0x00, 0x00, 0x00, 0x00, 0x00, 0x00, 0x00, 0x00,
  0x00, 0x00, 0x00, 0x00, 0x00, 0x00, 0x00, 0x00, 0x00, 0x00, 0x00, 0x00, 0x00, 0x00, 0x00, 0x00,
  0x00, 0x00, 0x00, 0x00, 0x00, 0x00, 0x00, 0x00, 0x00, 0x00, 0x00, 0x00, 0x00, 0x00, 0x00, 0x00,
  0x00, 0x00, 0x00, 0x00, 0x00, 0x00, 0x00, 0x00, 0x00, 0x00, 0x00, 0x00, 0x00, 0x00, 0x00, 0x00,
  0x00, 0x00, 0x00, 0x00, 0x00, 0x00, 0x00, 0x00, 0x00, 0x00, 0x00, 0x00, 0x00, 0x00, 0x00, 0x00,
  0x00, 0x00, 0x00, 0x00, 0x00, 0x00, 0x00, 0x00, 0x00, 0x00, 0x00, 0x00, 0x00, 0x00, 0x00, 0x00,
  0x00, 0x00, 0x00, 0x00, 0x00, 0x00, 0x00, 0x00, 0x00, 0x00, 0x00, 0x00, 0x00, 0x00, 0x00, 0x00,
  0x00, 0x00, 0x00, 0x00, 0x00, 0x00, 0x00, 0x00, 0x00, 0x00, 0x00, 0x00, 0x00, 0x00, 0x00, 0x00,
  0x00, 0x00, 0x00, 0x00, 0x00, 0x00, 0x00, 0x00, 0x00, 0x00, 0x00, 0x00, 0x00, 0x00, 0x00, 0x00,
  0x00, 0x00, 0x00, 0x00, 0x00, 0x00, 0x00, 0x00, 0x00, 0x00, 0x00, 0x00, 0x00, 0x00, 0x00, 0x00,
  0x00, 0x00, 0x00, 0x00, 0x00, 0x00, 0x00, 0x00, 0x00, 0x00, 0x00, 0x00, 0x00, 0x00, 0x00, 0x57,
  0xFF, 0x03, 0x5F, 0xBF, 0xA1, 0x8F, 0xDF, 0xFF, 0xAF, 0xFF, 0xFF, 0x6F, 0xDF, 0xFF, 0x37, 0x7E,
  0xFF, 0x2E, 0xFD, 0xFF, 0x2E, 0x7B, 0xFF, 0x2E, 0x5C, 0xFF, 0x2E, 0x5C, 0xC2, 0x55, 0x55, 0x03,
  0x55, 0x5F, 0x03, 0x87, 0x5F, 0x46, 0x87, 0x5F, 0xDB, 0x97, 0x7F, 0xFF, 0x97, 0x1F, 0xFF, 0x65,
  0xBD, 0xFF, 0x3C, 0x18, 0xFF, 0x22, 0x6F, 0xFF, 0x32, 0x0B, 0xFF, 0x42, 0x4A, 0xFF, 0x42, 0x4A,
  0xFF, 0x4A, 0x49, 0xFF, 0x42, 0x29, 0xFF, 0x42, 0x28, 0xFF, 0x4A, 0x69, 0xFF, 0x52, 0x8B, 0xFF,
  0x4A, 0x6B, 0xFF, 0x42, 0x6D, 0xFF, 0x3A, 0xD3, 0xFF, 0x53, 0xBA, 0xFF, 0x6C, 0x9E, 0xFF, 0x7D,
  0x1F, 0xFF, 0x9D, 0x5F, 0xFF, 0x94, 0xFF, 0xED, 0x94, 0xBF, 0x63, 0x7B, 0xFF, 0x06, 0x3A, 0x7D,
  0x49, 0x22, 0x3F, 0xE5, 0x23, 0x1F, 0xFF, 0x23, 0xDF, 0xFF, 0x14, 0x1F, 0xFF, 0x1C, 0x5F, 0xFF,
  0x1C, 0x5F, 0xFF, 0x54, 0xDF, 0xFF, 0x4C, 0x9F, 0xFE, 0x44, 0x5F, 0x84, 0x07, 0xFF, 0x01, 0x00,
  0x00, 0x00, 0x00, 0x00, 0x00, 0x00, 0x00, 0x00, 0x00, 0x00, 0x00, 0x00, 0x00, 0x00, 0x00, 0x00,
  0x00, 0x00, 0x00, 0x00, 0x00, 0x00, 0x00, 0x00, 0x00, 0x00, 0x00, 0x00, 0x00, 0x00, 0x00, 0x00,
  0x00, 0x00, 0x00, 0x00, 0x00, 0x00, 0x00, 0x00, 0x00, 0x00, 0x00, 0x00, 0x00, 0x00, 0x00, 0x00,
  0x00, 0x00, 0x00, 0x00, 0x00, 0x00, 0x00, 0x00, 0x00, 0x00, 0x00, 0x00, 0x00, 0x00, 0x00, 0x00,
  0x00, 0x00, 0x00, 0x00, 0x00, 0x00, 0x00, 0x00, 0x00, 0x00, 0x00, 0x00, 0x00, 0x00, 0x00, 0x00,
  0x00, 0x00, 0x00, 0x00, 0x00, 0x00, 0x00, 0x00, 0x00, 0x00, 0x00, 0x00, 0x00, 0x00, 0x00, 0x00,
  0x00, 0x00, 0x00, 0x00, 0x00, 0x00, 0x00, 0x00, 0x00, 0x00, 0x00, 0x00, 0x00, 0x00, 0x00, 0x00,
  0x00, 0x00, 0x00, 0x00, 0x00, 0x00, 0x00, 0x00, 0x00, 0x00, 0x00, 0x00, 0x00, 0x00, 0x00, 0x00,
  0x00, 0x00, 0x00, 0x00, 0x00, 0x00, 0x00, 0x00, 0x00, 0x00, 0x00, 0x00, 0x00, 0x00, 0x00, 0x00,
  0x00, 0x00, 0x00, 0x00, 0x00, 0x00, 0x00, 0x00, 0x00, 0x00, 0x00, 0x00, 0x00, 0x00, 0x00, 0x00,
  0x00, 0x00, 0x00, 0x00, 0x00, 0x00, 0x00, 0x00, 0x00, 0x00, 0x00, 0x00, 0x00, 0x00, 0x00, 0x00,
  0x00, 0x00, 0x00, 0x00, 0x00, 0x00, 0x00, 0x00, 0x00, 0x00, 0x00, 0x00, 0x00, 0x00, 0x00, 0x00,
  0x00, 0x00, 0x00, 0x00, 0x00, 0x00, 0x00, 0x00, 0x00, 0x00, 0x00, 0x00, 0x00, 0x00, 0x00, 0x00,
  0x00, 0x00, 0x00, 0x00, 0x00, 0x00, 0x00, 0x00, 0x00, 0x00, 0x00, 0x00, 0x00, 0x00, 0x00, 0x00,
  0x00, 0x00, 0x00, 0x00, 0x00, 0x00, 0x00, 0x00, 0x00, 0x00, 0x00, 0x00, 0x00, 0x00, 0x00, 0x00,
  0x00, 0x00, 0x00, 0x00, 0x00, 0x00, 0x00, 0x00, 0x00, 0x00, 0x00, 0x00, 0x00, 0x00, 0x00, 0x00,
  0x00, 0x00, 0x00, 0x00, 0x00, 0x00, 0x00, 0x00, 0x00, 0x00, 0x00, 0x00, 0x00, 0x00, 0x00, 0x00,
  0x00, 0x00, 0x00, 0x00, 0x00, 0x00, 0x00, 0x00, 0x00, 0x00, 0x00, 0x00, 0x00, 0x00, 0x00, 0x00,
  0x00, 0x00, 0x00, 0x00, 0x00, 0x00, 0x00, 0x00, 0x00, 0x00, 0x00, 0x00, 0x00, 0x00, 0x00, 0x00,
  0x00, 0x00, 0x00, 0x00, 0x00, 0x00, 0x00, 0x00, 0x00, 0x00, 0x00, 0x00, 0x00, 0x00, 0x00, 0x00,
  0x00, 0x00, 0x00, 0x00, 0x00, 0x00, 0x00, 0x00, 0x00, 0x00, 0x00, 0x00, 0x00, 0x00, 0x00, 0x00,
  0x00, 0x00, 0x00, 0x00, 0x00, 0x00, 0x00, 0x00, 0x00, 0x00, 0x00, 0x00, 0x00, 0x00, 0x00, 0x00,
  0x00, 0x00, 0x00, 0x00, 0x00, 0x00, 0x00, 0x00, 0x00, 0x00, 0x00, 0x00, 0x00, 0x00, 0x00, 0x00,
  0x00, 0x00, 0x00, 0x00, 0x00, 0x00, 0x00, 0x00, 0x00, 0x00, 0x00, 0x00, 0x00, 0x00, 0x00, 0x57,
  0x9E, 0x41, 0x6F, 0xDF, 0xFA, 0xAF, 0xFF, 0xFF, 0x6F, 0xDF, 0xFF, 0x37, 0x7E, 0xFF, 0x2E, 0xFD,
  0xFF, 0x26, 0x9B, 0xFF, 0x16, 0x3C, 0xFF, 0x15, 0xDC, 0xF5, 0x2E, 0x1C, 0x47, 0x77, 0x1C, 0x09,
  0x6F, 0x5F, 0x8B, 0x87, 0x7F, 0xF9, 0xAF, 0x9F, 0xFF, 0x76, 0x3E, 0xFF, 0x33, 0xD6, 0xFF, 0x19,
  0xCB, 0xFF, 0x42, 0x6B, 0xFF, 0x63, 0x2C, 0xFF, 0x52, 0xAB, 0xFF, 0x29, 0x45, 0xFF, 0x08, 0x61,
  0xFF, 0x08, 0x41, 0xFF, 0x08, 0x41, 0xFF, 0x08, 0x41, 0xFF, 0x08, 0x41, 0xFF, 0x08, 0x61, 0xFF,
  0x08, 0x61, 0xFF, 0x18, 0xE3, 0xFF, 0x39, 0xE8, 0xFF, 0x4A, 0x4A, 0xFF, 0x3A, 0x0E, 0xFF, 0x4B,
  0x38, 0xFF, 0x74, 0x7E, 0xFF, 0x8C, 0xDF, 0xFF, 0x9D, 0x1F, 0xFB, 0x8C, 0x5F, 0xA6, 0x7B, 0xDE,
  0x11, 0x42, 0x9D, 0x25, 0x22, 0x5E, 0xD5, 0x1B, 0x1F, 0xFF, 0x23, 0xDF, 0xFF, 0x1C, 0x1F, 0xFF,
  0x1C, 0x3F, 0xFF, 0x24, 0x5F, 0xFF, 0x6C, 0xDF, 0xFF, 0x4C, 0x3F, 0xF2, 0x4B, 0xFF, 0x26, 0x00,
  0x00, 0x00, 0x00, 0x00, 0x00, 0x00, 0x00, 0x00, 0x00, 0x00, 0x00, 0x00, 0x00, 0x00, 0x00, 0x00,
  0x00, 0x00, 0x00, 0x00, 0x00, 0x00, 0x00, 0x00, 0x00, 0x00, 0x00, 0x00, 0x00, 0x00, 0x00, 0x00,
  0x00, 0x00, 0x00, 0x00, 0x00, 0x00, 0x00, 0x00, 0x00, 0x00, 0x00, 0x00, 0x00, 0x00, 0x00, 0x00,
  0x00, 0x00, 0x00, 0x00, 0x00, 0x00, 0x00, 0x00, 0x00, 0x00, 0x00, 0x00, 0x00, 0x00, 0x00, 0x00,
  0x00, 0x00, 0x00, 0x00, 0x00, 0x00, 0x00, 0x00, 0x00, 0x00, 0x00, 0x00, 0x00, 0x00, 0x00, 0x00,
  0x00, 0x00, 0x00, 0x00, 0x00, 0x00, 0x00, 0x00, 0x00, 0x00, 0x00, 0x00, 0x00, 0x00, 0x00, 0x00,
  0x00, 0x00, 0x00, 0x00, 0x00, 0x00, 0x00, 0x00, 0x00, 0x00, 0x00, 0x00, 0x00, 0x00, 0x00, 0x00,
  0x00, 0x00, 0x00, 0x00, 0x00, 0x00, 0x00, 0x00, 0x00, 0x00, 0x00, 0x00, 0x00, 0x00, 0x00, 0x00,
  0x00, 0x00, 0x00, 0x00, 0x00, 0x00, 0x00, 0x00, 0x00, 0x00, 0x00, 0x00, 0x00, 0x00, 0x00, 0x00,
  0x00, 0x00, 0x00, 0x00, 0x00, 0x00, 0x00, 0x00, 0x00, 0x00, 0x00, 0x00, 0x00, 0x00, 0x00, 0x00,
  0x00, 0x00, 0x00, 0x00, 0x00, 0x00, 0x00, 0x00, 0x00, 0x00, 0x00, 0x00, 0x00, 0x00, 0x00, 0x00,
  0x00, 0x00, 0x00, 0x00, 0x00, 0x00, 0x00, 0x00, 0x00, 0x00, 0x00, 0x00, 0x00, 0x00, 0x00, 0x00,
  0x00, 0x00, 0x00, 0x00, 0x00, 0x00, 0x00, 0x00, 0x00, 0x00, 0x00, 0x00, 0x00, 0x00, 0x00, 0x00,
  0x00, 0x00, 0x00, 0x00, 0x00, 0x00, 0x00, 0x00, 0x00, 0x00, 0x00, 0x00, 0x00, 0x00, 0x00, 0x00,
  0x00, 0x00, 0x00, 0x00, 0x00, 0x00, 0x00, 0x00, 0x00, 0x00, 0x00, 0x00, 0x00, 0x00, 0x00, 0x00,
  0x00, 0x00, 0x00, 0x00, 0x00, 0x00, 0x00, 0x00, 0x00, 0x00, 0x00, 0x00, 0x00, 0x00, 0x00, 0x00,
  0x00, 0x00, 0x00, 0x00, 0x00, 0x00, 0x00, 0x00, 0x00, 0x00, 0x00, 0x00, 0x00, 0x00, 0x00, 0x00,
  0x00, 0x00, 0x00, 0x00, 0x00, 0x00, 0x00, 0x00, 0x00, 0x00, 0x00, 0x00, 0x00, 0x00, 0x00, 0x00,
  0x00, 0x00, 0x00, 0x00, 0x00, 0x00, 0x00, 0x00, 0x00, 0x00, 0x00, 0x00, 0x00, 0x00, 0x00, 0x00,
  0x00, 0x00, 0x00, 0x00, 0x00, 0x00, 0x00, 0x00, 0x00, 0x00, 0x00, 0x00, 0x00, 0x00, 0x00, 0x00,
  0x00, 0x00, 0x00, 0x00, 0x00, 0x00, 0x00, 0x00, 0x00, 0x00, 0x00, 0x00, 0x00, 0x00, 0x00, 0x00,
  0x00, 0x00, 0x00, 0x00, 0x00, 0x00, 0x00, 0x00, 0x00, 0x00, 0x00, 0x00, 0x00, 0x00, 0x00, 0x00,
  0x00, 0x00, 0x00, 0x00, 0x00, 0x00, 0x00, 0x00, 0x00, 0x00, 0x00, 0x00, 0x00, 0x00, 0x00, 0x00,
  0x00, 0x00, 0x00, 0x00, 0x00, 0x00, 0x00, 0x00, 0x00, 0x00, 0x00, 0x00, 0xFF, 0xFF, 0x01, 0x4F,
  0xDF, 0xAD, 0x97, 0xDF, 0xFF, 0x97, 0xFF, 0xFF, 0x3F, 0xBF, 0xFF, 0x2F, 0x1D, 0xFF, 0x26, 0x9B,
  0xFF, 0x16, 0x3B, 0xFF, 0x15, 0xDC, 0xF5, 0x25, 0xDC, 0x54, 0x6E, 0xDF, 0x0E, 0x6F, 0x7F, 0xA7,
  0x9F, 0x9F, 0xFE, 0x8F, 0x1F, 0xFF, 0x44, 0xDA, 0xFF, 0x22, 0x6F, 0xFF, 0x42, 0x8C, 0xFF, 0x73,
  0xAF, 0xFF, 0x5A, 0xEC, 0xFF, 0x19, 0x04, 0xFF, 0x00, 0x20, 0xFF, 0x00, 0x00, 0xFF, 0x00, 0x20,
  0xFF, 0x00, 0x20, 0xFF, 0x00, 0x00, 0xFF, 0x00, 0x00, 0xFF, 0x00, 0x00, 0xFF, 0x00, 0x20, 0xFF,
  0x00, 0x20, 0xFF, 0x00, 0x20, 0xFF, 0x00, 0x20, 0xFF, 0x08, 0x41, 0xFF, 0x21, 0x04, 0xFF, 0x39,
  0xE9, 0xFF, 0x42, 0x71, 0xFF, 0x6C, 0x1D, 0xFF, 0x8C, 0x9F, 0xFF, 0x8C, 0x9F, 0xFF, 0x8C, 0x5F,
  0xC3, 0x8C, 0x5E, 0x18, 0x42, 0xBD, 0x1E, 0x22, 0x7E, 0xD6, 0x23, 0x3F, 0xFF, 0x1B, 0xFF, 0xFF,
  0x14, 0x1F, 0xFF, 0x1C, 0x1F, 0xFF, 0x44, 0x5F, 0xFF, 0x6C, 0xBF, 0xFF, 0x3B, 0xFF, 0x91, 0x00,
  0x00, 0x00, 0x00, 0x00, 0x00, 0x00, 0x00, 0x00, 0x00, 0x00, 0x00, 0x00, 0x00, 0x00, 0x00, 0x00,
  0x00, 0x00, 0x00, 0x00, 0x00, 0x00, 0x00, 0x00, 0x00, 0x00, 0x00, 0x00, 0x00, 0x00, 0x00, 0x00,
  0x00, 0x00, 0x00, 0x00, 0x00, 0x00, 0x00, 0x00, 0x00, 0x00, 0x00, 0x00, 0x00, 0x00, 0x00, 0x00,
  0x00, 0x00, 0x00, 0x00, 0x00, 0x00, 0x00, 0x00, 0x00, 0x00, 0x00, 0x00, 0x00, 0x00, 0x00, 0x00,
  0x00, 0x00, 0x00, 0x00, 0x00, 0x00, 0x00, 0x00, 0x00, 0x00, 0x00, 0x00, 0x00, 0x00, 0x00, 0x00,
  0x00, 0x00, 0x00, 0x00, 0x00, 0x00, 0x00, 0x00, 0x00, 0x00, 0x00, 0x00, 0x00, 0x00, 0x00, 0x00,
  0x00, 0x00, 0x00, 0x00, 0x00, 0x00, 0x00, 0x00, 0x00, 0x00, 0x00, 0x00, 0x00, 0x00, 0x00, 0x00,
  0x00, 0x00, 0x00, 0x00, 0x00, 0x00, 0x00, 0x00, 0x00, 0x00, 0x00, 0x00, 0x00, 0x00, 0x00, 0x00,
  0x00, 0x00, 0x00, 0x00, 0x00, 0x00, 0x00, 0x00, 0x00, 0x00, 0x00, 0x00, 0x00, 0x00, 0x00, 0x00,
  0x00, 0x00, 0x00, 0x00, 0x00, 0x00, 0x00, 0x00, 0x00, 0x00, 0x00, 0x00, 0x00, 0x00, 0x00, 0x00,
  0x00, 0x00, 0x00, 0x00, 0x00, 0x00, 0x00, 0x00, 0x00, 0x00, 0x00, 0x00, 0x00, 0x00, 0x00, 0x00,
  0x00, 0x00, 0x00, 0x00, 0x00, 0x00, 0x00, 0x00, 0x00, 0x00, 0x00, 0x00, 0x00, 0x00, 0x00, 0x00,
  0x00, 0x00, 0x00, 0x00, 0x00, 0x00, 0x00, 0x00, 0x00, 0x00, 0x00, 0x00, 0x00, 0x00, 0x00, 0x00,
  0x00, 0x00, 0x00, 0x00, 0x00, 0x00, 0x00, 0x00, 0x00, 0x00, 0x00, 0x00, 0x00, 0x00, 0x00, 0x00,
  0x00, 0x00, 0x00, 0x00, 0x00, 0x00, 0x00, 0x00, 0x00, 0x00, 0x00, 0x00, 0x00, 0x00, 0x00, 0x00,
  0x00, 0x00, 0x00, 0x00, 0x00, 0x00, 0x00, 0x00, 0x00, 0x00, 0x00, 0x00, 0x00, 0x00, 0x00, 0x00,
  0x00, 0x00, 0x00, 0x00, 0x00, 0x00, 0x00, 0x00, 0x00, 0x00, 0x00, 0x00, 0x00, 0x00, 0x00, 0x00,
  0x00, 0x00, 0x00, 0x00, 0x00, 0x00, 0x00, 0x00, 0x00, 0x00, 0x00, 0x00, 0x00, 0x00, 0x00, 0x00,
  0x00, 0x00, 0x00, 0x00, 0x00, 0x00, 0x00, 0x00, 0x00, 0x00, 0x00, 0x00, 0x00, 0x00, 0x00, 0x00,
  0x00, 0x00, 0x00, 0x00, 0x00, 0x00, 0x00, 0x00, 0x00, 0x00, 0x00, 0x00, 0x00, 0x00, 0x00, 0x00,
  0x00, 0x00, 0x00, 0x00, 0x00, 0x00, 0x00, 0x00, 0x00, 0x00, 0x00, 0x00, 0x00, 0x00, 0x00, 0x00,
  0x00, 0x00, 0x00, 0x00, 0x00, 0x00, 0x00, 0x00, 0x00, 0x00, 0x00, 0x00, 0x00, 0x00, 0x00, 0x00,
  0x00, 0x00, 0x00, 0x00, 0x00, 0x00, 0x00, 0x00, 0x00, 0x00, 0x00, 0x00, 0x00, 0x00, 0x00, 0x00,
  0x00, 0x00, 0x00, 0x00, 0x00, 0x00, 0x00, 0x00, 0x00, 0x00, 0x00, 0x00, 0x4F, 0x5D, 0x0D, 0x47,
  0xDF, 0xE9, 0x9F, 0xFF, 0xFF, 0x67, 0xDF, 0xFF, 0x2F, 0x5E, 0xFF, 0x26, 0xBC, 0xFF, 0x1E, 0x5B,
  0xFF, 0x0D, 0xBC, 0xF9, 0x1D, 0x7B, 0x5D, 0x66, 0xBD, 0x0D, 0x67, 0x5F, 0xB6, 0xA7, 0xBF, 0xFE,
  0x96, 0xFF, 0xFF, 0x44, 0x58, 0xFF, 0x21, 0xEB, 0xFF, 0x63, 0x4E, 0xFF, 0x6B, 0x4D, 0xFF, 0x29,
  0x45, 0xFF, 0x00, 0x20, 0xFF, 0x00, 0x00, 0xFF, 0x00, 0x00, 0xFF, 0x00, 0x00, 0xFF, 0x00, 0x00,
  0xFF, 0x00, 0x00, 0xFF, 0x00, 0x00, 0xFF, 0x00, 0x00, 0xFF, 0x00, 0x00, 0xFF, 0x00, 0x00, 0xFF,
  0x00, 0x00, 0xFF, 0x00, 0x00, 0xFF, 0x00, 0x00, 0xFF, 0x00, 0x00, 0xFF, 0x00, 0x20, 0xFF, 0x08,
  0x41, 0xFF, 0x18, 0xC3, 0xFF, 0x19, 0x09, 0xFF, 0x53, 0x19, 0xFF, 0x84, 0x3F, 0xFF, 0x94, 0x9F,
  0xFF, 0x83, 0xFF, 0xCF, 0x73, 0x5D, 0x1A, 0x42, 0xBE, 0x27, 0x22, 0x5F, 0xE8, 0x1B, 0x5F, 0xFF,
  0x1B, 0xFF, 0xFF, 0x1C, 0x1F, 0xFF, 0x24, 0x1F, 0xFF, 0x7C, 0xDF, 0xFF, 0x43, 0xFF, 0xDE, 0x53,
  0x9C, 0x09, 0x00, 0x00, 0x00, 0x00, 0x00, 0x00, 0x00, 0x00, 0x00, 0x00, 0x00, 0x00, 0x00, 0x00,
  0x00, 0x00, 0x00, 0x00, 0x00, 0x00, 0x00, 0x00, 0x00, 0x00, 0x00, 0x00, 0x00, 0x00, 0x00, 0x00,
  0x00, 0x00, 0x00, 0x00, 0x00, 0x00, 0x00, 0x00, 0x00, 0x00, 0x00, 0x00, 0x00, 0x00, 0x00, 0x00,
  0x00, 0x00, 0x00, 0x00, 0x00, 0x00, 0x00, 0x00, 0x00, 0x00, 0x00, 0x00, 0x00, 0x00, 0x00, 0x00,
  0x00, 0x00, 0x00, 0x00, 0x00, 0x00, 0x00, 0x00, 0x00, 0x00, 0x00, 0x00, 0x00, 0x00, 0x00, 0x00,
  0x00, 0x00, 0x00, 0x00, 0x00, 0x00, 0x00, 0x00, 0x00, 0x00, 0x00, 0x00, 0x00, 0x00, 0x00, 0x00,
  0x00, 0x00, 0x00, 0x00, 0x00, 0x00, 0x00, 0x00, 0x00, 0x00, 0x00, 0x00, 0x00, 0x00, 0x00, 0x00,
  0x00, 0x00, 0x00, 0x00, 0x00, 0x00, 0x00, 0x00, 0x00, 0x00, 0x00, 0x00, 0x00, 0x00, 0x00, 0x00,
  0x00, 0x00, 0x00, 0x00, 0x00, 0x00, 0x00, 0x00, 0x00, 0x00, 0x00, 0x00, 0x00, 0x00, 0x00, 0x00,
  0x00, 0x00, 0x00, 0x00, 0x00, 0x00, 0x00, 0x00, 0x00, 0x00, 0x00, 0x00, 0x00, 0x00, 0x00, 0x00,
  0x00, 0x00, 0x00, 0x00, 0x00, 0x00, 0x00, 0x00, 0x00, 0x00, 0x00, 0x00, 0x00, 0x00, 0x00, 0x00,
  0x00, 0x00, 0x00, 0x00, 0x00, 0x00, 0x00, 0x00, 0x00, 0x00, 0x00, 0x00, 0x00, 0x00, 0x00, 0x00,
  0x00, 0x00, 0x00, 0x00, 0x00, 0x00, 0x00, 0x00, 0x00, 0x00, 0x00, 0x00, 0x00, 0x00, 0x00, 0x00,
  0x00, 0x00, 0x00, 0x00, 0x00, 0x00, 0x00, 0x00, 0x00, 0x00, 0x00, 0x00, 0x00, 0x00, 0x00, 0x00,
  0x00, 0x00, 0x00, 0x00, 0x00, 0x00, 0x00, 0x00, 0x00, 0x00, 0x00, 0x00, 0x00, 0x00, 0x00, 0x00,
  0x00, 0x00, 0x00, 0x00, 0x00, 0x00, 0x00, 0x00, 0x00, 0x00, 0x00, 0x00, 0x00, 0x00, 0x00, 0x00,
  0x00, 0x00, 0x00, 0x00, 0x00, 0x00, 0x00, 0x00, 0x00, 0x00, 0x00, 0x00, 0x00, 0x00, 0x00, 0x00,
  0x00, 0x00, 0x00, 0x00, 0x00, 0x00, 0x00, 0x00, 0x00, 0x00, 0x00, 0x00, 0x00, 0x00, 0x00, 0x00,
  0x00, 0x00, 0x00, 0x00, 0x00, 0x00, 0x00, 0x00, 0x00, 0x00, 0x00, 0x00, 0x00, 0x00, 0x00, 0x00,
  0x00, 0x00, 0x00, 0x00, 0x00, 0x00, 0x00, 0x00, 0x00, 0x00, 0x00, 0x00, 0x00, 0x00, 0x00, 0x00,
  0x00, 0x00, 0x00, 0x00, 0x00, 0x00, 0x00, 0x00, 0x00, 0x00, 0x00, 0x00, 0x00, 0x00, 0x00, 0x00,
  0x00, 0x00, 0x00, 0x00, 0x00, 0x00, 0x00, 0x00, 0x00, 0x00, 0x00, 0x00, 0x00, 0x00, 0x00, 0x00,
  0x00, 0x00, 0x00, 0x00, 0x00, 0x00, 0x00, 0x00, 0x00, 0x00, 0x00, 0x00, 0x00, 0x00, 0x00, 0x00,
  0x00, 0x00, 0x00, 0x00, 0x00, 0x00, 0x00, 0x00, 0x00, 0x00, 0x00, 0x00, 0x5F, 0x9E, 0x17, 0x4F,
  0xDF, 0xF4, 0x7F, 0xDF, 0xFF, 0x2F, 0x7F, 0xFF, 0x26, 0xDC, 0xFF, 0x1E, 0x5B, 0xFF, 0x0D, 0xDC,
  0xFE, 0x1D, 0x9C, 0x89, 0x56, 0xBF, 0x06, 0x67, 0x3F, 0x9E, 0x9F, 0xBF, 0xFE, 0x86, 0xDE, 0xFF,
  0x3B, 0xF6, 0xFF, 0x32, 0x4B, 0xFF, 0x73, 0xAF, 0xFF, 0x4A, 0x6A, 0xFF, 0x08, 0x61, 0xFF, 0x00,
  0x00, 0xFF, 0x00, 0x00, 0xFF, 0x00, 0x00, 0xFF, 0x00, 0x00, 0xFF, 0x00, 0x00, 0xFF, 0x00, 0x00,
  0xFF, 0x00, 0x00, 0xFF, 0x00, 0x00, 0xFF, 0x00, 0x00, 0xFF, 0x00, 0x00, 0xFF, 0x00, 0x00, 0xFF,
  0x00, 0x00, 0xFF, 0x00, 0x00, 0xFF, 0x00, 0x00, 0xFF, 0x00, 0x00, 0xFF, 0x00, 0x00, 0xFF, 0x00,
  0x00, 0xFF, 0x00, 0x20, 0xFF, 0x00, 0x20, 0xFF, 0x10, 0xC6, 0xFF, 0x52, 0xF9, 0xFF, 0x8C, 0x5F,
  0xFF, 0x94, 0x5F, 0xFF, 0x83, 0xBE, 0xBE, 0x8B, 0x9C, 0x0B, 0x3A, 0x5D, 0x51, 0x22, 0x9F, 0xFA,
  0x23, 0xBF, 0xFF, 0x1B, 0xFF, 0xFF, 0x13, 0xBF, 0xFF, 0x5C, 0x3F, 0xFF, 0x43, 0xBF, 0xF7, 0x43,
  0xBD, 0x1E, 0x00, 0x00, 0x00, 0x00, 0x00, 0x00, 0x00, 0x00, 0x00, 0x00, 0x00, 0x00, 0x00, 0x00,
  0x00, 0x00, 0x00, 0x00, 0x00, 0x00, 0x00, 0x00, 0x00, 0x00, 0x00, 0x00, 0x00, 0x00, 0x00, 0x00,
  0x00, 0x00, 0x00, 0x00, 0x00, 0x00, 0x00, 0x00, 0x00, 0x00, 0x00, 0x00, 0x00, 0x00, 0x00, 0x00,
  0x00, 0x00, 0x00, 0x00, 0x00, 0x00, 0x00, 0x00, 0x00, 0x00, 0x00, 0x00, 0x00, 0x00, 0x00, 0x00,
  0x00, 0x00, 0x00, 0x00, 0x00, 0x00, 0x00, 0x00, 0x00, 0x00, 0x00, 0x00, 0x00, 0x00, 0x00, 0x00,
  0x00, 0x00, 0x00, 0x00, 0x00, 0x00, 0x00, 0x00, 0x00, 0x00, 0x00, 0x00, 0x00, 0x00, 0x00, 0x00,
  0x00, 0x00, 0x00, 0x00, 0x00, 0x00, 0x00, 0x00, 0x00, 0x00, 0x00, 0x00, 0x00, 0x00, 0x00, 0x00,
  0x00, 0x00, 0x00, 0x00, 0x00, 0x00, 0x00, 0x00, 0x00, 0x00, 0x00, 0x00, 0x00, 0x00, 0x00, 0x00,
  0x00, 0x00, 0x00, 0x00, 0x00, 0x00, 0x00, 0x00, 0x00, 0x00, 0x00, 0x00, 0x00, 0x00, 0x00, 0x00,
  0x00, 0x00, 0x00, 0x00, 0x00, 0x00, 0x00, 0x00, 0x00, 0x00, 0x00, 0x00, 0x00, 0x00, 0x00, 0x00,
  0x00, 0x00, 0x00, 0x00, 0x00, 0x00, 0x00, 0x00, 0x00, 0x00, 0x00, 0x00, 0x00, 0x00, 0x00, 0x00,
  0x00, 0x00, 0x00, 0x00, 0x00, 0x00, 0x00, 0x00, 0x00, 0x00, 0x00, 0x00, 0x00, 0x00, 0x00, 0x00,
  0x00, 0x00, 0x00, 0x00, 0x00, 0x00, 0x00, 0x00, 0x00, 0x00, 0x00, 0x00, 0x00, 0x00, 0x00, 0x00,
  0x00, 0x00, 0x00, 0x00, 0x00, 0x00, 0x00, 0x00, 0x00, 0x00, 0x00, 0x00, 0x00, 0x00, 0x00, 0x00,
  0x00, 0x00, 0x00, 0x00, 0x00, 0x00, 0x00, 0x00, 0x00, 0x00, 0x00, 0x00, 0x00, 0x00, 0x00, 0x00,
  0x00, 0x00, 0x00, 0x00, 0x00, 0x00, 0x00, 0x00, 0x00, 0x00, 0x00, 0x00, 0x00, 0x00, 0x00, 0x00,
  0x00, 0x00, 0x00, 0x00, 0x00, 0x00, 0x00, 0x00, 0x00, 0x00, 0x00, 0x00, 0x00, 0x00, 0x00, 0x00,
  0x00, 0x00, 0x00, 0x00, 0x00, 0x00, 0x00, 0x00, 0x00, 0x00, 0x00, 0x00, 0x00, 0x00, 0x00, 0x00,
  0x00, 0x00, 0x00, 0x00, 0x00, 0x00, 0x00, 0x00, 0x00, 0x00, 0x00, 0x00, 0x00, 0x00, 0x00, 0x00,
  0x00, 0x00, 0x00, 0x00, 0x00, 0x00, 0x00, 0x00, 0x00, 0x00, 0x00, 0x00, 0x00, 0x00, 0x00, 0x00,
  0x00, 0x00, 0x00, 0x00, 0x00, 0x00, 0x00, 0x00, 0x00, 0x00, 0x00, 0x00, 0x00, 0x00, 0x00, 0x00,
  0x00, 0x00, 0x00, 0x00, 0x00, 0x00, 0x00, 0x00, 0x00, 0x00, 0x00, 0x00, 0x00, 0x00, 0x00, 0x00,
  0x00, 0x00, 0x00, 0x00, 0x00, 0x00, 0x00, 0x00, 0x00, 0x00, 0x00, 0x00, 0x00, 0x00, 0x00, 0x00,
  0x00, 0x00, 0x00, 0x00, 0x00, 0x00, 0x00, 0x00, 0x00, 0x00, 0x00, 0x00, 0x4F, 0xFF, 0x0A, 0x37,
  0x9F, 0xE2, 0x37, 0x9F, 0xFF, 0x2F, 0x3E, 0xFF, 0x26, 0x9B, 0xFF, 0x16, 0x1C, 0xFF, 0x0D, 0x9C,
  0xD1, 0x25, 0x9A, 0x0D, 0x5E, 0xFF, 0x6B, 0x8F, 0x7F, 0xFC, 0x97, 0x1F, 0xFF, 0x44, 0x58, 0xFF,
  0x3A, 0x8C, 0xFF, 0x73, 0xAE, 0xFF, 0x42, 0x08, 0xFF, 0x00, 0x20, 0xFF, 0x00, 0x00, 0xFF, 0x00,
  0x00, 0xFF, 0x00, 0x00, 0xFF, 0x00, 0x00, 0xFF, 0x00, 0x00, 0xFF, 0x00, 0x00, 0xFF, 0x00, 0x00,
  0xFF, 0x00, 0x00, 0xFF, 0x00, 0x00, 0xFF, 0x00, 0x00, 0xFF, 0x00, 0x00, 0xFF, 0x00, 0x00, 0xFF,
  0x00, 0x00, 0xFF, 0x00, 0x00, 0xFF, 0x00, 0x00, 0xFF, 0x00, 0x00, 0xFF, 0x00, 0x00, 0xFF, 0x00,
  0x00, 0xFF, 0x00, 0x00, 0xFF, 0x00, 0x00, 0xFF, 0x08, 0x61, 0xFF, 0x18, 0xC6, 0xFF, 0x52, 0xD9,
  0xFF, 0x8C, 0x3F, 0xFF, 0xA4, 0x5F, 0xFE, 0x83, 0x3D, 0x8E, 0x63, 0x39, 0x05, 0x3A, 0x5E, 0x9F,
  0x22, 0xDF, 0xFF, 0x23, 0xBF, 0xFF, 0x1B, 0x9F, 0xFF, 0x43, 0xFF, 0xFF, 0x4B, 0xDE, 0xFC, 0x3B,
  0x9D, 0x2D, 0x00, 0x00, 0x00, 0x00, 0x00, 0x00, 0x00, 0x00, 0x00, 0x00, 0x00, 0x00, 0x00, 0x00,
  0x00, 0x00, 0x00, 0x00, 0x00, 0x00, 0x00, 0x00, 0x00, 0x00, 0x00, 0x00, 0x00, 0x00, 0x00, 0x00,
  0x00, 0x00, 0x00, 0x00, 0x00, 0x00, 0x00, 0x00, 0x00, 0x00, 0x00, 0x00, 0x00, 0x00, 0x00, 0x00,
  0x00, 0x00, 0x00, 0x00, 0x00, 0x00, 0x00, 0x00, 0x00, 0x00, 0x00, 0x00, 0x00, 0x00, 0x00, 0x00,
  0x00, 0x00, 0x00, 0x00, 0x00, 0x00, 0x00, 0x00, 0x00, 0x00, 0x00, 0x00, 0x00, 0x00, 0x00, 0x00,
  0x00, 0x00, 0x00, 0x00, 0x00, 0x00, 0x00, 0x00, 0x00, 0x00, 0x00, 0x00, 0x00, 0x00, 0x00, 0x00,
  0x00, 0x00, 0x00, 0x00, 0x00, 0x00, 0x00, 0x00, 0x00, 0x00, 0x00, 0x00, 0x00, 0x00, 0x00, 0x00,
  0x00, 0x00, 0x00, 0x00, 0x00, 0x00, 0x00, 0x00, 0x00, 0x00, 0x00, 0x00, 0x00, 0x00, 0x00, 0x00,
  0x00, 0x00, 0x00, 0x00, 0x00, 0x00, 0x00, 0x00, 0x00, 0x00, 0x00, 0x00, 0x00, 0x00, 0x00, 0x00,
  0x00, 0x00, 0x00, 0x00, 0x00, 0x00, 0x00, 0x00, 0x00, 0x00, 0x00, 0x00, 0x00, 0x00, 0x00, 0x00,
  0x00, 0x00, 0x00, 0x00, 0x00, 0x00, 0x00, 0x00, 0x00, 0x00, 0x00, 0x00, 0x00, 0x00, 0x00, 0x00,
  0x00, 0x00, 0x00, 0x00, 0x00, 0x00, 0x00, 0x00, 0x00, 0x00, 0x00, 0x00, 0x00, 0x00, 0x00, 0x00,
  0x00, 0x00, 0x00, 0x00, 0x00, 0x00, 0x00, 0x00, 0x00, 0x00, 0x00, 0x00, 0x00, 0x00, 0x00, 0x00,
  0x00, 0x00, 0x00, 0x00, 0x00, 0x00, 0x00, 0x00, 0x00, 0x00, 0x00, 0x00, 0x00, 0x00, 0x00, 0x00,
  0x00, 0x00, 0x00, 0x00, 0x00, 0x00, 0x00, 0x00, 0x00, 0x00, 0x00, 0x00, 0x00, 0x00, 0x00, 0x00,
  0x00, 0x00, 0x00, 0x00, 0x00, 0x00, 0x00, 0x00, 0x00, 0x00, 0x00, 0x00, 0x00, 0x00, 0x00, 0x00,
  0x00, 0x00, 0x00, 0x00, 0x00, 0x00, 0x00, 0x00, 0x00, 0x00, 0x00, 0x00, 0x00, 0x00, 0x00, 0x00,
  0x00, 0x00, 0x00, 0x00, 0x00, 0x00, 0x00, 0x00, 0x00, 0x00, 0x00, 0x00, 0x00, 0x00, 0x00, 0x00,
  0x00, 0x00, 0x00, 0x00, 0x00, 0x00, 0x00, 0x00, 0x00, 0x00, 0x00, 0x00, 0x00, 0x00, 0x00, 0x00,
  0x00, 0x00, 0x00, 0x00, 0x00, 0x00, 0x00, 0x00, 0x00, 0x00, 0x00, 0x00, 0x00, 0x00, 0x00, 0x00,
  0x00, 0x00, 0x00, 0x00, 0x00, 0x00, 0x00, 0x00, 0x00, 0x00, 0x00, 0x00, 0x00, 0x00, 0x00, 0x00,
  0x00, 0x00, 0x00, 0x00, 0x00, 0x00, 0x00, 0x00, 0x00, 0x00, 0x00, 0x00, 0x00, 0x00, 0x00, 0x00,
  0x00, 0x00, 0x00, 0x00, 0x00, 0x00, 0x00, 0x00, 0x00, 0x00, 0x00, 0x00, 0x00, 0x00, 0x00, 0x00,
  0x00, 0x00, 0x00, 0x00, 0x00, 0x00, 0x00, 0x00, 0x00, 0x00, 0x00, 0x00, 0x00, 0x00, 0x00, 0x3F,
  0x5E, 0x76, 0x37, 0x3D, 0xFD, 0x2E, 0xBC, 0xFF, 0x16, 0x1B, 0xFF, 0x0D, 0x9C, 0xF9, 0x1D, 0x5C,
  0x43, 0x5E, 0xFF, 0x26, 0x77, 0x3F, 0xEF, 0x9F, 0x7F, 0xFF, 0x44, 0xB9, 0xFF, 0x32, 0x2B, 0xFF,
  0x7B, 0xEF, 0xFF, 0x42, 0x08, 0xFF, 0x00, 0x20, 0xFF, 0x00, 0x00, 0xFF, 0x00, 0x00, 0xFF, 0x00,
  0x00, 0xFF, 0x00, 0x00, 0xFF, 0x00, 0x00, 0xFF, 0x00, 0x00, 0xFF, 0x00, 0x00, 0xFF, 0x00, 0x00,
  0xFF, 0x00, 0x00, 0xFF, 0x00, 0x00, 0xFF, 0x00, 0x00, 0xFF, 0x00, 0x00, 0xFF, 0x00, 0x00, 0xFF,
  0x00, 0x00, 0xFF, 0x00, 0x00, 0xFF, 0x00, 0x00, 0xFF, 0x00, 0x00, 0xFF, 0x00, 0x00, 0xFF, 0x00,
  0x00, 0xFF, 0x00, 0x00, 0xFF, 0x00, 0x00, 0xFF, 0x00, 0x20, 0xFF, 0x29, 0x04, 0xFF, 0x21, 0x08,
  0xFF, 0x6B, 0x7C, 0xFF, 0xA4, 0x9F, 0xFF, 0x9B, 0xBF, 0xF9, 0x83, 0x1D, 0x45, 0x4A, 0x9C, 0x1C,
  0x21, 0xFF, 0xEB, 0x2B, 0x1F, 0xFF, 0x23, 0x3F, 0xFF, 0x23, 0x1E, 0xFF, 0x2B, 0x1D, 0xF2, 0x43,
  0x9C, 0x19, 0x00, 0x00, 0x00, 0x00, 0x00, 0x00, 0x00, 0x00, 0x00, 0x00, 0x00, 0x00, 0x00, 0x00,
  0x00, 0x00, 0x00, 0x00, 0x00, 0x00, 0x00, 0x00, 0x00, 0x00, 0x00, 0x00, 0x00, 0x00, 0x00, 0x00,
  0x00, 0x00, 0x00, 0x00, 0x00, 0x00, 0x00, 0x00, 0x00, 0x00, 0x00, 0x00, 0x00, 0x00, 0x00, 0x00,
  0x00, 0x00, 0x00, 0x00, 0x00, 0x00, 0x00, 0x00, 0x00, 0x00, 0x00, 0x00, 0x00, 0x00, 0x00, 0x00,
  0x00, 0x00, 0x00, 0x00, 0x00, 0x00, 0x00, 0x00, 0x00, 0x00, 0x00, 0x00, 0x00, 0x00, 0x00, 0x00,
  0x00, 0x00, 0x00, 0x00, 0x00, 0x00, 0x00, 0x00, 0x00, 0x00, 0x00, 0x00, 0x00, 0x00, 0x00, 0x00,
  0x00, 0x00, 0x00, 0x00, 0x00, 0x00, 0x00, 0x00, 0x00, 0x00, 0x00, 0x00, 0x00, 0x00, 0x00, 0x00,
  0x00, 0x00, 0x00, 0x00, 0x00, 0x00, 0x00, 0x00, 0x00, 0x00, 0x00, 0x00, 0x00, 0x00, 0x00, 0x00,
  0x00, 0x00, 0x00, 0x00, 0x00, 0x00, 0x00, 0x00, 0x00, 0x00, 0x00, 0x00, 0x00, 0x00, 0x00, 0x00,
  0x00, 0x00, 0x00, 0x00, 0x00, 0x00, 0x00, 0x00, 0x00, 0x00, 0x00, 0x00, 0x00, 0x00, 0x00, 0x00,
  0x00, 0x00, 0x00, 0x00, 0x00, 0x00, 0x00, 0x00, 0x00, 0x00, 0x00, 0x00, 0x00, 0x00, 0x00, 0x00,
  0x00, 0x00, 0x00, 0x00, 0x00, 0x00, 0x00, 0x00, 0x00, 0x00, 0x00, 0x00, 0x00, 0x00, 0x00, 0x00,
  0x00, 0x00, 0x00, 0x00, 0x00, 0x00, 0x00, 0x00, 0x00, 0x00, 0x00, 0x00, 0x00, 0x00, 0x00, 0x00,
  0x00, 0x00, 0x00, 0x00, 0x00, 0x00, 0x00, 0x00, 0x00, 0x00, 0x00, 0x00, 0x00, 0x00, 0x00, 0x00,
  0x00, 0x00, 0x00, 0x00, 0x00, 0x00, 0x00, 0x00, 0x00, 0x00, 0x00, 0x00, 0x00, 0x00, 0x00, 0x00,
  0x00, 0x00, 0x00, 0x00, 0x00, 0x00, 0x00, 0x00, 0x00, 0x00, 0x00, 0x00, 0x00, 0x00, 0x00, 0x00,
  0x00, 0x00, 0x00, 0x00, 0x00, 0x00, 0x00, 0x00, 0x00, 0x00, 0x00, 0x00, 0x00, 0x00, 0x00, 0x00,
  0x00, 0x00, 0x00, 0x00, 0x00, 0x00, 0x00, 0x00, 0x00, 0x00, 0x00, 0x00, 0x00, 0x00, 0x00, 0x00,
  0x00, 0x00, 0x00, 0x00, 0x00, 0x00, 0x00, 0x00, 0x00, 0x00, 0x00, 0x00, 0x00, 0x00, 0x00, 0x00,
  0x00, 0x00, 0x00, 0x00, 0x00, 0x00, 0x00, 0x00, 0x00, 0x00, 0x00, 0x00, 0x00, 0x00, 0x00, 0x00,
  0x00, 0x00, 0x00, 0x00, 0x00, 0x00, 0x00, 0x00, 0x00, 0x00, 0x00, 0x00, 0x00, 0x00, 0x00, 0x00,
  0x00, 0x00, 0x00, 0x00, 0x00, 0x00, 0x00, 0x00, 0x00, 0x00, 0x00, 0x00, 0x00, 0x00, 0x00, 0x00,
  0x00, 0x00, 0x00, 0x00, 0x00, 0x00, 0x00, 0x00, 0x00, 0x00, 0x00, 0x00, 0x00, 0x00, 0x00, 0x00,
  0x00, 0x00, 0x00, 0x00, 0x00, 0x00, 0x00, 0x00, 0x00, 0x00, 0x00, 0x00, 0x00, 0x00, 0x00, 0x57,
  0xFF, 0x06, 0x2E, 0xBC, 0x7F, 0x1E, 0x5C, 0xDF, 0x0D, 0xDC, 0xDD, 0x1D, 0x7B, 0x66, 0x7D, 0xFF,
  0x04, 0x77, 0x1F, 0xA8, 0xAF, 0xBF, 0xFF, 0x6D, 0xFD, 0xFF, 0x2A, 0x6E, 0xFF, 0x6B, 0x8E, 0xFF,
  0x52, 0x8A, 0xFF, 0x00, 0x20, 0xFF, 0x00, 0x00, 0xFF, 0x00, 0x00, 0xFF, 0x00, 0x00, 0xFF, 0x00,
  0x00, 0xFF, 0x00, 0x00, 0xFF, 0x00, 0x00, 0xFF, 0x00, 0x00, 0xFF, 0x00, 0x00, 0xFF, 0x00, 0x00,
  0xFF, 0x00, 0x00, 0xFF, 0x00, 0x00, 0xFF, 0x00, 0x00, 0xFF, 0x00, 0x00, 0xFF, 0x00, 0x00, 0xFF,
  0x00, 0x00, 0xFF, 0x00, 0x00, 0xFF, 0x00, 0x00, 0xFF, 0x00, 0x00, 0xFF, 0x00, 0x00, 0xFF, 0x00,
  0x00, 0xFF, 0x00, 0x00, 0xFF, 0x00, 0x00, 0xFF, 0x00, 0x00, 0xFF, 0x00, 0x20, 0xFF, 0x39, 0xA6,
  0xFF, 0x31, 0x8D, 0xFF, 0x83, 0xBE, 0xFF, 0xB4, 0x5F, 0xFF, 0x8B, 0x1E, 0xD1, 0x8A, 0xFC, 0x0B,
  0x39, 0xFE, 0x71, 0x2A, 0x1F, 0xFC, 0x2A, 0x5E, 0xFF, 0x3A, 0x3C, 0xFE, 0x3A, 0xBC, 0xA0, 0x7B,
  0xFF, 0x02, 0x00, 0x00, 0x00, 0x00, 0x00, 0x00, 0x00, 0x00, 0x00, 0x00, 0x00, 0x00, 0x00, 0x00,
  0x00, 0x00, 0x00, 0x00, 0x00, 0x00, 0x00, 0x00, 0x00, 0x00, 0x00, 0x00, 0x00, 0x00, 0x00, 0x00,
  0x00, 0x00, 0x00, 0x00, 0x00, 0x00, 0x00, 0x00, 0x00, 0x00, 0x00, 0x00, 0x00, 0x00, 0x00, 0x00,
  0x00, 0x00, 0x00, 0x00, 0x00, 0x00, 0x00, 0x00, 0x00, 0x00, 0x00, 0x00, 0x00, 0x00, 0x00, 0x00,
  0x00, 0x00, 0x00, 0x00, 0x00, 0x00, 0x00, 0x00, 0x00, 0x00, 0x00, 0x00, 0x00, 0x00, 0x00, 0x00,
  0x00, 0x00, 0x00, 0x00, 0x00, 0x00, 0x00, 0x00, 0x00, 0x00, 0x00, 0x00, 0x00, 0x00, 0x00, 0x00,
  0x00, 0x00, 0x00, 0x00, 0x00, 0x00, 0x00, 0x00, 0x00, 0x00, 0x00, 0x00, 0x00, 0x00, 0x00, 0x00,
  0x00, 0x00, 0x00, 0x00, 0x00, 0x00, 0x00, 0x00, 0x00, 0x00, 0x00, 0x00, 0x00, 0x00, 0x00, 0x00,
  0x00, 0x00, 0x00, 0x00, 0x00, 0x00, 0x00, 0x00, 0x00, 0x00, 0x00, 0x00, 0x00, 0x00, 0x00, 0x00,
  0x00, 0x00, 0x00, 0x00, 0x00, 0x00, 0x00, 0x00, 0x00, 0x00, 0x00, 0x00, 0x00, 0x00, 0x00, 0x00,
  0x00, 0x00, 0x00, 0x00, 0x00, 0x00, 0x00, 0x00, 0x00, 0x00, 0x00, 0x00, 0x00, 0x00, 0x00, 0x00,
  0x00, 0x00, 0x00, 0x00, 0x00, 0x00, 0x00, 0x00, 0x00, 0x00, 0x00, 0x00, 0x00, 0x00, 0x00, 0x00,
  0x00, 0x00, 0x00, 0x00, 0x00, 0x00, 0x00, 0x00, 0x00, 0x00, 0x00, 0x00, 0x00, 0x00, 0x00, 0x00,
  0x00, 0x00, 0x00, 0x00, 0x00, 0x00, 0x00, 0x00, 0x00, 0x00, 0x00, 0x00, 0x00, 0x00, 0x00, 0x00,
  0x00, 0x00, 0x00, 0x00, 0x00, 0x00, 0x00, 0x00, 0x00, 0x00, 0x00, 0x00, 0x00, 0x00, 0x00, 0x00,
  0x00, 0x00, 0x00, 0x00, 0x00, 0x00, 0x00, 0x00, 0x00, 0x00, 0x00, 0x00, 0x00, 0x00, 0x00, 0x00,
  0x00, 0x00, 0x00, 0x00, 0x00, 0x00, 0x00, 0x00, 0x00, 0x00, 0x00, 0x00, 0x00, 0x00, 0x00, 0x00,
  0x00, 0x00, 0x00, 0x00, 0x00, 0x00, 0x00, 0x00, 0x00, 0x00, 0x00, 0x00, 0x00, 0x00, 0x00, 0x00,
  0x00, 0x00, 0x00, 0x00, 0x00, 0x00, 0x00, 0x00, 0x00, 0x00, 0x00, 0x00, 0x00, 0x00, 0x00, 0x00,
  0x00, 0x00, 0x00, 0x00, 0x00, 0x00, 0x00, 0x00, 0x00, 0x00, 0x00, 0x00, 0x00, 0x00, 0x00, 0x00,
  0x00, 0x00, 0x00, 0x00, 0x00, 0x00, 0x00, 0x00, 0x00, 0x00, 0x00, 0x00, 0x00, 0x00, 0x00, 0x00,
  0x00, 0x00, 0x00, 0x00, 0x00, 0x00, 0x00, 0x00, 0x00, 0x00, 0x00, 0x00, 0x00, 0x00, 0x00, 0x00,
  0x00, 0x00, 0x00, 0x00, 0x00, 0x00, 0x00, 0x00, 0x00, 0x00, 0x00, 0x00, 0x00, 0x00, 0x00, 0x00,
  0x00, 0x00, 0x00, 0x00, 0x00, 0x00, 0x00, 0x00, 0x00, 0x00, 0x00, 0x00, 0x00, 0x00, 0x00, 0x00,
  0x00, 0x00, 0x00, 0x00, 0x01, 0x26, 0xDB, 0x07, 0x25, 0xBB, 0x07, 0x00, 0x00, 0x00, 0x6E, 0xDF,
  0x32, 0x8F, 0x5F, 0xF8, 0x9F, 0x1F, 0xFF, 0x3B, 0xF6, 0xFF, 0x5B, 0x0D, 0xFF, 0x6B, 0x4D, 0xFF,
  0x08, 0x61, 0xFF, 0x00, 0x00, 0xFF, 0x00, 0x00, 0xFF, 0x00, 0x00, 0xFF, 0x00, 0x00, 0xFF, 0x00,
  0x00, 0xFF, 0x00, 0x00, 0xFF, 0x00, 0x00, 0xFF, 0x00, 0x00, 0xFF, 0x00, 0x00, 0xFF, 0x00, 0x00,
  0xFF, 0x00, 0x00, 0xFF, 0x00, 0x00, 0xFF, 0x00, 0x00, 0xFF, 0x00, 0x00, 0xFF, 0x00, 0x00, 0xFF,
  0x00, 0x00, 0xFF, 0x00, 0x00, 0xFF, 0x00, 0x00, 0xFF, 0x00, 0x00, 0xFF, 0x00, 0x00, 0xFF, 0x00,
  0x00, 0xFF, 0x00, 0x00, 0xFF, 0x00, 0x00, 0xFF, 0x00, 0x00, 0xFF, 0x00, 0x00, 0xFF, 0x18, 0xA2,
  0xFF, 0x49, 0xE8, 0xFF, 0x52, 0x56, 0xFF, 0x9B, 0xFF, 0xFF, 0xB4, 0x1E, 0xFD, 0x93, 0x1D, 0x5A,
  0x39, 0xFF, 0x04, 0x31, 0xBC, 0x66, 0x39, 0x9C, 0xAE, 0x41, 0xBA, 0x6F, 0x4A, 0x79, 0x0A, 0x00,
  0x00, 0x00, 0x00, 0x00, 0x00, 0x00, 0x00, 0x00, 0x00, 0x00, 0x00, 0x00, 0x00, 0x00, 0x00, 0x00,
  0x00, 0x00, 0x00, 0x00, 0x00, 0x00, 0x00, 0x00, 0x00, 0x00, 0x00, 0x00, 0x00, 0x00, 0x00, 0x00,
  0x00, 0x00, 0x00, 0x00, 0x00, 0x00, 0x00, 0x00, 0x00, 0x00, 0x00, 0x00, 0x00, 0x00, 0x00, 0x00,
  0x00, 0x00, 0x00, 0x00, 0x00, 0x00, 0x00, 0x00, 0x00, 0x00, 0x00, 0x00, 0x00, 0x00, 0x00, 0x00,
  0x00, 0x00, 0x00, 0x00, 0x00, 0x00, 0x00, 0x00, 0x00, 0x00, 0x00, 0x00, 0x00, 0x00, 0x00, 0x00,
  0x00, 0x00, 0x00, 0x00, 0x00, 0x00, 0x00, 0x00, 0x00, 0x00, 0x00, 0x00, 0x00, 0x00, 0x00, 0x00,
  0x00, 0x00, 0x00, 0x00, 0x00, 0x00, 0x00, 0x00, 0x00, 0x00, 0x00, 0x00, 0x00, 0x00, 0x00, 0x00,
  0x00, 0x00, 0x00, 0x00, 0x00, 0x00, 0x00, 0x00, 0x00, 0x00, 0x00, 0x00, 0x00, 0x00, 0x00, 0x00,
  0x00, 0x00, 0x00, 0x00, 0x00, 0x00, 0x00, 0x00, 0x00, 0x00, 0x00, 0x00, 0x00, 0x00, 0x00, 0x00,
  0x00, 0x00, 0x00, 0x00, 0x00, 0x00, 0x00, 0x00, 0x00, 0x00, 0x00, 0x00, 0x00, 0x00, 0x00, 0x00,
  0x00, 0x00, 0x00, 0x00, 0x00, 0x00, 0x00, 0x00, 0x00, 0x00, 0x00, 0x00, 0x00, 0x00, 0x00, 0x00,
  0x00, 0x00, 0x00, 0x00, 0x00, 0x00, 0x00, 0x00, 0x00, 0x00, 0x00, 0x00, 0x00, 0x00, 0x00, 0x00,
  0x00, 0x00, 0x00, 0x00, 0x00, 0x00, 0x00, 0x00, 0x00, 0x00, 0x00, 0x00, 0x00, 0x00, 0x00, 0x00,
  0x00, 0x00, 0x00, 0x00, 0x00, 0x00, 0x00, 0x00, 0x00, 0x00, 0x00, 0x00, 0x00, 0x00, 0x00, 0x00,
  0x00, 0x00, 0x00, 0x00, 0x00, 0x00, 0x00, 0x00, 0x00, 0x00, 0x00, 0x00, 0x00, 0x00, 0x00, 0x00,
  0x00, 0x00, 0x00, 0x00, 0x00, 0x00, 0x00, 0x00, 0x00, 0x00, 0x00, 0x00, 0x00, 0x00, 0x00, 0x00,
  0x00, 0x00, 0x00, 0x00, 0x00, 0x00, 0x00, 0x00, 0x00, 0x00, 0x00, 0x00, 0x00, 0x00, 0x00, 0x00,
  0x00, 0x00, 0x00, 0x00, 0x00, 0x00, 0x00, 0x00, 0x00, 0x00, 0x00, 0x00, 0x00, 0x00, 0x00, 0x00,
  0x00, 0x00, 0x00, 0x00, 0x00, 0x00, 0x00, 0x00, 0x00, 0x00, 0x00, 0x00, 0x00, 0x00, 0x00, 0x00,
  0x00, 0x00, 0x00, 0x00, 0x00, 0x00, 0x00, 0x00, 0x00, 0x00, 0x00, 0x00, 0x00, 0x00, 0x00, 0x00,
  0x00, 0x00, 0x00, 0x00, 0x00, 0x00, 0x00, 0x00, 0x00, 0x00, 0x00, 0x00, 0x00, 0x00, 0x00, 0x00,
  0x00, 0x00, 0x00, 0x00, 0x00, 0x00, 0x00, 0x00, 0x00, 0x00, 0x00, 0x00, 0x00, 0x00, 0x00, 0x00,
  0x00, 0x00, 0x00, 0x00, 0x00, 0x00, 0x00, 0x00, 0x00, 0x00, 0x00, 0x00, 0x00, 0x00, 0x00, 0x00,
  0x00, 0x00, 0x00, 0x00, 0x00, 0x00, 0x00, 0x00, 0x00, 0x00, 0x00, 0x00, 0x00, 0x00, 0x00, 0x00,
  0x00, 0x00, 0x07, 0xFF, 0x01, 0x00, 0x00, 0x00, 0x00, 0x00, 0x00, 0xFF, 0xFF, 0x01, 0x6E, 0xFF,
  0x9E, 0xA7, 0x7F, 0xFF, 0x65, 0x9D, 0xFF, 0x2A, 0x4D, 0xFF, 0x73, 0xCF, 0xFF, 0x29, 0x65, 0xFF,
  0x00, 0x00, 0xFF, 0x00, 0x00, 0xFF, 0x00, 0x00, 0xFF, 0x00, 0x00, 0xFF, 0x00, 0x00, 0xFF, 0x00,
  0x00, 0xFF, 0x00, 0x00, 0xFF, 0x00, 0x00, 0xFF, 0x00, 0x00, 0xFF, 0x00, 0x00, 0xFF, 0x00, 0x00,
  0xFF, 0x00, 0x00, 0xFF, 0x00, 0x00, 0xFF, 0x00, 0x00, 0xFF, 0x00, 0x00, 0xFF, 0x00, 0x00, 0xFF,
  0x00, 0x00, 0xFF, 0x00, 0x00, 0xFF, 0x00, 0x00, 0xFF, 0x00, 0x00, 0xFF, 0x00, 0x00, 0xFF, 0x00,
  0x00, 0xFF, 0x00, 0x00, 0xFF, 0x00, 0x00, 0xFF, 0x00, 0x00, 0xFF, 0x00, 0x00, 0xFF, 0x00, 0x00,
  0xFF, 0x41, 0xA6, 0xFF, 0x39, 0x8A, 0xFF, 0x8B, 0x9D, 0xFF, 0xC4, 0xBE, 0xFF, 0x9B, 0x5D, 0xC9,
  0x7A, 0xBA, 0x06, 0x00, 0x00, 0x00, 0x00, 0x1F, 0x01, 0x00, 0x00, 0x00, 0x00, 0x00, 0x00, 0x00,
  0x00, 0x00, 0x00, 0x00, 0x00, 0x00, 0x00, 0x00, 0x00, 0x00, 0x00, 0x00, 0x00, 0x00, 0x00, 0x00,
  0x00, 0x00, 0x00, 0x00, 0x00, 0x00, 0x00, 0x00, 0x00, 0x00, 0x00, 0x00, 0x00, 0x00, 0x00, 0x00,
  0x00, 0x00, 0x00, 0x00, 0x00, 0x00, 0x00, 0x00, 0x00, 0x00, 0x00, 0x00, 0x00, 0x00, 0x00, 0x00,
  0x00, 0x00, 0x00, 0x00, 0x00, 0x00, 0x00, 0x00, 0x00, 0x00, 0x00, 0x00, 0x00, 0x00, 0x00, 0x00,
  0x00, 0x00, 0x00, 0x00, 0x00, 0x00, 0x00, 0x00, 0x00, 0x00, 0x00, 0x00, 0x00, 0x00, 0x00, 0x00,
  0x00, 0x00, 0x00, 0x00, 0x00, 0x00, 0x00, 0x00, 0x00, 0x00, 0x00, 0x00, 0x00, 0x00, 0x00, 0x00,
  0x00, 0x00, 0x00, 0x00, 0x00, 0x00, 0x00, 0x00, 0x00, 0x00, 0x00, 0x00, 0x00, 0x00, 0x00, 0x00,
  0x00, 0x00, 0x00, 0x00, 0x00, 0x00, 0x00, 0x00, 0x00, 0x00, 0x00, 0x00, 0x00, 0x00, 0x00, 0x00,
  0x00, 0x00, 0x00, 0x00, 0x00, 0x00, 0x00, 0x00, 0x00, 0x00, 0x00, 0x00, 0x00, 0x00, 0x00, 0x00,
  0x00, 0x00, 0x00, 0x00, 0x00, 0x00, 0x00, 0x00, 0x00, 0x00, 0x00, 0x00, 0x00, 0x00, 0x00, 0x00,
  0x00, 0x00, 0x00, 0x00, 0x00, 0x00, 0x00, 0x00, 0x00, 0x00, 0x00, 0x00, 0x00, 0x00, 0x00, 0x00,
  0x00, 0x00, 0x00, 0x6C, 0x9F, 0x07, 0x74, 0xDE, 0x12, 0x07, 0xFF, 0x01, 0x00, 0x00, 0x00, 0x00,
  0x00, 0x00, 0x00, 0x00, 0x00, 0x00, 0x00, 0x00, 0x00, 0x00, 0x00, 0x00, 0x00, 0x00, 0x00, 0x00,
  0x00, 0x00, 0x00, 0x00, 0x00, 0x00, 0x00, 0x00, 0x00, 0x00, 0x00, 0x00, 0x00, 0x00, 0x00, 0x00,
  0x00, 0x00, 0x00, 0x00, 0x00, 0x00, 0x9B, 0x39, 0x05, 0x9B, 0xFB, 0x08, 0x00, 0x00, 0x00, 0x00,
  0x00, 0x00, 0x00, 0x00, 0x00, 0x00, 0x00, 0x00, 0x00, 0x00, 0x00, 0x00, 0x00, 0x00, 0x00, 0x00,
  0x00, 0x00, 0x00, 0x00, 0x00, 0x00, 0x00, 0x00, 0x00, 0x00, 0x00, 0x00, 0x00, 0x00, 0x00, 0x00,
  0x00, 0x00, 0x00, 0x00, 0x00, 0x00, 0x00, 0x00, 0x00, 0x00, 0x00, 0x00, 0x00, 0x00, 0x00, 0x00,
  0x00, 0x00, 0x00, 0x00, 0x00, 0x00, 0x00, 0x00, 0x00, 0x00, 0x00, 0x00, 0x00, 0x00, 0x00, 0x00,
  0x00, 0x00, 0x00, 0x00, 0x00, 0x00, 0x00, 0x00, 0x00, 0x00, 0x00, 0x00, 0x00, 0x00, 0x00, 0x00,
  0x00, 0x00, 0x00, 0x00, 0x00, 0x00, 0x00, 0x00, 0x00, 0x00, 0x00, 0x00, 0x00, 0x00, 0x00, 0x00,
  0x00, 0x00, 0x00, 0x00, 0x00, 0x00, 0x00, 0x00, 0x00, 0x00, 0x00, 0x00, 0x00, 0x00, 0x00, 0x00,
  0x00, 0x00, 0x00, 0x00, 0x00, 0x00, 0x00, 0x00, 0x00, 0x00, 0x00, 0x00, 0x00, 0x00, 0x00, 0x00,
  0x00, 0x00, 0x00, 0x00, 0x00, 0x00, 0x00, 0x00, 0x00, 0x6F, 0xFF, 0x07, 0x6F, 0xDF, 0x40, 0x77,
  0xDF, 0x8D, 0x5F, 0xBE, 0xB0, 0x47, 0x7E, 0x98, 0x57, 0x1D, 0x3D, 0x7E, 0xDE, 0x15, 0x7E, 0xFF,
  0xEB, 0x96, 0xFF, 0xFF, 0x33, 0xB6, 0xFF, 0x4A, 0x8B, 0xFF, 0x5A, 0xEB, 0xFF, 0x00, 0x20, 0xFF,
  0x00, 0x00, 0xFF, 0x00, 0x00, 0xFF, 0x00, 0x00, 0xFF, 0x00, 0x00, 0xFF, 0x00, 0x00, 0xFF, 0x00,
  0x00, 0xFF, 0x00, 0x00, 0xFF, 0x00, 0x00, 0xFF, 0x00, 0x00, 0xFF, 0x00, 0x00, 0xFF, 0x00, 0x00,
  0xFF, 0x00, 0x00, 0xFF, 0x00, 0x00, 0xFF, 0x00, 0x00, 0xFF, 0x00, 0x00, 0xFF, 0x00, 0x00, 0xFF,
  0x00, 0x00, 0xFF, 0x00, 0x00, 0xFF, 0x00, 0x00, 0xFF, 0x00, 0x00, 0xFF, 0x00, 0x00, 0xFF, 0x00,
  0x00, 0xFF, 0x00, 0x00, 0xFF, 0x00, 0x00, 0xFF, 0x00, 0x00, 0xFF, 0x00, 0x00, 0xFF, 0x00, 0x00,
  0xFF, 0x10, 0x82, 0xFF, 0x52, 0x08, 0xFF, 0x62, 0x76, 0xFF, 0xA3, 0xDE, 0xFF, 0xA3, 0x5D, 0xFA,
  0x9B, 0x1D, 0x32, 0xBB, 0x5E, 0x26, 0xC3, 0x9E, 0x79, 0xD3, 0x9E, 0xA1, 0xDB, 0xDE, 0x88, 0xDC,
  0x3E, 0x3F, 0xDC, 0x9F, 0x07, 0x00, 0x00, 0x00, 0x00, 0x00, 0x00, 0x00, 0x00, 0x00, 0x00, 0x00,
  0x00, 0x00, 0x00, 0x00, 0x00, 0x00, 0x00, 0x00, 0x00, 0x00, 0x00, 0x00, 0x00, 0x00, 0x00, 0x00,
  0x00, 0x00, 0x00, 0x00, 0x00, 0x00, 0x37, 0x3C, 0x0A, 0x37, 0x5E, 0x35, 0x37, 0x5E, 0x44, 0x2F,
  0x3E, 0x46, 0x2F, 0x3E, 0x45, 0x2F, 0x5E, 0x44, 0x2F, 0x3E, 0x44, 0x2F, 0x3E, 0x44, 0x2F, 0x1E,
  0x44, 0x2F, 0x1E, 0x44, 0x26, 0xFE, 0x46, 0x26, 0xDE, 0x46, 0x2E, 0xFE, 0x41, 0x2E, 0xBE, 0x2C,
  0x2E, 0xBD, 0x0C, 0x00, 0x00, 0x00, 0x00, 0x00, 0x00, 0x00, 0x00, 0x00, 0x00, 0x00, 0x00, 0x00,
  0x00, 0x00, 0x00, 0x00, 0x00, 0x07, 0xFF, 0x01, 0x00, 0x00, 0x00, 0x00, 0x00, 0x00, 0x00, 0x00,
  0x00, 0x00, 0x00, 0x00, 0x00, 0x00, 0x00, 0x00, 0x00, 0x00, 0x00, 0x00, 0x00, 0x00, 0x00, 0x00,
  0x00, 0x00, 0x00, 0x00, 0x00, 0x00, 0x00, 0x00, 0x00, 0x00, 0x00, 0x00, 0x00, 0x00, 0x00, 0x00,
  0x00, 0x00, 0x00, 0x00, 0x00, 0x00, 0x00, 0x00, 0x00, 0x00, 0x00, 0x00, 0x00, 0x00, 0x00, 0x00,
  0x00, 0x00, 0x00, 0x00, 0x00, 0x00, 0x00, 0x00, 0x00, 0x00, 0x00, 0x00, 0x00, 0x00, 0x00, 0x00,
  0x6D, 0x1F, 0x34, 0x75, 0x5F, 0xCF, 0x6C, 0xBF, 0xEF, 0x6C, 0x5F, 0x58, 0x00, 0x00, 0x00, 0x00,
  0x00, 0x00, 0x00, 0x00, 0x00, 0x00, 0x00, 0x00, 0x00, 0x00, 0x00, 0x00, 0x00, 0x00, 0x00, 0x00,
  0x00, 0x00, 0x00, 0x00, 0x00, 0x00, 0x00, 0x00, 0x00, 0x00, 0x00, 0x00, 0x00, 0x00, 0x00, 0x00,
  0x00, 0x00, 0x00, 0x93, 0xFD, 0x0E, 0xA4, 0x7F, 0xBE, 0xB4, 0xBF, 0xDC, 0xAC, 0x5F, 0x57, 0x7B,
  0xFF, 0x02, 0x00, 0x00, 0x00, 0x00, 0x00, 0x00, 0x00, 0x00, 0x00, 0x00, 0x00, 0x00, 0x00, 0x00,
  0x00, 0x00, 0x00, 0x00, 0x00, 0x00, 0x00, 0x00, 0x00, 0x00, 0x00, 0x00, 0x00, 0x00, 0x00, 0x00,
  0x00, 0x00, 0x00, 0x00, 0x00, 0x00, 0x00, 0x00, 0x00, 0x00, 0x00, 0x00, 0x00, 0x00, 0x00, 0x00,
  0x00, 0x00, 0x00, 0x00, 0x00, 0x00, 0x00, 0x00, 0x00, 0x00, 0x00, 0x00, 0x00, 0x00, 0x00, 0x00,
  0x00, 0x00, 0x00, 0x00, 0x00, 0x00, 0x00, 0x00, 0x00, 0x00, 0x00, 0x00, 0x00, 0x00, 0x00, 0x00,
  0x00, 0x00, 0x00, 0x00, 0x00, 0x00, 0x00, 0x00, 0x00, 0x00, 0x00, 0x00, 0x00, 0x00, 0x00, 0x00,
  0x00, 0x00, 0x00, 0x00, 0x00, 0x00, 0x00, 0x00, 0x00, 0x00, 0x00, 0x00, 0x00, 0x00, 0x00, 0x00,
  0x00, 0x00, 0x00, 0x00, 0x00, 0x00, 0x00, 0x00, 0x00, 0x00, 0x00, 0x00, 0x00, 0x00, 0x00, 0x00,
  0x00, 0x00, 0x00, 0x00, 0x00, 0x00, 0x77, 0xFF, 0x26, 0x5F, 0xFF, 0xC3, 0x6F, 0xDF, 0xFC, 0xA7,
  0xFF, 0xFF, 0x7F, 0xFF, 0xFF, 0x57, 0xBF, 0xFF, 0x37, 0x1D, 0xF9, 0x46, 0x7E, 0xBB, 0x97, 0x3F,
  0xFE, 0x76, 0x1E, 0xFF, 0x22, 0x4E, 0xFF, 0x6B, 0x6E, 0xFF, 0x29, 0x45, 0xFF, 0x00, 0x00, 0xFF,
  0x00, 0x00, 0xFF, 0x00, 0x00, 0xFF, 0x00, 0x00, 0xFF, 0x08, 0x61, 0xFF, 0x18, 0xE3, 0xFF, 0x18,
  0xE3, 0xFF, 0x08, 0x41, 0xFF, 0x00, 0x00, 0xFF, 0x00, 0x00, 0xFF, 0x00, 0x00, 0xFF, 0x00, 0x00,
  0xFF, 0x00, 0x00, 0xFF, 0x00, 0x00, 0xFF, 0x00, 0x00, 0xFF, 0x00, 0x00, 0xFF, 0x00, 0x00, 0xFF,
  0x00, 0x00, 0xFF, 0x00, 0x00, 0xFF, 0x00, 0x00, 0xFF, 0x00, 0x20, 0xFF, 0x18, 0xC3, 0xFF, 0x18,
  0xE3, 0xFF, 0x10, 0x82, 0xFF, 0x00, 0x00, 0xFF, 0x00, 0x00, 0xFF, 0x00, 0x00, 0xFF, 0x00, 0x00,
  0xFF, 0x00, 0x00, 0xFF, 0x49, 0xC6, 0xFF, 0x41, 0xAD, 0xFF, 0x9B, 0xBF, 0xFF, 0xC4, 0x1E, 0xFF,
  0x92, 0x7D, 0xC9, 0xAA, 0x9E, 0xF1, 0xDC, 0x5F, 0xFF, 0xEC, 0x9F, 0xFF, 0xF5, 0x7F, 0xFF, 0xED,
  0x1F, 0xFC, 0xDB, 0xBF, 0xC8, 0xD3, 0x7E, 0x33, 0x00, 0x00, 0x00, 0x00, 0x00, 0x00, 0x00, 0x00,
  0x00, 0x00, 0x00, 0x00, 0x00, 0x00, 0x00, 0x00, 0x00, 0x00, 0x00, 0x00, 0x00, 0x00, 0x00, 0x00,
  0x00, 0x00, 0x00, 0x2F, 0x7E, 0x1D, 0x57, 0xBF, 0xCF, 0x5F, 0xBF, 0xFC, 0x4F, 0x9F, 0xFE, 0x47,
  0x9F, 0xFE, 0x3F, 0x9F, 0xFE, 0x3F, 0x7F, 0xFE, 0x37, 0x7F, 0xFE, 0x37, 0x7F, 0xFE, 0x37, 0x5F,
  0xFE, 0x37, 0x5F, 0xFE, 0x2F, 0x5F, 0xFE, 0x37, 0x3F, 0xFE, 0x37, 0x3F, 0xFE, 0x2F, 0x1F, 0xFB,
  0x1E, 0xDF, 0xE2, 0x2E, 0x9E, 0x66, 0x3D, 0xF7, 0x04, 0x00, 0x00, 0x00, 0x00, 0x00, 0x00, 0x03,
  0xFF, 0x02, 0x36, 0x1E, 0x67, 0x3E, 0x1F, 0xBD, 0x35, 0xBE, 0x65, 0x03, 0xFF, 0x02, 0x00, 0x00,
  0x00, 0x00, 0x00, 0x00, 0x00, 0x00, 0x00, 0x00, 0x00, 0x00, 0x00, 0x00, 0x00, 0x00, 0x00, 0x00,
  0x00, 0x00, 0x00, 0x00, 0x00, 0x00, 0x00, 0x00, 0x00, 0x00, 0x00, 0x00, 0x00, 0x00, 0x00, 0x00,
  0x00, 0x00, 0x00, 0x00, 0x00, 0x00, 0x00, 0x00, 0x00, 0x00, 0x00, 0x00, 0x00, 0x00, 0x00, 0x00,
  0x00, 0x00, 0x00, 0x00, 0x00, 0x00, 0x00, 0x00, 0x00, 0x00, 0x00, 0x00, 0x00, 0x64, 0xFE, 0x3A,
  0x7D, 0x7F, 0xEE, 0x64, 0xBF, 0xFF, 0x54, 0x1F, 0xFF, 0x53, 0x9D, 0x95, 0x00, 0x00, 0x00, 0x00,
  0x00, 0x00, 0x00, 0x00, 0x00, 0x00, 0x00, 0x00, 0x00, 0x00, 0x00, 0x00, 0x00, 0x00, 0x00, 0x00,
  0x00, 0x00, 0x00, 0x00, 0x00, 0x00, 0x00, 0x00, 0x00, 0x00, 0x00, 0x00, 0x00, 0x00, 0x00, 0x00,
  0x00, 0x00, 0x00, 0x8B, 0xBE, 0x29, 0x9C, 0x3F, 0xF9, 0x9B, 0xFF, 0xFF, 0xAC, 0x3F, 0xF9, 0xAC,
  0x1F, 0x69, 0xF8, 0x1F, 0x01, 0x00, 0x00, 0x00, 0x00, 0x00, 0x00, 0x00, 0x00, 0x00, 0x00, 0x00,
  0x00, 0x00, 0x00, 0x00, 0x00, 0x00, 0x00, 0x00, 0x00, 0x00, 0x00, 0x00, 0x00, 0x00, 0x00, 0x00,
  0x00, 0x00, 0x00, 0x00, 0x00, 0x00, 0x00, 0x00, 0x00, 0x00, 0x00, 0x00, 0x00, 0x00, 0x00, 0x00,
  0x00, 0x00, 0x00, 0x00, 0x00, 0x00, 0x00, 0x00, 0x00, 0x00, 0x00, 0x00, 0x00, 0x00, 0x00, 0x00,
  0x00, 0x00, 0x00, 0x00, 0x00, 0x00, 0x00, 0x00, 0x00, 0x00, 0x00, 0x00, 0x00, 0x00, 0x00, 0x00,
  0x00, 0x00, 0x00, 0x00, 0x00, 0x00, 0x00, 0x00, 0x00, 0x00, 0x00, 0x00, 0x00, 0x00, 0x00, 0x00,
  0x00, 0x00, 0x00, 0x00, 0x00, 0x00, 0x00, 0x00, 0x00, 0x00, 0x00, 0x00, 0x00, 0x00, 0x00, 0x00,
  0x00, 0x00, 0x00, 0x00, 0x00, 0x00, 0x00, 0x00, 0x00, 0x00, 0x00, 0x00, 0x00, 0x00, 0x00, 0x00,
  0x00, 0x00, 0x00, 0x6F, 0xFF, 0x29, 0x6F, 0xDF, 0xE3, 0x8F, 0xFF, 0xFF, 0x9F, 0xFF, 0xFF, 0x67,
  0xDF, 0xFF, 0x47, 0xBF, 0xFF, 0x4F, 0x3E, 0xFF, 0x0E, 0x5C, 0xFF, 0x3E, 0x3D, 0xFF, 0xA7, 0x5F,
  0xFF, 0x5D, 0x5D, 0xFF, 0x29, 0xEA, 0xFF, 0x6B, 0x6E, 0xFF, 0x08, 0x61, 0xFF, 0x00, 0x00, 0xFF,
  0x00, 0x00, 0xFF, 0x00, 0x00, 0xFF, 0x39, 0xE7, 0xFF, 0xD7, 0x1C, 0xFF, 0xEF, 0xBF, 0xFF, 0xEF,
  0xBF, 0xFF, 0xCE, 0xBB, 0xFF, 0x21, 0x24, 0xFF, 0x00, 0x00, 0xFF, 0x00, 0x00, 0xFF, 0x00, 0x00,
  0xFF, 0x00, 0x00, 0xFF, 0x00, 0x00, 0xFF, 0x00, 0x00, 0xFF, 0x00, 0x00, 0xFF, 0x00, 0x00, 0xFF,
  0x00, 0x00, 0xFF, 0x00, 0x00, 0xFF, 0x10, 0x82, 0xFF, 0xB5, 0xF7, 0xFF, 0xEF, 0xBE, 0xFF, 0xEF,
  0xBF, 0xFF, 0xE7, 0x7D, 0xFF, 0x6B, 0x6D, 0xFF, 0x00, 0x00, 0xFF, 0x00, 0x00, 0xFF, 0x00, 0x00,
  0xFF, 0x00, 0x00, 0xFF, 0x31, 0x24, 0xFF, 0x41, 0xA9, 0xFF, 0x8B, 0x1C, 0xFF, 0xBC, 0x1E, 0xFF,
  0x9A, 0x5C, 0xFF, 0x91, 0xDC, 0xFF, 0xDC, 0xDF, 0xFF, 0xED, 0x3F, 0xFF, 0xDB, 0xFF, 0xFF, 0xE3,
  0xDF, 0xFF, 0xDB, 0x7F, 0xFF, 0xD3, 0x3F, 0xEA, 0xD3, 0xBF, 0x32, 0x00, 0x00, 0x00, 0x00, 0x00,
  0x00, 0x00, 0x00, 0x00, 0x00, 0x00, 0x00, 0x00, 0x00, 0x00, 0x00, 0x00, 0x00, 0x00, 0x00, 0x00,
  0x07, 0xFF, 0x01, 0x37, 0x7F, 0xA2, 0x77, 0xDF, 0xFF, 0x1F, 0x7F, 0xFF, 0x0F, 0x3E, 0xFF, 0x0F,
  0x1E, 0xFF, 0x0F, 0x1E, 0xFF, 0x0F, 0x1E, 0xFF, 0x06, 0xFE, 0xFF, 0x06, 0xFE, 0xFF, 0x06, 0xFE,
  0xFF, 0x06, 0xDE, 0xFF, 0x06, 0xDE, 0xFF, 0x0E, 0xBE, 0xFF, 0x0E, 0xBE, 0xFF, 0x0E, 0xBF, 0xFF,
  0x1E, 0xDF, 0xFF, 0x3E, 0xBF, 0xFC, 0x2E, 0x3E, 0x79, 0x00, 0x1F, 0x01, 0x00, 0x00, 0x00, 0x1D,
  0xDE, 0x29, 0x56, 0x9F, 0xF8, 0x35, 0xFF, 0xFF, 0x3D, 0xBF, 0xF8, 0x24, 0xFE, 0x28, 0x00, 0x00,
  0x00, 0x00, 0x00, 0x00, 0x00, 0x00, 0x00, 0x00, 0x00, 0x00, 0x00, 0x00, 0x00, 0x00, 0x00, 0x00,
  0x00, 0x00, 0x00, 0x00, 0x00, 0x00, 0x00, 0x00, 0x00, 0x00, 0x00, 0x00, 0x00, 0x00, 0x00, 0x00,
  0x00, 0x00, 0x00, 0x00, 0x00, 0x00, 0x00, 0x00, 0x00, 0x00, 0x00, 0x00, 0x00, 0x00, 0x00, 0x00,
  0x00, 0x00, 0x00, 0x00, 0x00, 0x00, 0x00, 0x00, 0x00, 0x00, 0x5C, 0xDE, 0x19, 0x7D, 0x9F, 0xE1,
  0x64, 0xDF, 0xFF, 0x4B, 0xDE, 0xFF, 0x3A, 0xFC, 0xC7, 0x42, 0xDC, 0x19, 0x00, 0x00, 0x00, 0x00,
  0x00, 0x00, 0x00, 0x00, 0x00, 0x00, 0x00, 0x00, 0x00, 0x00, 0x00, 0x00, 0x00, 0x00, 0x00, 0x00,
  0x00, 0x00, 0x00, 0x00, 0x00, 0x00, 0x00, 0x00, 0x00, 0x00, 0x00, 0x00, 0x00, 0x00, 0x00, 0x00,
  0x00, 0x00, 0x00, 0x7B, 0xF7, 0x04, 0x83, 0x3D, 0x89, 0x8B, 0x7E, 0xFB, 0xA3, 0xFF, 0xFF, 0xB4,
  0x5F, 0xF6, 0xA3, 0xBE, 0x3F, 0x00, 0x00, 0x00, 0x00, 0x00, 0x00, 0x00, 0x00, 0x00, 0x00, 0x00,
  0x00, 0x00, 0x00, 0x00, 0x00, 0x00, 0x00, 0x00, 0x00, 0x00, 0x00, 0x00, 0x00, 0x00, 0x00, 0x00,
  0x00, 0x00, 0x00, 0x00, 0x00, 0x00, 0x00, 0x00, 0x00, 0x00, 0x00, 0x00, 0x00, 0x00, 0x00, 0x00,
  0x00, 0x00, 0x00, 0x00, 0x00, 0x00, 0x00, 0x00, 0x00, 0x00, 0x00, 0x00, 0x00, 0x00, 0x00, 0x00,
  0x00, 0x00, 0x00, 0x00, 0x00, 0x00, 0x00, 0x00, 0x00, 0x00, 0x00, 0x00, 0x00, 0x00, 0x00, 0x00,
  0x00, 0x00, 0x00, 0x00, 0x00, 0x00, 0x00, 0x00, 0x00, 0x00, 0x00, 0x00, 0x00, 0x00, 0x00, 0x00,
  0x00, 0x00, 0x00, 0x00, 0x00, 0x00, 0x00, 0x00, 0x00, 0x00, 0x00, 0x00, 0x00, 0x00, 0x00, 0x00,
  0x00, 0x00, 0x00, 0x00, 0x00, 0x00, 0x00, 0x00, 0x00, 0x00, 0x00, 0x00, 0x00, 0x00, 0x00, 0x00,
  0x67, 0xFF, 0x0A, 0x57, 0xDF, 0xCC, 0x97, 0xFF, 0xFF, 0xB7, 0xFF, 0xFF, 0x97, 0xFF, 0xFF, 0x37,
  0xBF, 0xFF, 0x2F, 0x3D, 0xFF, 0x3E, 0xBD, 0xFF, 0x05, 0x7A, 0xFF, 0x5E, 0x5E, 0xFF, 0xA7, 0x3F,
  0xFF, 0x4C, 0x9A, 0xFF, 0x42, 0x6B, 0xFF, 0x52, 0xAA, 0xFF, 0x00, 0x00, 0xFF, 0x00, 0x00, 0xFF,
  0x00, 0x00, 0xFF, 0x00, 0x20, 0xFF, 0xC6, 0x79, 0xFF, 0xF7, 0xFF, 0xFF, 0xF7, 0xFF, 0xFF, 0xF7,
  0xFF, 0xFF, 0xF7, 0xFF, 0xFF, 0xAD, 0x96, 0xFF, 0x00, 0x00, 0xFF, 0x00, 0x00, 0xFF, 0x00, 0x00,
  0xFF, 0x00, 0x00, 0xFF, 0x00, 0x00, 0xFF, 0x00, 0x00, 0xFF, 0x00, 0x00, 0xFF, 0x00, 0x00, 0xFF,
  0x00, 0x00, 0xFF, 0x00, 0x00, 0xFF, 0x73, 0xEF, 0xFF, 0xF7, 0xFF, 0xFF, 0xF7, 0xFF, 0xFF, 0xF7,
  0xFF, 0xFF, 0xF7, 0xFF, 0xFF, 0xE7, 0x7D, 0xFF, 0x10, 0xA2, 0xFF, 0x00, 0x00, 0xFF, 0x00, 0x00,
  0xFF, 0x00, 0x00, 0xFF, 0x18, 0x82, 0xFF, 0x51, 0xE8, 0xFF, 0x6A, 0x77, 0xFF, 0xB3, 0xFE, 0xFF,
  0xA2, 0xBC, 0xFF, 0x71, 0x58, 0xFF, 0xC3, 0xBF, 0xFF, 0xDC, 0x7F, 0xFF, 0xD3, 0x5F, 0xFF, 0xD3,
  0x3F, 0xFF, 0xDB, 0xBF, 0xFF, 0xE3, 0xFF, 0xFF, 0xCB, 0x5E, 0xD3, 0xCB, 0x3D, 0x0F, 0x00, 0x00,
  0x00, 0x00, 0x00, 0x00, 0x00, 0x00, 0x00, 0x00, 0x00, 0x00, 0x00, 0x00, 0x00, 0x00, 0x00, 0x00,
  0x3D, 0xF7, 0x04, 0x37, 0x7E, 0xD4, 0x3F, 0x9F, 0xFF, 0x0F, 0x1E, 0xFF, 0x0E, 0x3B, 0xFC, 0x05,
  0xDA, 0xF2, 0x05, 0xFA, 0xF1, 0x05, 0xDA, 0xF2, 0x05, 0xBA, 0xF2, 0x05, 0xBA, 0xF1, 0x05, 0xBA,
  0xF0, 0x05, 0x9A, 0xF1, 0x05, 0x7A, 0xF2, 0x05, 0x7A, 0xF2, 0x05, 0x9B, 0xF4, 0x06, 0x3D, 0xFE,
  0x0E, 0x9E, 0xFF, 0x16, 0x9F, 0xFF, 0x2E, 0x5E, 0xF0, 0x25, 0xDD, 0x1A, 0x00, 0x00, 0x00, 0x25,
  0xDE, 0x3F, 0x56, 0x7F, 0xFE, 0x25, 0xBF, 0xFF, 0x35, 0x5E, 0xFE, 0x1C, 0xBD, 0x43, 0x00, 0x00,
  0x00, 0x00, 0x00, 0x00, 0x00, 0x00, 0x00, 0x00, 0x00, 0x00, 0x00, 0x00, 0x00, 0x00, 0x00, 0x00,
  0x00, 0x00, 0x00, 0x00, 0x00, 0x00, 0x00, 0x00, 0x00, 0x00, 0x00, 0x00, 0x00, 0x00, 0x00, 0x00,
  0x00, 0x00, 0x00, 0x00, 0x00, 0x00, 0x00, 0x00, 0x00, 0x00, 0x00, 0x00, 0x00, 0x00, 0x00, 0x00,
  0x00, 0x00, 0x00, 0x00, 0x00, 0x00, 0x00, 0x7B, 0xFF, 0x02, 0x6D, 0x3F, 0xA1, 0x75, 0x5F, 0xFF,
  0x4C, 0x1F, 0xFF, 0x43, 0x3D, 0xCA, 0x4B, 0x5C, 0x11, 0x00, 0x00, 0x00, 0x00, 0x00, 0x00, 0x00,
  0x00, 0x00, 0x00, 0x00, 0x00, 0x00, 0x00, 0x00, 0x00, 0x00, 0x00, 0x00, 0x00, 0x00, 0x00, 0x00,
  0x00, 0x00, 0x00, 0x00, 0x00, 0x00, 0x00, 0x00, 0x00, 0x00, 0x00, 0x00, 0x00, 0x00, 0x00, 0x00,
  0x00, 0x00, 0x00, 0x00, 0x00, 0x00, 0xAA, 0xBF, 0x03, 0x7A, 0xFE, 0x80, 0x93, 0x7F, 0xFD, 0xA3,
  0xFF, 0xFF, 0xB4, 0x3F, 0xD3, 0xAB, 0x5D, 0x0C, 0x00, 0x00, 0x00, 0x00, 0x00, 0x00, 0x00, 0x00,
  0x00, 0x00, 0x00, 0x00, 0x00, 0x00, 0x00, 0x00, 0x00, 0x00, 0x00, 0x00, 0x00, 0x00, 0x00, 0x00,
  0x00, 0x00, 0x00, 0x00, 0x00, 0x00, 0x00, 0x00, 0x00, 0x00, 0x00, 0x00, 0x00, 0x00, 0x00, 0x00,
  0x00, 0x00, 0x00, 0x00, 0x00, 0x00, 0x00, 0x00, 0x00, 0x00, 0x00, 0x00, 0x00, 0x00, 0x00, 0x00,
  0x00, 0x00, 0x00, 0x00, 0x00, 0x00, 0x00, 0x00, 0x00, 0x00, 0x00, 0x00, 0x00, 0x00, 0x00, 0x00,
  0x00, 0x00, 0x00, 0x00, 0x00, 0x00, 0x00, 0x00, 0x00, 0x00, 0x00, 0x00, 0x00, 0x00, 0x00, 0x00,
  0x00, 0x00, 0x00, 0x00, 0x00, 0x00, 0x00, 0x00, 0x00, 0x00, 0x00, 0x00, 0x00, 0x00, 0x00, 0x00,
  0x00, 0x00, 0x00, 0x00, 0x00, 0x00, 0x00, 0x00, 0x00, 0x00, 0x00, 0x00, 0x00, 0x00, 0x00, 0x00,
  0x5F, 0xDF, 0x56, 0x67, 0xDF, 0xFD, 0xB7, 0xFF, 0xFF, 0xA7, 0xFF, 0xFF, 0x57, 0xDF, 0xFF, 0x2F,
  0x7E, 0xFF, 0x26, 0xDC, 0xFF, 0x26, 0x3C, 0xFF, 0x0D, 0x19, 0xFF, 0x76, 0x9E, 0xFF, 0x96, 0xDF,
  0xFF, 0x3B, 0xB6, 0xFF, 0x4A, 0x8B, 0xFF, 0x31, 0xA6, 0xFF, 0x00, 0x00, 0xFF, 0x00, 0x00, 0xFF,
  0x00, 0x00, 0xFF, 0x08, 0x41, 0xFF, 0xDF, 0x3C, 0xFF, 0xF7, 0xFF, 0xFF, 0xF7, 0xFF, 0xFF, 0xF7,
  0xFF, 0xFF, 0xF7, 0xFF, 0xFF, 0xD6, 0xFB, 0xFF, 0x00, 0x20, 0xFF, 0x00, 0x00, 0xFF, 0x00, 0x00,
  0xFF, 0x00, 0x00, 0xFF, 0x00, 0x00, 0xFF, 0x00, 0x00, 0xFF, 0x00, 0x00, 0xFF, 0x00, 0x00, 0xFF,
  0x00, 0x00, 0xFF, 0x00, 0x00, 0xFF, 0x9D, 0x14, 0xFF, 0xF7, 0xFF, 0xFF, 0xF7, 0xFF, 0xFF, 0xF7,
  0xFF, 0xFF, 0xF7, 0xFF, 0xFF, 0xEF, 0xDF, 0xFF, 0x29, 0x65, 0xFF, 0x00, 0x00, 0xFF, 0x00, 0x00,
  0xFF, 0x00, 0x00, 0xFF, 0x08, 0x20, 0xFF, 0x52, 0x07, 0xFF, 0x51, 0xF2, 0xFF, 0xA3, 0xBE, 0xFF,
  0xAB, 0x1D, 0xFF, 0x58, 0xF4, 0xFF, 0xB2, 0xDE, 0xFF, 0xD4, 0x1F, 0xFF, 0xCB, 0x1F, 0xFF, 0xCB,
  0x1F, 0xFF, 0xCB, 0x5F, 0xFF, 0xEC, 0x9F, 0xFF, 0xD3, 0xFE, 0xFE, 0xC3, 0x3D, 0x72, 0x00, 0x00,
  0x00, 0x00, 0x00, 0x00, 0x00, 0x00, 0x00, 0x00, 0x00, 0x00, 0x00, 0x00, 0x00, 0x00, 0x00, 0x00,
  0x07, 0xFF, 0x04, 0x2F, 0x7E, 0xD9, 0x2F, 0x7F, 0xFF, 0x0E, 0xFD, 0xFF, 0x15, 0xDA, 0xC1, 0x1D,
  0x17, 0x13, 0x0D, 0x38, 0x11, 0x0D, 0x58, 0x12, 0x0D, 0x38, 0x11, 0x0D, 0x79, 0x10, 0x0C, 0xF7,
  0x10, 0x0D, 0x38, 0x11, 0x0C, 0xD7, 0x12, 0x0C, 0xD7, 0x12, 0x15, 0x38, 0x17, 0x0D, 0xDC, 0x84,
  0x0E, 0x7E, 0xFE, 0x0E, 0x7F, 0xFF, 0x2E, 0x5E, 0xFE, 0x1D, 0x9D, 0x54, 0x00, 0x00, 0x00, 0x1D,
  0xBE, 0x40, 0x46, 0x5F, 0xFE, 0x1D, 0x9F, 0xFF, 0x2D, 0x3E, 0xFE, 0x1C, 0x9D, 0x44, 0x00, 0x00,
  0x00, 0x00, 0x00, 0x00, 0x00, 0x00, 0x00, 0x00, 0x00, 0x00, 0x00, 0x00, 0x00, 0x00, 0x00, 0x00,
  0x00, 0x00, 0x00, 0x00, 0x00, 0x00, 0x00, 0x00, 0x00, 0x00, 0x00, 0x00, 0x00, 0x00, 0x00, 0x00,
  0x00, 0x00, 0x00, 0x00, 0x00, 0x00, 0x00, 0x00, 0x00, 0x00, 0x00, 0x00, 0x00, 0x00, 0x00, 0x00,
  0x00, 0x00, 0x00, 0x00, 0x00, 0x00, 0x00, 0x5C, 0xFF, 0x2A, 0x75, 0x7F, 0xF7, 0x54, 0x5F, 0xFF,
  0x43, 0x7D, 0xF2, 0x43, 0x3C, 0x2A, 0x00, 0x00, 0x00, 0x00, 0x00, 0x00, 0x00, 0x00, 0x00, 0x00,
  0x00, 0x00, 0x00, 0x00, 0x00, 0x00, 0x00, 0x00, 0x00, 0x00, 0x00, 0x00, 0x00, 0x00, 0x00, 0x00,
  0x00, 0x00, 0x00, 0x00, 0x00, 0x00, 0x00, 0x00, 0x00, 0x00, 0x00, 0x00, 0x00, 0x00, 0x00, 0x00,
  0x00, 0x00, 0x00, 0x00, 0x00, 0x00, 0x00, 0x00, 0x00, 0x6B, 0x7B, 0x07, 0x8B, 0x5E, 0xBB, 0x9B,
  0xBF, 0xFF, 0xAC, 0x1F, 0xFE, 0xA3, 0x9E, 0x63, 0x00, 0x00, 0x00, 0x00, 0x00, 0x00, 0x00, 0x00,
  0x00, 0x00, 0x00, 0x00, 0x00, 0x00, 0x00, 0x00, 0x00, 0x00, 0x00, 0x00, 0x00, 0x00, 0x00, 0x00,
  0x00, 0x00, 0x00, 0x00, 0x00, 0x00, 0x00, 0x00, 0x00, 0x00, 0x00, 0x00, 0x00, 0x00, 0x00, 0x00,
  0x00, 0x00, 0x00, 0x00, 0x00, 0x00, 0x00, 0x00, 0x00, 0x00, 0x00, 0x00, 0x00, 0x00, 0x00, 0x00,
  0x00, 0x00, 0x00, 0x00, 0x00, 0x00, 0x00, 0x00, 0x00, 0x00, 0x00, 0x00, 0x00, 0x00, 0x00, 0x00,
  0x00, 0x00, 0x00, 0x00, 0x00, 0x00, 0x00, 0x00, 0x00, 0x00, 0x00, 0x00, 0x00, 0x00, 0x00, 0x00,
  0x00, 0x00, 0x00, 0x00, 0x00, 0x00, 0x00, 0x00, 0x00, 0x00, 0x00, 0x00, 0x00, 0x00, 0x00, 0x00,
  0x00, 0x00, 0x00, 0x00, 0x00, 0x00, 0x00, 0x00, 0x00, 0x00, 0x00, 0x00, 0x00, 0x00, 0x00, 0x00,
  0x4F, 0xDF, 0xBF, 0x8F, 0xFF, 0xFF, 0xB7, 0xFF, 0xFF, 0x87, 0xFF, 0xFF, 0x37, 0xBF, 0xFF, 0x2F,
  0x5E, 0xFF, 0x2E, 0xBC, 0xFF, 0x1E, 0x1C, 0xFF, 0x0C, 0xD9, 0xFF, 0x76, 0x7F, 0xFF, 0x86, 0x7F,
  0xFF, 0x32, 0xF3, 0xFF, 0x52, 0xAB, 0xFF, 0x21, 0x04, 0xFF, 0x00, 0x00, 0xFF, 0x00, 0x00, 0xFF,
  0x00, 0x00, 0xFF, 0x08, 0x20, 0xFF, 0xD6, 0xFB, 0xFF, 0xF7, 0xFF, 0xFF, 0xF7, 0xFF, 0xFF, 0xF7,
  0xFF, 0xFF, 0xF7, 0xFF, 0xFF, 0xC6, 0x9A, 0xFF, 0x00, 0x20, 0xFF, 0x00, 0x00, 0xFF, 0x00, 0x00,
  0xFF, 0x00, 0x00, 0xFF, 0x00, 0x00, 0xFF, 0x00, 0x00, 0xFF, 0x00, 0x00, 0xFF, 0x00, 0x00, 0xFF,
  0x00, 0x00, 0xFF, 0x00, 0x00, 0xFF, 0x94, 0xF3, 0xFF, 0xF7, 0xFF, 0xFF, 0xF7, 0xFF, 0xFF, 0xF7,
  0xFF, 0xFF, 0xF7, 0xFF, 0xFF, 0xEF, 0xDF, 0xFF, 0x21, 0x24, 0xFF, 0x00, 0x00, 0xFF, 0x00, 0x00,
  0xFF, 0x00, 0x00, 0xFF, 0x00, 0x20, 0xFF, 0x52, 0x07, 0xFF, 0x49, 0xAF, 0xFF, 0x9B, 0x9E, 0xFF,
  0xB3, 0x7D, 0xFF, 0x50, 0xF3, 0xFF, 0xA2, 0x5D, 0xFF, 0xD4, 0x3F, 0xFF, 0xC3, 0x1F, 0xFF, 0xC3,
  0x1F, 0xFF, 0xC3, 0x1F, 0xFF, 0xDC, 0x3F, 0xFF, 0xDC, 0x3E, 0xFF, 0xB2, 0xBC, 0xD3, 0x00, 0x00,
  0x00, 0x00, 0x00, 0x00, 0x00, 0x00, 0x00, 0x00, 0x00, 0x00, 0x00, 0x00, 0x00, 0x00, 0x00, 0x00,
  0x07, 0xFF, 0x04, 0x27, 0x5E, 0xD9, 0x27, 0x5E, 0xFF, 0x0E, 0xFD, 0xFF, 0x16, 0x3B, 0xBB, 0x07,
  0xFF, 0x01, 0x00, 0x00, 0x00, 0x00, 0x00, 0x00, 0x00, 0x00, 0x00, 0x00, 0x00, 0x00, 0x00, 0x00,
  0x00, 0x00, 0x00, 0x00, 0x00, 0x00, 0x00, 0x00, 0x00, 0x00, 0x00, 0x00, 0x00, 0x26, 0x3C, 0x16,
  0x1E, 0x9E, 0xF3, 0x16, 0x7F, 0xFF, 0x26, 0x1E, 0xFF, 0x15, 0x5C, 0x6E, 0x00, 0x00, 0x00, 0x25,
  0x9E, 0x3F, 0x46, 0x3F, 0xFE, 0x1D, 0x7F, 0xFF, 0x2D, 0x1E, 0xFE, 0x1C, 0x7D, 0x45, 0x00, 0x00,
  0x00, 0x00, 0x00, 0x00, 0x00, 0x00, 0x00, 0x07, 0xFF, 0x01, 0x45, 0x3E, 0x23, 0x55, 0x5E, 0x61,
  0x55, 0x1E, 0x86, 0x55, 0x1E, 0x89, 0x55, 0x1F, 0x89, 0x4C, 0xFE, 0x8A, 0x4C, 0xDF, 0x8A, 0x5C,
  0xFF, 0x87, 0x5C, 0xFF, 0x72, 0x4C, 0x9E, 0x3C, 0x4C, 0x9F, 0x07, 0x00, 0x00, 0x00, 0x00, 0x00,
  0x00, 0x00, 0x00, 0x00, 0x00, 0x00, 0x00, 0x5C, 0xFF, 0x93, 0x6D, 0x1F, 0xFF, 0x4B, 0xFF, 0xFF,
  0x3B, 0x1D, 0x94, 0x00, 0x1F, 0x01, 0x00, 0x00, 0x00, 0x00, 0x00, 0x00, 0x00, 0x00, 0x00, 0x00,
  0x00, 0x00, 0x7C, 0x3F, 0x11, 0x74, 0x5E, 0x4D, 0x84, 0x7F, 0x77, 0x8C, 0x7F, 0x7F, 0x8C, 0x5F,
  0x7F, 0x8C, 0x3E, 0x80, 0x8C, 0x1E, 0x81, 0x94, 0x1F, 0x74, 0x93, 0xDE, 0x48, 0x93, 0xFF, 0x0E,
  0x00, 0x00, 0x00, 0x00, 0x00, 0x00, 0x00, 0x00, 0x00, 0x00, 0x00, 0x00, 0x8B, 0x3E, 0x38, 0x93,
  0x7F, 0xFA, 0xA3, 0xBF, 0xFF, 0xAB, 0xDE, 0xCE, 0x9B, 0x3F, 0x05, 0x00, 0x00, 0x00, 0x00, 0x00,
  0x00, 0x00, 0x00, 0x00, 0x00, 0x00, 0x00, 0xAB, 0xDE, 0x13, 0xB3, 0xFF, 0x4F, 0xC4, 0x3F, 0x77,
  0xC4, 0x3F, 0x80, 0xC4, 0x3F, 0x81, 0xC3, 0xFF, 0x82, 0xC4, 0x1F, 0x81, 0xCC, 0x5F, 0x79, 0xC4,
  0x1E, 0x57, 0xC3, 0xDE, 0x21, 0x7B, 0xFF, 0x02, 0x00, 0x00, 0x00, 0x00, 0x00, 0x00, 0x00, 0x00,
  0x00, 0x00, 0x00, 0x00, 0x00, 0x00, 0x00, 0x00, 0x00, 0x00, 0x00, 0x00, 0x00, 0x00, 0x00, 0x00,
  0x00, 0x00, 0x00, 0x00, 0x00, 0x00, 0x00, 0x00, 0x00, 0x00, 0x00, 0x00, 0x00, 0x00, 0x00, 0x00,
  0x00, 0x00, 0x00, 0x00, 0x00, 0x00, 0x00, 0x00, 0x00, 0x00, 0x00, 0x00, 0x00, 0x00, 0x00, 0x00,
  0x00, 0x00, 0x00, 0x00, 0x00, 0x00, 0x00, 0x00, 0x00, 0x00, 0x00, 0x00, 0x00, 0x00, 0x00, 0x00,
  0x47, 0xDF, 0xEB, 0x97, 0xFF, 0xFF, 0xA7, 0xFF, 0xFF, 0x57, 0xDF, 0xFF, 0x2F, 0x9F, 0xFF, 0x2F,
  0x3D, 0xFF, 0x3E, 0xBC, 0xFF, 0x16, 0x1C, 0xFF, 0x0C, 0x98, 0xFF, 0x66, 0x3F, 0xFF, 0x7E, 0x3F,
  0xFF, 0x2A, 0xB1, 0xFF, 0x52, 0xCB, 0xFF, 0x10, 0xA2, 0xFF, 0x00, 0x00, 0xFF, 0x00, 0x00, 0xFF,
  0x00, 0x00, 0xFF, 0x00, 0x00, 0xFF, 0x84, 0x71, 0xFF, 0xEF, 0xFF, 0xFF, 0xF7, 0xFF, 0xFF, 0xF7,
  0xFF, 0xFF, 0xEF, 0xFF, 0xFF, 0x6B, 0xAE, 0xFF, 0x08, 0x61, 0xFF, 0x3A, 0x08, 0xFF, 0x39, 0xE7,
  0xFF, 0x00, 0x00, 0xFF, 0x00, 0x00, 0xFF, 0x00, 0x00, 0xFF, 0x00, 0x00, 0xFF, 0x29, 0x86, 0xFF,
  0x42, 0x28, 0xFF, 0x10, 0xA2, 0xFF, 0x42, 0x28, 0xFF, 0xEF, 0xBE, 0xFF, 0xF7, 0xFF, 0xFF, 0xF7,
  0xFF, 0xFF, 0xF7, 0xFF, 0xFF, 0xBE, 0x38, 0xFF, 0x00, 0x20, 0xFF, 0x00, 0x00, 0xFF, 0x00, 0x00,
  0xFF, 0x00, 0x00, 0xFF, 0x00, 0x00, 0xFF, 0x52, 0x07, 0xFF, 0x41, 0x8E, 0xFF, 0x9B, 0x9E, 0xFF,
  0xB3, 0x9D, 0xFF, 0x50, 0xF3, 0xFF, 0xA2, 0x1D, 0xFF, 0xD4, 0x9F, 0xFF, 0xC2, 0xFF, 0xFF, 0xC3,
  0x1F, 0xFF, 0xC2, 0xDF, 0xFF, 0xCB, 0x7E, 0xFF, 0xDC, 0x3E, 0xFF, 0xB2, 0xDB, 0xF5, 0x00, 0x00,
  0x00, 0x00, 0x00, 0x00, 0x00, 0x00, 0x00, 0x00, 0x00, 0x00, 0x00, 0x00, 0x00, 0x00, 0x00, 0x00,
  0x07, 0xFF, 0x04, 0x1F, 0x3E, 0xDA, 0x1F, 0x5E, 0xFF, 0x16, 0xFD, 0xFF, 0x16, 0x3B, 0xBB, 0x07,
  0xFF, 0x01, 0x00, 0x00, 0x00, 0x00, 0x00, 0x00, 0x00, 0x00, 0x00, 0x00, 0x00, 0x00, 0x00, 0x00,
  0x00, 0x00, 0x00, 0x00, 0x00, 0x00, 0x00, 0x00, 0x00, 0x00, 0x00, 0x00, 0x00, 0x26, 0x3D, 0x1F,
  0x3E, 0xDF, 0xF6, 0x16, 0x5F, 0xFF, 0x0D, 0xBD, 0xFF, 0x14, 0xFB, 0x5D, 0x00, 0x00, 0x00, 0x25,
  0x9E, 0x3F, 0x3E, 0x1F, 0xFE, 0x1D, 0x5F, 0xFF, 0x2D, 0x1E, 0xFE, 0x1C, 0x7D, 0x45, 0x00, 0x00,
  0x00, 0x00, 0x00, 0x00, 0x2D, 0x1C, 0x0B, 0x55, 0x9F, 0x93, 0x65, 0xDF, 0xF5, 0x55, 0x9F, 0xFF,
  0x45, 0x3F, 0xFF, 0x44, 0xFF, 0xFF, 0x44, 0xFF, 0xFF, 0x44, 0xDF, 0xFF, 0x4C, 0xDF, 0xFF, 0x4C,
  0xDF, 0xFF, 0x4C, 0xBF, 0xFF, 0x4C, 0x9F, 0xFC, 0x54, 0x7F, 0xC6, 0x5C, 0x5E, 0x21, 0x00, 0x00,
  0x00, 0x00, 0x00, 0x00, 0x54, 0x7F, 0x09, 0x65, 0x1F, 0xE0, 0x5C, 0x9F, 0xFF, 0x4B, 0xBE, 0xF9,
  0x43, 0x5C, 0x2B, 0x00, 0x00, 0x00, 0x00, 0x00, 0x00, 0x00, 0x00, 0x00, 0x7B, 0xFF, 0x02, 0x74,
  0x9F, 0x63, 0x8D, 0x1F, 0xE5, 0x8C, 0xFF, 0xFE, 0x84, 0x7F, 0xFF, 0x7C, 0x3F, 0xFF, 0x7C, 0x1F,
  0xFF, 0x84, 0x1F, 0xFF, 0x8C, 0x1F, 0xFF, 0x94, 0x1F, 0xFF, 0x93, 0xFF, 0xFE, 0x93, 0xDF, 0xDF,
  0x93, 0x9E, 0x51, 0xF8, 0x1F, 0x01, 0x00, 0x00, 0x00, 0x00, 0x00, 0x00, 0x7A, 0xBA, 0x06, 0x93,
  0x5E, 0xD0, 0x9B, 0x9F, 0xFF, 0xB3, 0xFF, 0xF8, 0xA3, 0x5E, 0x24, 0x00, 0x00, 0x00, 0x00, 0x00,
  0x00, 0x7B, 0xEF, 0x02, 0xBC, 0x5F, 0x58, 0xBC, 0x7F, 0xE7, 0xBC, 0x5F, 0xFE, 0xBB, 0xFF, 0xFF,
  0xBB, 0xFF, 0xFF, 0xBB, 0xDF, 0xFF, 0xC3, 0xDF, 0xFF, 0xC3, 0xDF, 0xFF, 0xC3, 0xDF, 0xFF, 0xC3,
  0xDF, 0xFE, 0xCB, 0xDF, 0xF5, 0xCB, 0xDF, 0x97, 0xBB, 0x5D, 0x0C, 0x00, 0x00, 0x00, 0x00, 0x00,
  0x00, 0x00, 0x00, 0x00, 0x00, 0x00, 0x00, 0x00, 0x00, 0x00, 0x00, 0x00, 0x00, 0x00, 0x00, 0x00,
  0x00, 0x00, 0x00, 0x00, 0x00, 0x00, 0x00, 0x00, 0x00, 0x00, 0x00, 0x00, 0x00, 0x00, 0x00, 0x00,
  0x00, 0x00, 0x00, 0x00, 0x00, 0x00, 0x00, 0x00, 0x00, 0x00, 0x00, 0x00, 0x00, 0x00, 0x00, 0x00,
  0x00, 0x00, 0x00, 0x00, 0x00, 0x00, 0x00, 0x00, 0x00, 0x00, 0x00, 0x00, 0x00, 0x00, 0x00, 0x00,
  0x47, 0xDF, 0xF2, 0x6F, 0xFF, 0xFF, 0x97, 0xFF, 0xFF, 0x3F, 0xDF, 0xFF, 0x2F, 0x7E, 0xFF, 0x2F,
  0x1D, 0xFF, 0x3E, 0xBC, 0xFF, 0x16, 0x1B, 0xFF, 0x0C, 0x57, 0xFF, 0x5D, 0xFF, 0xFF, 0x75, 0xFF,
  0xFF, 0x2A, 0xD2, 0xFF, 0x4A, 0x8B, 0xFF, 0x10, 0x82, 0xFF, 0x00, 0x00, 0xFF, 0x00, 0x00, 0xFF,
  0x00, 0x00, 0xFF, 0x00, 0x00, 0xFF, 0x00, 0x20, 0xFF, 0x52, 0xCB, 0xFF, 0x84, 0x51, 0xFF, 0x84,
  0x51, 0xFF, 0x52, 0xAA, 0xFF, 0x00, 0x20, 0xFF, 0x5B, 0x0C, 0xFF, 0xEF, 0xFF, 0xFF, 0xEF, 0xDF,
  0xFF, 0x63, 0x4D, 0xFF, 0x00, 0x00, 0xFF, 0x00, 0x00, 0xFF, 0x31, 0xA6, 0xFF, 0xE7, 0x9E, 0xFF,
  0xEF, 0xFF, 0xFF, 0x84, 0x71, 0xFF, 0x00, 0x00, 0xFF, 0x39, 0xE7, 0xFF, 0x7C, 0x30, 0xFF, 0x84,
  0x51, 0xFF, 0x73, 0xCF, 0xFF, 0x10, 0xA2, 0xFF, 0x00, 0x00, 0xFF, 0x00, 0x00, 0xFF, 0x00, 0x00,
  0xFF, 0x00, 0x00, 0xFF, 0x00, 0x00, 0xFF, 0x52, 0x07, 0xFF, 0x41, 0x8E, 0xFF, 0x9B, 0x7E, 0xFF,
  0xB3, 0x7D, 0xFF, 0x50, 0xF3, 0xFF, 0xA2, 0x1D, 0xFF, 0xD4, 0xDF, 0xFF, 0xC2, 0xFF, 0xFF, 0xBA,
  0xDF, 0xFF, 0xBA, 0xBE, 0xFF, 0xC3, 0x5D, 0xFF, 0xDC, 0x5D, 0xFF, 0xAA, 0xB9, 0xFE, 0x00, 0x00,
  0x00, 0x00, 0x00, 0x00, 0xFF, 0xFF, 0x01, 0x00, 0x00, 0x00, 0x00, 0x00, 0x00, 0x00, 0x00, 0x00,
  0x07, 0xFF, 0x04, 0x1F, 0x3E, 0xDA, 0x1F, 0x5E, 0xFF, 0x0E, 0xFD, 0xFF, 0x16, 0x1B, 0xBB, 0x07,
  0xFF, 0x01, 0x1E, 0xBE, 0x1A, 0x26, 0xDE, 0x31, 0x1E, 0xBD, 0x32, 0x1E, 0xBE, 0x31, 0x1E, 0x9D,
  0x32, 0x1E, 0x9D, 0x32, 0x1E, 0x7E, 0x33, 0x26, 0x7E, 0x33, 0x26, 0x7E, 0x3E, 0x36, 0xBF, 0xB8,
  0x46, 0xDF, 0xFF, 0x0D, 0xFE, 0xFF, 0x05, 0x3C, 0xF5, 0x14, 0xDA, 0x23, 0x00, 0x00, 0x00, 0x1D,
  0x7E, 0x3E, 0x3D, 0xFF, 0xFE, 0x1D, 0x5F, 0xFF, 0x2C, 0xFE, 0xFE, 0x1C, 0x7D, 0x43, 0x00, 0x00,
  0x00, 0x3D, 0xFF, 0x04, 0x3D, 0x3F, 0xA8, 0x65, 0xFF, 0xFE, 0x3D, 0x1F, 0xFF, 0x2C, 0x9F, 0xFF,
  0x24, 0x3E, 0xFF, 0x23, 0xFE, 0xFF, 0x23, 0xFE, 0xFF, 0x23, 0xFE, 0xFF, 0x2B, 0xFE, 0xFF, 0x2B,
  0xFF, 0xFF, 0x34, 0x1F, 0xFF, 0x44, 0x5F, 0xFF, 0x5C, 0x9F, 0xFF, 0x64, 0x7F, 0xD4, 0x4B, 0x7D,
  0x10, 0x00, 0x00, 0x00, 0x4C, 0x5E, 0x25, 0x6D, 0x3F, 0xF9, 0x54, 0x3F, 0xFF, 0x43, 0x7E, 0xDA,
  0x53, 0xFF, 0x06, 0x00, 0x00, 0x00, 0x00, 0x00, 0x00, 0x00, 0x00, 0x00, 0x64, 0x7E, 0x65, 0x8D,
  0x5F, 0xFB, 0x6C, 0x5F, 0xFF, 0x63, 0xBF, 0xFF, 0x5B, 0x5E, 0xFF, 0x5B, 0x3E, 0xFF, 0x63, 0x3E,
  0xFF, 0x6B, 0x3E, 0xFF, 0x6B, 0x3E, 0xFF, 0x73, 0x3E, 0xFF, 0x7B, 0x7F, 0xFF, 0x8B, 0x9F, 0xFF,
  0x9B, 0xDF, 0xF6, 0x8B, 0x5D, 0x40, 0x00, 0x00, 0x00, 0x00, 0x00, 0x00, 0x00, 0x00, 0x00, 0x8B,
  0x3E, 0x85, 0x9B, 0x9F, 0xFF, 0xAB, 0xBF, 0xFF, 0xA3, 0x5E, 0x61, 0x00, 0x00, 0x00, 0x00, 0x00,
  0x00, 0xAB, 0xFF, 0x4E, 0xC4, 0xDF, 0xF8, 0xB3, 0xFF, 0xFF, 0xAB, 0x5F, 0xFF, 0xA2, 0xFE, 0xFF,
  0xA2, 0xDE, 0xFF, 0xA2, 0xDE, 0xFF, 0xA2, 0xDE, 0xFF, 0xAA, 0xDE, 0xFF, 0xAA, 0xDE, 0xFF, 0xB3,
  0x3F, 0xFF, 0xBB, 0x9F, 0xFF, 0xD4, 0x3F, 0xFE, 0xCB, 0xDF, 0xAA, 0xCB, 0x3F, 0x05, 0x00, 0x00,
  0x00, 0x00, 0x00, 0x00, 0x00, 0x00, 0x00, 0x00, 0x00, 0x00, 0x00, 0x00, 0x00, 0x00, 0x00, 0x00,
  0x00, 0x00, 0x00, 0x00, 0x00, 0x00, 0x00, 0x00, 0x00, 0x00, 0x00, 0x00, 0x00, 0x00, 0x00, 0x00,
  0x00, 0x00, 0x00, 0x00, 0x00, 0x00, 0x00, 0x00, 0x00, 0x00, 0x00, 0x00, 0x00, 0x00, 0x00, 0x00,
  0x00, 0x00, 0x00, 0x00, 0x00, 0x00, 0x00, 0x00, 0x00, 0x00, 0x00, 0x00, 0x00, 0x00, 0x00, 0x00,
  0x47, 0xBF, 0xE3, 0x37, 0xDF, 0xFF, 0x47, 0xDF, 0xFF, 0x2F, 0xBF, 0xFF, 0x2F, 0x7E, 0xFF, 0x2F,
  0x3D, 0xFF, 0x3E, 0xBC, 0xFF, 0x1D, 0xFB, 0xFF, 0x0C, 0x57, 0xFF, 0x55, 0xDF, 0xFF, 0x75, 0xFF,
  0xFF, 0x33, 0x13, 0xFF, 0x19, 0x05, 0xFF, 0x08, 0x61, 0xFF, 0x00, 0x00, 0xFF, 0x00, 0x00, 0xFF,
  0x00, 0x00, 0xFF, 0x00, 0x00, 0xFF, 0x00, 0x00, 0xFF, 0x00, 0x00, 0xFF, 0x00, 0x00, 0xFF, 0x00,
  0x00, 0xFF, 0x00, 0x00, 0xFF, 0x00, 0x00, 0xFF, 0x5B, 0x0C, 0xFF, 0xF7, 0xFF, 0xFF, 0xF7, 0xFF,
  0xFF, 0xEF, 0xDF, 0xFF, 0xAD, 0x96, 0xFF, 0x94, 0xD3, 0xFF, 0xE7, 0x9E, 0xFF, 0xF7, 0xFF, 0xFF,
  0xF7, 0xFF, 0xFF, 0x8C, 0x72, 0xFF, 0x00, 0x00, 0xFF, 0x00, 0x00, 0xFF, 0x00, 0x00, 0xFF, 0x00,
  0x00, 0xFF, 0x00, 0x00, 0xFF, 0x00, 0x00, 0xFF, 0x00, 0x00, 0xFF, 0x00, 0x00, 0xFF, 0x00, 0x00,
  0xFF, 0x00, 0x00, 0xFF, 0x00, 0x20, 0xFF, 0x52, 0x07, 0xFF, 0x51, 0xF0, 0xFF, 0xA3, 0x7E, 0xFF,
  0xAB, 0x3C, 0xFF, 0x50, 0xD2, 0xFF, 0xA2, 0x3D, 0xFF, 0xD4, 0xBF, 0xFF, 0xBA, 0xDF, 0xFF, 0xBA,
  0xBF, 0xFF, 0xB2, 0x7E, 0xFF, 0xC3, 0x5C, 0xFF, 0xD4, 0x3C, 0xFF, 0xA2, 0x79, 0xF4, 0x00, 0x00,
  0x00, 0x00, 0x00, 0x00, 0x00, 0x00, 0x00, 0x00, 0x00, 0x00, 0x00, 0x00, 0x00, 0x00, 0x00, 0x00,
  0x05, 0xFF, 0x04, 0x1F, 0x3E, 0xD9, 0x1F, 0x3E, 0xFF, 0x0E, 0xDD, 0xFF, 0x15, 0xFB, 0xBC, 0x16,
  0x9D, 0x38, 0x3F, 0x3E, 0xEE, 0x37, 0x1F, 0xFC, 0x37, 0x1F, 0xFC, 0x37, 0x1F, 0xFC, 0x2F, 0x1F,
  0xFC, 0x2E, 0xFF, 0xFC, 0x2E, 0xDF, 0xFD, 0x2E, 0xDF, 0xFD, 0x2E, 0xBF, 0xFD, 0x2E, 0xBF, 0xFF,
  0x0E, 0x3F, 0xFF, 0x05, 0x5D, 0xFE, 0x0C, 0xBA, 0x92, 0x07, 0xFF, 0x01, 0x00, 0x00, 0x00, 0x25,
  0x7E, 0x3E, 0x35, 0xFF, 0xFE, 0x1D, 0x3F, 0xFF, 0x24, 0xDE, 0xFE, 0x1C, 0x1C, 0x45, 0x00, 0x00,
  0x00, 0x34, 0xFE, 0x43, 0x65, 0xDF, 0xFB, 0x34, 0xFF, 0xFF, 0x24, 0x5E, 0xFF, 0x1B, 0x7C, 0xDE,
  0x13, 0x1C, 0x95, 0x12, 0xFC, 0x87, 0x12, 0xFC, 0x86, 0x1A, 0xFC, 0x85, 0x1A, 0xDC, 0x86, 0x1A,
  0xDC, 0x8A, 0x23, 0x5D, 0xBB, 0x33, 0xDF, 0xFC, 0x3C, 0x3F, 0xFF, 0x5C, 0x5F, 0xFE, 0x43, 0x7E,
  0x6C, 0x00, 0x00, 0x00, 0x44, 0x5E, 0x4B, 0x6D, 0x3F, 0xFE, 0x4C, 0x1F, 0xFF, 0x3B, 0x3D, 0xB0,
  0x00, 0x1F, 0x01, 0x00, 0x00, 0x00, 0x00, 0x00, 0x00, 0x5B, 0xFF, 0x14, 0x7D, 0x3F, 0xE9, 0x6C,
  0x5F, 0xFF, 0x5B, 0x9F, 0xFF, 0x4A, 0xBC, 0xE8, 0x42, 0x7B, 0x99, 0x4A, 0x7B, 0x84, 0x52, 0x7B,
  0x82, 0x52, 0x5B, 0x84, 0x4A, 0x3B, 0x86, 0x5A, 0x5C, 0x98, 0x6A, 0xDD, 0xE8, 0x83, 0x5F, 0xFF,
  0x93, 0x9F, 0xFF, 0x93, 0x7E, 0xC2, 0xAA, 0xBF, 0x03, 0x00, 0x00, 0x00, 0x00, 0x00, 0x00, 0x93,
  0x3F, 0x4C, 0x9B, 0x7F, 0xFE, 0xA3, 0x9F, 0xFF, 0xA3, 0x5E, 0x95, 0x00, 0x00, 0x00, 0x9A, 0xFB,
  0x08, 0xB4, 0x5F, 0xD5, 0xB4, 0x1F, 0xFF, 0xA3, 0x3F, 0xFF, 0x92, 0x9D, 0xF0, 0x82, 0x3B, 0xA7,
  0x82, 0x1A, 0x8A, 0x82, 0x3A, 0x89, 0x82, 0x3A, 0x88, 0x81, 0xFA, 0x8B, 0x8A, 0x3A, 0x95, 0x9A,
  0x7C, 0xD8, 0xAA, 0xFE, 0xFF, 0xBB, 0x5F, 0xFF, 0xCC, 0x1E, 0xFC, 0xBB, 0x7D, 0x4F, 0x00, 0x00,
  0x00, 0x00, 0x00, 0x00, 0x00, 0x00, 0x00, 0x00, 0x00, 0x00, 0x00, 0x00, 0x00, 0x00, 0x00, 0x00,
  0x00, 0x00, 0x00, 0x00, 0x00, 0x00, 0x00, 0x00, 0x00, 0x00, 0x00, 0x00, 0x00, 0x00, 0x00, 0x00,
  0x00, 0x00, 0x00, 0x00, 0x00, 0x00, 0x00, 0x00, 0x00, 0x00, 0x00, 0x00, 0x00, 0x00, 0x00, 0x00,
  0x00, 0x00, 0x00, 0x00, 0x00, 0x00, 0x00, 0x00, 0x00, 0x00, 0x00, 0x00, 0x00, 0x00, 0x00, 0x00,
  0x47, 0x9F, 0xA7, 0x2F, 0xBF, 0xFF, 0x2F, 0xBF, 0xFF, 0x2F, 0x9F, 0xFF, 0x2F, 0x7E, 0xFF, 0x2F,
  0x3D, 0xFF, 0x2E, 0xBB, 0xFF, 0x25, 0xFB, 0xFF, 0x04, 0x78, 0xFF, 0x55, 0xBF, 0xFF, 0x65, 0xBF,
  0xFF, 0x3B, 0x76, 0xFF, 0x00, 0x42, 0xFF, 0x00, 0x00, 0xFF, 0x00, 0x00, 0xFF, 0x00, 0x00, 0xFF,
  0x00, 0x00, 0xFF, 0x00, 0x00, 0xFF, 0x00, 0x00, 0xFF, 0x00, 0x00, 0xFF, 0x00, 0x00, 0xFF, 0x00,
  0x00, 0xFF, 0x00, 0x00, 0xFF, 0x00, 0x00, 0xFF, 0x10, 0xA2, 0xFF, 0xD6, 0xFB, 0xFF, 0xF7, 0xFF,
  0xFF, 0xF7, 0xFF, 0xFF, 0xF7, 0xFF, 0xFF, 0xF7, 0xFF, 0xFF, 0xF7, 0xFF, 0xFF, 0xF7, 0xFF, 0xFF,
  0xE7, 0x7D, 0xFF, 0x31, 0xA6, 0xFF, 0x00, 0x00, 0xFF, 0x00, 0x00, 0xFF, 0x00, 0x00, 0xFF, 0x00,
  0x00, 0xFF, 0x00, 0x00, 0xFF, 0x00, 0x00, 0xFF, 0x00, 0x00, 0xFF, 0x00, 0x00, 0xFF, 0x00, 0x00,
  0xFF, 0x00, 0x00, 0xFF, 0x08, 0x40, 0xFF, 0x52, 0x07, 0xFF, 0x5A, 0x12, 0xFF, 0xA3, 0x5D, 0xFF,
  0xA2, 0xDB, 0xFF, 0x50, 0xB2, 0xFF, 0xAA, 0x5E, 0xFF, 0xCC, 0x1F, 0xFF, 0xBA, 0xBF, 0xFF, 0xB2,
  0x9E, 0xFF, 0xA2, 0x5D, 0xFF, 0xAA, 0x7B, 0xFF, 0xA2, 0x79, 0xFF, 0x9A, 0x98, 0xC4, 0x00, 0x00,
  0x00, 0x00, 0x00, 0x00, 0x00, 0x00, 0x00, 0x00, 0x00, 0x00, 0x00, 0x00, 0x00, 0x00, 0x00, 0x00,
  0x05, 0xFF, 0x04, 0x17, 0x1E, 0xDA, 0x1F, 0x3E, 0xFF, 0x0E, 0xDD, 0xFF, 0x15, 0xDA, 0xBC, 0x16,
  0x9D, 0x7A, 0x26, 0xFE, 0xFF, 0x0E, 0xBE, 0xFF, 0x0E, 0x9E, 0xFF, 0x0E, 0x9E, 0xFF, 0x0E, 0x7E,
  0xFF, 0x0E, 0x7E, 0xFF, 0x0E, 0x5E, 0xFF, 0x0E, 0x3E, 0xFF, 0x0E, 0x3E, 0xFF, 0x0E, 0x1E, 0xFF,
  0x0D, 0xFE, 0xFF, 0x25, 0x9D, 0xF8, 0x25, 0x5D, 0x4C, 0x00, 0x00, 0x00, 0x00, 0x00, 0x00, 0x25,
  0x7E, 0x3E, 0x2D, 0xBF, 0xFE, 0x1D, 0x3F, 0xFF, 0x24, 0x9E, 0xFE, 0x13, 0xFC, 0x45, 0x00, 0x00,
  0x00, 0x35, 0x3F, 0xA0, 0x5D, 0xDF, 0xFF, 0x24, 0xBF, 0xFF, 0x1B, 0xDD, 0xE1, 0x1B, 0x9C, 0x19,
  0x7B, 0xFF, 0x02, 0x7B, 0xFF, 0x02, 0x7B, 0xFF, 0x02, 0x7B, 0xFF, 0x02, 0x7B, 0xFF, 0x02, 0x7B,
  0xFF, 0x02, 0x2B, 0xFF, 0x06, 0x2B, 0xDE, 0xAE, 0x3C, 0x1F, 0xFF, 0x4C, 0x1F, 0xFF, 0x4B, 0x9E,
  0xAE, 0x00, 0x1F, 0x01, 0x44, 0x5E, 0x67, 0x64, 0xDF, 0xFF, 0x4B, 0xFF, 0xFF, 0x43, 0x3D, 0x8E,
  0x00, 0x00, 0x00, 0x00, 0x00, 0x00, 0x00, 0x00, 0x00, 0x54, 0x1F, 0x54, 0x85, 0x1F, 0xFE, 0x63,
  0xFF, 0xFF, 0x5B, 0x5E, 0xF0, 0x52, 0xBB, 0x29, 0x7B, 0xFF, 0x02, 0x7B, 0xFF, 0x02, 0x7B, 0xFF,
  0x02, 0x7B, 0xFF, 0x02, 0x7B, 0xFF, 0x02, 0x7B, 0xFF, 0x02, 0x6A, 0xBD, 0x39, 0x83, 0x5F, 0xFA,
  0x8B, 0x7F, 0xFF, 0x93, 0x5E, 0xF1, 0x82, 0xFE, 0x13, 0x00, 0x00, 0x00, 0x00, 0x00, 0x00, 0x93,
  0x1F, 0x2E, 0x9B, 0x9F, 0xFC, 0xA3, 0x7F, 0xFF, 0x9B, 0x1E, 0xB9, 0x00, 0x1F, 0x01, 0xA3, 0x7F,
  0x27, 0xB4, 0x5F, 0xFA, 0xAB, 0x7F, 0xFF, 0x9A, 0xDE, 0xFC, 0x8A, 0x5B, 0x4A, 0x00, 0x1F, 0x01,
  0x00, 0x00, 0x00, 0x00, 0x00, 0x00, 0x00, 0x00, 0x00, 0x00, 0x00, 0x00, 0x00, 0x00, 0x00, 0x9A,
  0xBB, 0x0F, 0xA2, 0xBE, 0xC8, 0xBB, 0x5F, 0xFF, 0xC3, 0x9F, 0xFF, 0xBB, 0x7D, 0xBA, 0x00, 0x00,
  0x00, 0x00, 0x00, 0x00, 0x00, 0x00, 0x00, 0x00, 0x00, 0x00, 0x00, 0x00, 0x00, 0x00, 0x00, 0x00,
  0x00, 0x00, 0x00, 0x00, 0x00, 0x00, 0x00, 0x00, 0x00, 0x00, 0x00, 0x00, 0x00, 0x00, 0x00, 0x00,
  0x00, 0x00, 0x00, 0x00, 0x00, 0x00, 0x00, 0x00, 0x00, 0x00, 0x00, 0x00, 0x00, 0x00, 0x00, 0x00,
  0x00, 0x00, 0x00, 0x00, 0x00, 0x00, 0x00, 0x00, 0x00, 0x00, 0x00, 0x00, 0x00, 0x00, 0x00, 0x00,
  0x4F, 0x5E, 0x3C, 0x3F, 0x5E, 0xF9, 0x37, 0x7E, 0xFF, 0x2F, 0x5E, 0xFF, 0x27, 0x5E, 0xFF, 0x27,
  0x1D, 0xFF, 0x26, 0x9B, 0xFF, 0x2E, 0x1A, 0xFF, 0x04, 0xD9, 0xFF, 0x45, 0x3E, 0xFF, 0x5D, 0x7F,
  0xFF, 0x44, 0x3B, 0xFF, 0x00, 0x63, 0xFF, 0x00, 0x00, 0xFF, 0x00, 0x00, 0xFF, 0x00, 0x00, 0xFF,
  0x00, 0x00, 0xFF, 0x00, 0x00, 0xFF, 0x00, 0x00, 0xFF, 0x00, 0x00, 0xFF, 0x00, 0x00, 0xFF, 0x00,
  0x00, 0xFF, 0x00, 0x00, 0xFF, 0x00, 0x00, 0xFF, 0x00, 0x00, 0xFF, 0x21, 0x04, 0xFF, 0xB5, 0xF7,
  0xFF, 0xEF, 0xBE, 0xFF, 0xEF, 0xFF, 0xFF, 0xEF, 0xFF, 0xFF, 0xEF, 0xDF, 0xFF, 0xC6, 0x79, 0xFF,
  0x31, 0xC7, 0xFF, 0x00, 0x00, 0xFF, 0x00, 0x00, 0xFF, 0x00, 0x00, 0xFF, 0x00, 0x00, 0xFF, 0x00,
  0x00, 0xFF, 0x00, 0x00, 0xFF, 0x00, 0x00, 0xFF, 0x00, 0x00, 0xFF, 0x00, 0x00, 0xFF, 0x00, 0x00,
  0xFF, 0x00, 0x00, 0xFF, 0x10, 0x61, 0xFF, 0x31, 0x45, 0xFF, 0x7A, 0xD7, 0xFF, 0xAB, 0x5C, 0xFF,
  0x92, 0x5A, 0xFF, 0x58, 0xB3, 0xFF, 0xAA, 0xDE, 0xFF, 0xBB, 0x1F, 0xFF, 0xAA, 0x7E, 0xFF, 0xA2,
  0x5D, 0xFF, 0x9A, 0x3B, 0xFF, 0x9A, 0x19, 0xFF, 0x92, 0x18, 0xFD, 0x92, 0x77, 0x60, 0x00, 0x00,
  0x00, 0x00, 0x00, 0x00, 0x00, 0x00, 0x00, 0x00, 0x00, 0x00, 0x00, 0x00, 0x00, 0x00, 0x00, 0x00,
  0x05, 0xFF, 0x04, 0x17, 0x1E, 0xD9, 0x17, 0x1E, 0xFF, 0x06, 0xBD, 0xFF, 0x0D, 0x9A, 0xBD, 0x1E,
  0x3B, 0x27, 0x05, 0xDB, 0xDC, 0x05, 0x9A, 0xF5, 0x05, 0x5A, 0xF6, 0x05, 0x5A, 0xF6, 0x05, 0x3A,
  0xF6, 0x05, 0x3A, 0xF6, 0x05, 0x1A, 0xF6, 0x05, 0x1A, 0xF6, 0x05, 0x1A, 0xF7, 0x05, 0x7C, 0xFE,
  0x0D, 0xDE, 0xFF, 0x1D, 0xFF, 0xFF, 0x35, 0xBE, 0xF0, 0x25, 0x5D, 0x2A, 0x00, 0x00, 0x00, 0x25,
  0x3E, 0x3F, 0x25, 0x9F, 0xFE, 0x1D, 0x3F, 0xFF, 0x24, 0x9E, 0xFE, 0x1B, 0xFD, 0x44, 0x55, 0x5F,
  0x03, 0x35, 0x1F, 0xCE, 0x45, 0x5F, 0xFF, 0x24, 0xBF, 0xFF, 0x2C, 0x9F, 0xF0, 0x44, 0xDF, 0xC8,
  0x44, 0xDF, 0xC7, 0x44, 0xBF, 0xC7, 0x4C, 0xBF, 0xC7, 0x44, 0x7F, 0xC7, 0x4C, 0x7F, 0xC7, 0x4C,
  0x7F, 0xC6, 0x4C, 0x7F, 0xC7, 0x54, 0x9F, 0xE3, 0x54, 0x7F, 0xFF, 0x43, 0xBF, 0xFF, 0x33, 0x1D,
  0xB8, 0x00, 0x1F, 0x01, 0x44, 0x1E, 0x71, 0x64, 0xBF, 0xFF, 0x53, 0xFF, 0xFF, 0x43, 0x3D, 0x85,
  0x00, 0x00, 0x00, 0x00, 0x00, 0x00, 0x00, 0x00, 0x00, 0x5C, 0x1F, 0x88, 0x74, 0xDF, 0xFF, 0x63,
  0xDF, 0xFF, 0x6B, 0xDF, 0xF5, 0x7C, 0x1F, 0xC6, 0x7C, 0x1F, 0xC5, 0x83, 0xFF, 0xC6, 0x84, 0x1F,
  0xC5, 0x8C, 0x1F, 0xC4, 0x8B, 0xFF, 0xC5, 0x8B, 0xBF, 0xC7, 0x8B, 0x9F, 0xCD, 0x9C, 0x1F, 0xFC,
  0x83, 0x3F, 0xFF, 0x82, 0xFE, 0xF5, 0x7A, 0xFD, 0x18, 0x00, 0x00, 0x00, 0x00, 0x00, 0x00, 0x8B,
  0x1E, 0x27, 0x9B, 0xBF, 0xFA, 0x9B, 0x5F, 0xFF, 0x9B, 0x1E, 0xC6, 0x7B, 0xFF, 0x02, 0x9B, 0x1E,
  0x43, 0xAC, 0x1F, 0xFE, 0xA3, 0x5F, 0xFF, 0xA2, 0xDE, 0xF0, 0x92, 0xDC, 0x11, 0x00, 0x00, 0x00,
  0x00, 0x00, 0x00, 0x00, 0x00, 0x00, 0x00, 0x00, 0x00, 0x00, 0x00, 0x00, 0x00, 0x00, 0x00, 0x00,
  0x00, 0x00, 0xAB, 0x3E, 0x60, 0xBB, 0x5F, 0xFF, 0xBB, 0x5F, 0xFF, 0xBB, 0x3D, 0xE8, 0x00, 0x00,
  0x00, 0x00, 0x00, 0x00, 0x00, 0x00, 0x00, 0x00, 0x00, 0x00, 0x00, 0x00, 0x00, 0x00, 0x00, 0x00,
  0x00, 0x00, 0x00, 0x00, 0x00, 0x00, 0x00, 0x00, 0x00, 0x00, 0x00, 0x00, 0x00, 0x00, 0x00, 0x00,
  0x00, 0x00, 0x00, 0x00, 0x00, 0x00, 0x00, 0x00, 0x00, 0x00, 0x00, 0x00, 0x00, 0x00, 0x00, 0x00,
  0x00, 0x00, 0x00, 0x00, 0x00, 0x00, 0x00, 0x00, 0x00, 0x00, 0x00, 0x00, 0x00, 0x00, 0x00, 0x00,
  0x3D, 0xF7, 0x04, 0x46, 0xFD, 0xA7, 0x37, 0x1D, 0xFF, 0x2F, 0x1D, 0xFF, 0x2E, 0xFD, 0xFF, 0x2E,
  0xDC, 0xFF, 0x26, 0x5B, 0xFF, 0x25, 0xDA, 0xFF, 0x04, 0x98, 0xFF, 0x2C, 0x7B, 0xFF, 0x55, 0x5F,
  0xFF, 0x54, 0xDE, 0xFF, 0x11, 0x08, 0xFF, 0x00, 0x00, 0xFF, 0x00, 0x00, 0xFF, 0x00, 0x00, 0xFF,
  0x00, 0x00, 0xFF, 0x00, 0x00, 0xFF, 0x00, 0x00, 0xFF, 0x00, 0x00, 0xFF, 0x00, 0x00, 0xFF, 0x00,
  0x00, 0xFF, 0x00, 0x00, 0xFF, 0x00, 0x00, 0xFF, 0x00, 0x00, 0xFF, 0x00, 0x00, 0xFF, 0x00, 0x20,
  0xFF, 0x18, 0xE3, 0xFF, 0x31, 0xA6, 0xFF, 0x31, 0xA6, 0xFF, 0x21, 0x24, 0xFF, 0x00, 0x20, 0xFF,
  0x00, 0x00, 0xFF, 0x00, 0x00, 0xFF, 0x00, 0x00, 0xFF, 0x00, 0x00, 0xFF, 0x00, 0x00, 0xFF, 0x00,
  0x00, 0xFF, 0x00, 0x00, 0xFF, 0x00, 0x00, 0xFF, 0x00, 0x00, 0xFF, 0x00, 0x00, 0xFF, 0x00, 0x00,
  0xFF, 0x00, 0x00, 0xFF, 0x08, 0x20, 0xFF, 0x18, 0x65, 0xFF, 0x9B, 0x5C, 0xFF, 0xAB, 0x5C, 0xFF,
  0x79, 0xB7, 0xFF, 0x60, 0xD4, 0xFF, 0xA2, 0x5E, 0xFF, 0xAA, 0x9E, 0xFF, 0xA2, 0x5D, 0xFF, 0x9A,
  0x1B, 0xFF, 0x91, 0xF9, 0xFF, 0x92, 0x17, 0xFF, 0x9A, 0x77, 0xC6, 0x9A, 0x76, 0x0A, 0x00, 0x00,
  0x00, 0x00, 0x00, 0x00, 0x00, 0x00, 0x00, 0x00, 0x00, 0x00, 0x00, 0x00, 0x00, 0x00, 0x00, 0x00,
  0x05, 0xFF, 0x04, 0x0E, 0xFE, 0xD9, 0x0F, 0x1E, 0xFF, 0x06, 0x9D, 0xFF, 0x0D, 0x9A, 0xBB, 0x07,
  0xFF, 0x01, 0x15, 0x17, 0x0B, 0x14, 0xF9, 0x18, 0x14, 0xF9, 0x18, 0x14, 0xF9, 0x18, 0x14, 0xF9,
  0x18, 0x14, 0xD8, 0x19, 0x14, 0x76, 0x19, 0x14, 0x78, 0x19, 0x14, 0xB8, 0x1B, 0x0C, 0xFB, 0x64,
  0x0D, 0x7E, 0xF8, 0x0D, 0xBF, 0xFF, 0x25, 0x9E, 0xFF, 0x1C, 0xFD, 0x9E, 0x00, 0x00, 0x01, 0x1D,
  0x1E, 0x40, 0x1D, 0x7F, 0xFE, 0x1D, 0x1F, 0xFF, 0x24, 0x7E, 0xFE, 0x1B, 0xFD, 0x44, 0x34, 0xDF,
  0x05, 0x24, 0xDF, 0xDB, 0x34, 0xFF, 0xFF, 0x24, 0xBF, 0xFF, 0x2C, 0x9F, 0xFF, 0x2C, 0x9F, 0xFF,
  0x2C, 0x9F, 0xFF, 0x34, 0x7F, 0xFF, 0x34, 0x5F, 0xFF, 0x34, 0x3F, 0xFF, 0x3C, 0x3F, 0xFF, 0x3C,
  0x1F, 0xFF, 0x3C, 0x1F, 0xFF, 0x3C, 0x1F, 0xFF, 0x3B, 0xBF, 0xFF, 0x33, 0x5E, 0xFF, 0x32, 0xDC,
  0x7A, 0x00, 0x00, 0x00, 0x4C, 0x3E, 0x69, 0x5C, 0x7F, 0xFF, 0x53, 0xDF, 0xFF, 0x43, 0x1D, 0x8B,
  0x00, 0x00, 0x00, 0x00, 0x00, 0x00, 0x00, 0x00, 0x00, 0x53, 0xDF, 0x97, 0x6C, 0x5F, 0xFF, 0x5B,
  0xDF, 0xFF, 0x63, 0xBF, 0xFF, 0x6B, 0xBF, 0xFF, 0x73, 0xBF, 0xFF, 0x73, 0x9F, 0xFF, 0x73, 0x9F,
  0xFF, 0x7B, 0x7F, 0xFF, 0x7B, 0x7F, 0xFF, 0x83, 0x5F, 0xFF, 0x83, 0x5F, 0xFF, 0x83, 0x1F, 0xFF,
  0x7A, 0xDE, 0xFF, 0x6A, 0x5D, 0xD7, 0x59, 0xFB, 0x08, 0x00, 0x00, 0x00, 0x00, 0x00, 0x00, 0x93,
  0x1F, 0x29, 0xA3, 0xFF, 0xFB, 0x9B, 0x5F, 0xFF, 0x9A, 0xDD, 0xC4, 0x7B, 0xFF, 0x02, 0x9A, 0xFE,
  0x48, 0xAB, 0xFF, 0xFE, 0xAB, 0x5F, 0xFF, 0xAB, 0x1E, 0xEF, 0x9A, 0xBB, 0x0F, 0x00, 0x00, 0x00,
  0x00, 0x00, 0x00, 0x00, 0x00, 0x00, 0x00, 0x00, 0x00, 0x00, 0x00, 0x00, 0x00, 0x00, 0x00, 0x00,
  0x00, 0x00, 0xAB, 0x1E, 0x45, 0xBB, 0xBF, 0xFE, 0xBB, 0x3F, 0xFF, 0xBB, 0x3D, 0xF6, 0x00, 0x00,
  0x00, 0x00, 0x00, 0x00, 0x00, 0x00, 0x00, 0x00, 0x00, 0x00, 0x00, 0x00, 0x00, 0x00, 0x00, 0x00,
  0x00, 0x00, 0x00, 0x00, 0x00, 0x00, 0x00, 0x00, 0x00, 0x00, 0x00, 0x00, 0x00, 0x00, 0x00, 0x00,
  0x00, 0x00, 0x00, 0x00, 0x00, 0x00, 0x00, 0x00, 0x00, 0x00, 0x00, 0x00, 0x00, 0x00, 0x00, 0x00,
  0x00, 0x00, 0x00, 0x00, 0x00, 0x00, 0x00, 0x00, 0x00, 0x00, 0x00, 0x00, 0x00, 0x00, 0x00, 0x00,
  0x00, 0x00, 0x00, 0x4E, 0xDC, 0x14, 0x36, 0x7B, 0xCA, 0x2E, 0x9B, 0xFF, 0x2E, 0x7B, 0xFF, 0x26,
  0x3A, 0xFF, 0x1D, 0xD9, 0xFF, 0x15, 0x58, 0xFF, 0x04, 0x58, 0xFF, 0x1B, 0xF9, 0xFE, 0x5D, 0x5F,
  0xFF, 0x55, 0x1F, 0xFF, 0x2A, 0x50, 0xFF, 0x00, 0x21, 0xFF, 0x00, 0x00, 0xFF, 0x00, 0x00, 0xFF,
  0x00, 0x00, 0xFF, 0x00, 0x00, 0xFF, 0x00, 0x00, 0xFF, 0x00, 0x00, 0xFF, 0x00, 0x00, 0xFF, 0x00,
  0x00, 0xFF, 0x00, 0x00, 0xFF, 0x00, 0x00, 0xFF, 0x00, 0x00, 0xFF, 0x00, 0x00, 0xFF, 0x00, 0x00,
  0xFF, 0x00, 0x00, 0xFF, 0x00, 0x00, 0xFF, 0x00, 0x00, 0xFF, 0x00, 0x00, 0xFF, 0x00, 0x00, 0xFF,
  0x00, 0x00, 0xFF, 0x00, 0x00, 0xFF, 0x00, 0x00, 0xFF, 0x00, 0x00, 0xFF, 0x00, 0x00, 0xFF, 0x00,
  0x00, 0xFF, 0x00, 0x00, 0xFF, 0x00, 0x00, 0xFF, 0x00, 0x00, 0xFF, 0x00, 0x00, 0xFF, 0x00, 0x00,
  0xFF, 0x00, 0x00, 0xFF, 0x00, 0x21, 0xFF, 0x39, 0x2C, 0xFF, 0x9B, 0x1D, 0xFF, 0x92, 0x7A, 0xFF,
  0x61, 0x33, 0xFE, 0x68, 0xD5, 0xFF, 0x9A, 0x1B, 0xFF, 0x9A, 0x3B, 0xFF, 0x92, 0x1A, 0xFF, 0x89,
  0xF8, 0xFF, 0x89, 0xF6, 0xFF, 0x8A, 0x15, 0xDB, 0x9A, 0xB7, 0x23, 0x00, 0x00, 0x00, 0x00, 0x00,
  0x00, 0x00, 0x00, 0x00, 0x00, 0x00, 0x00, 0x00, 0x00, 0x00, 0x00, 0x00, 0x00, 0x00, 0x00, 0x00,
  0x05, 0xFF, 0x04, 0x0E, 0xDD, 0xDA, 0x0E, 0xFE, 0xFF, 0x0E, 0x9D, 0xFF, 0x0D, 0x9A, 0xBC, 0x07,
  0xFF, 0x01, 0x00, 0x00, 0x00, 0x00, 0x00, 0x00, 0x00, 0x00, 0x00, 0x00, 0x00, 0x00, 0x00, 0x00,
  0x00, 0x00, 0x00, 0x00, 0x00, 0x00, 0x00, 0x00, 0x00, 0x00, 0x00, 0x00, 0x00, 0x05, 0x55, 0x03,
  0x0D, 0x9E, 0xC2, 0x0D, 0xBF, 0xFF, 0x15, 0x7E, 0xFF, 0x24, 0xDD, 0xD5, 0x03, 0xF7, 0x04, 0x1D,
  0x1E, 0x3F, 0x1D, 0x5F, 0xFE, 0x1C, 0xFF, 0xFF, 0x24, 0x5E, 0xFE, 0x13, 0xBC, 0x45, 0x34, 0xD9,
  0x05, 0x1C, 0xBF, 0xD8, 0x2C, 0xDF, 0xFF, 0x24, 0x7F, 0xFF, 0x1B, 0xDD, 0xFF, 0x13, 0x9D, 0xFE,
  0x1B, 0x9D, 0xFE, 0x1B, 0x7D, 0xFE, 0x1B, 0x5D, 0xFE, 0x1B, 0x5D, 0xFE, 0x1B, 0x3D, 0xFE, 0x23,
  0x3D, 0xFE, 0x23, 0x1D, 0xFE, 0x23, 0x1D, 0xFE, 0x22, 0xFD, 0xFA, 0x2A, 0xDC, 0xB5, 0x32, 0xDB,
  0x0E, 0x00, 0x00, 0x00, 0x3B, 0xDE, 0x56, 0x44, 0x1F, 0xFF, 0x4B, 0xDF, 0xFF, 0x4B, 0x5E, 0xA9,
  0x00, 0x00, 0x00, 0x00, 0x00, 0x00, 0x00, 0x00, 0x00, 0x53, 0xBF, 0x93, 0x5C, 0x1F, 0xFF, 0x5B,
  0xBF, 0xFF, 0x53, 0x1E, 0xFF, 0x4A, 0xBD, 0xFD, 0x52, 0x9D, 0xFD, 0x52, 0x9D, 0xFD, 0x52, 0x7D,
  0xFD, 0x5A, 0x7D, 0xFD, 0x5A, 0x7D, 0xFD, 0x62, 0x7D, 0xFD, 0x62, 0x5D, 0xFD, 0x62, 0x3C, 0xFC,
  0x62, 0x1B, 0xE1, 0x59, 0xF9, 0x41, 0x00, 0x00, 0x00, 0x00, 0x00, 0x00, 0x00, 0x00, 0x00, 0x9B,
  0x5F, 0x3D, 0xAC, 0x1F, 0xFD, 0x9B, 0x3F, 0xFF, 0x92, 0x7D, 0xB0, 0x00, 0x1F, 0x01, 0x9A, 0xFE,
  0x48, 0xAB, 0xDF, 0xFE, 0xA3, 0x5F, 0xFF, 0xA3, 0x1E, 0xEF, 0x9A, 0xBD, 0x0F, 0x00, 0x00, 0x00,
  0x00, 0x00, 0x00, 0x00, 0x00, 0x00, 0x00, 0x00, 0x00, 0x00, 0x00, 0x00, 0x00, 0x00, 0x00, 0x00,
  0x00, 0x00, 0xB3, 0x1E, 0x52, 0xC3, 0xFF, 0xFF, 0xBB, 0x3F, 0xFF, 0xB3, 0x1C, 0xF0, 0x00, 0x00,
  0x00, 0x00, 0x00, 0x00, 0x00, 0x00, 0x00, 0x00, 0x00, 0x00, 0x00, 0x00, 0x00, 0x00, 0x00, 0x00,
  0x00, 0x00, 0x00, 0x00, 0x00, 0x00, 0x00, 0x00, 0x00, 0x00, 0x00, 0x00, 0x00, 0x00, 0x00, 0x00,
  0x00, 0x00, 0x00, 0x00, 0x00, 0x00, 0x00, 0x00, 0x00, 0x00, 0x00, 0x00, 0x00, 0x00, 0x00, 0x00,
  0x00, 0x00, 0x00, 0x00, 0x00, 0x00, 0x00, 0x00, 0x00, 0x00, 0x00, 0x00, 0x00, 0x00, 0x00, 0x00,
  0x00, 0x00, 0x00, 0x00, 0x00, 0x00, 0x46, 0x3A, 0x12, 0x46, 0x3A, 0x94, 0x35, 0xF9, 0xF2, 0x25,
  0x78, 0xFE, 0x14, 0xF9, 0xFF, 0x0C, 0x7A, 0xFF, 0x03, 0x98, 0xF9, 0x1B, 0x58, 0x92, 0x5D, 0x3F,
  0xF1, 0x5D, 0x1F, 0xFF, 0x4B, 0xFA, 0xFF, 0x08, 0x84, 0xFF, 0x00, 0x00, 0xFF, 0x00, 0x00, 0xFF,
  0x00, 0x00, 0xFF, 0x00, 0x00, 0xFF, 0x00, 0x00, 0xFF, 0x00, 0x00, 0xFF, 0x00, 0x00, 0xFF, 0x00,
  0x00, 0xFF, 0x00, 0x00, 0xFF, 0x00, 0x00, 0xFF, 0x00, 0x00, 0xFF, 0x00, 0x00, 0xFF, 0x00, 0x00,
  0xFF, 0x00, 0x00, 0xFF, 0x00, 0x00, 0xFF, 0x00, 0x00, 0xFF, 0x00, 0x00, 0xFF, 0x00, 0x00, 0xFF,
  0x00, 0x00, 0xFF, 0x00, 0x00, 0xFF, 0x00, 0x00, 0xFF, 0x00, 0x00, 0xFF, 0x00, 0x00, 0xFF, 0x00,
  0x00, 0xFF, 0x00, 0x00, 0xFF, 0x00, 0x00, 0xFF, 0x00, 0x00, 0xFF, 0x00, 0x00, 0xFF, 0x00, 0x00,
  0xFF, 0x00, 0x00, 0xFF, 0x10, 0x63, 0xFF, 0x7A, 0x96, 0xFF, 0x92, 0xBC, 0xFF, 0x8A, 0x18, 0xFC,
  0x71, 0x91, 0x84, 0x71, 0x10, 0xED, 0x91, 0xB4, 0xFE, 0x99, 0xD4, 0xFF, 0x81, 0xD4, 0xFF, 0x82,
  0x14, 0xF6, 0x92, 0x55, 0xAA, 0x92, 0xB6, 0x1B, 0x00, 0x00, 0x00, 0x00, 0x00, 0x00, 0x00, 0x00,
  0x00, 0x00, 0x00, 0x00, 0x00, 0x00, 0x00, 0x00, 0x00, 0x00, 0x00, 0x00, 0x00, 0x00, 0x00, 0x00,
  0x05, 0xFF, 0x04, 0x0E, 0xBD, 0xDA, 0x0E, 0xDE, 0xFF, 0x06, 0x7D, 0xFF, 0x0D, 0x7A, 0xBC, 0x07,
  0xFF, 0x01, 0x00, 0x00, 0x00, 0x00, 0x00, 0x00, 0x00, 0x00, 0x00, 0x00, 0x00, 0x00, 0x00, 0x00,
  0x00, 0x00, 0x00, 0x00, 0x00, 0x00, 0x00, 0x00, 0x00, 0x00, 0x00, 0x00, 0x00, 0x03, 0xFF, 0x02,
  0x1D, 0xDE, 0xC2, 0x1D, 0xBF, 0xFF, 0x15, 0x5E, 0xFF, 0x14, 0x7C, 0xDA, 0x03, 0x39, 0x05, 0x24,
  0xFE, 0x3E, 0x1D, 0x3F, 0xFE, 0x1C, 0xFF, 0xFF, 0x1C, 0x3E, 0xFE, 0x13, 0xBC, 0x44, 0x03, 0xFF,
  0x02, 0x24, 0x9F, 0xC2, 0x2C, 0xBF, 0xFF, 0x24, 0x7F, 0xFF, 0x23, 0xBD, 0xD7, 0x1B, 0x1A, 0x46,
  0x1B, 0x1C, 0x43, 0x1A, 0xDB, 0x45, 0x1A, 0xDB, 0x45, 0x1A, 0xBB, 0x44, 0x1A, 0x9B, 0x44, 0x1A,
  0x9B, 0x43, 0x22, 0x9B, 0x44, 0x22, 0xBB, 0x42, 0x2A, 0xBB, 0x2A, 0x33, 0x39, 0x05, 0x00, 0x00,
  0x00, 0x00, 0x00, 0x00, 0x3B, 0xDE, 0x33, 0x43, 0xFF, 0xFC, 0x4B, 0xFF, 0xFF, 0x5B, 0x9E, 0xD3,
  0x3B, 0xFF, 0x04, 0x00, 0x00, 0x00, 0x00, 0x00, 0x00, 0x53, 0xBF, 0x71, 0x5B, 0xDF, 0xFF, 0x5B,
  0xBF, 0xFF, 0x63, 0x5E, 0xE0, 0x42, 0x3B, 0x3E, 0x42, 0x1B, 0x3B, 0x4A, 0x1B, 0x3B, 0x4A, 0x1A,
  0x3B, 0x4A, 0x1A, 0x3A, 0x52, 0x1A, 0x3A, 0x51, 0xFA, 0x3D, 0x51, 0xDA, 0x3C, 0x51, 0xFA, 0x33,
  0x5A, 0x59, 0x0E, 0x00, 0x00, 0x00, 0x00, 0x00, 0x00, 0x00, 0x00, 0x00, 0x00, 0x00, 0x00, 0x9B,
  0x7E, 0x6A, 0xAB, 0xFF, 0xFF, 0x9A, 0xFE, 0xFF, 0x8A, 0x5D, 0x83, 0x00, 0x00, 0x00, 0x92, 0xFE,
  0x49, 0xA3, 0x7F, 0xFE, 0xA3, 0x3F, 0xFF, 0xA2, 0xFE, 0xEF, 0x9A, 0xBD, 0x0F, 0x00, 0x00, 0x00,
  0x00, 0x00, 0x00, 0x00, 0x00, 0x00, 0x00, 0x00, 0x00, 0x00, 0x00, 0x00, 0x00, 0x00, 0x00, 0xF8,
  0x1F, 0x01, 0xBB, 0xDF, 0x90, 0xC3, 0xDF, 0xFF, 0xB2, 0xDE, 0xFF, 0xA2, 0x9B, 0xD4, 0x00, 0x00,
  0x00, 0x00, 0x00, 0x00, 0x00, 0x00, 0x00, 0x00, 0x00, 0x00, 0x00, 0x00, 0x00, 0x00, 0x00, 0x00,
  0x00, 0x00, 0x00, 0x00, 0x00, 0x00, 0x00, 0x00, 0x00, 0x00, 0x00, 0x00, 0x00, 0x00, 0x00, 0x00,
  0x00, 0x00, 0x00, 0x00, 0x00, 0x00, 0x00, 0x00, 0x00, 0x00, 0x00, 0x00, 0x00, 0x00, 0x00, 0x00,
  0x00, 0x00, 0x00, 0x00, 0x00, 0x00, 0x00, 0x00, 0x00, 0x00, 0x00, 0x00, 0x00, 0x00, 0x00, 0x00,
  0x00, 0x00, 0x00, 0x00, 0x00, 0x00, 0x00, 0x00, 0x00, 0xFF, 0xFF, 0x01, 0x45, 0x98, 0x1E, 0x35,
  0x17, 0x5E, 0x2C, 0xB9, 0x7E, 0x1C, 0x5A, 0x73, 0x1B, 0x99, 0x42, 0x2A, 0xBC, 0x32, 0x4C, 0x7E,
  0xD0, 0x54, 0xFF, 0xFF, 0x54, 0xBE, 0xFF, 0x21, 0xCD, 0xFF, 0x08, 0x62, 0xFF, 0x00, 0x00, 0xFF,
  0x00, 0x00, 0xFF, 0x00, 0x00, 0xFF, 0x00, 0x00, 0xFF, 0x00, 0x00, 0xFF, 0x00, 0x00, 0xFF, 0x00,
  0x00, 0xFF, 0x00, 0x00, 0xFF, 0x00, 0x00, 0xFF, 0x00, 0x00, 0xFF, 0x00, 0x00, 0xFF, 0x00, 0x00,
  0xFF, 0x00, 0x00, 0xFF, 0x00, 0x00, 0xFF, 0x00, 0x00, 0xFF, 0x00, 0x00, 0xFF, 0x00, 0x00, 0xFF,
  0x00, 0x00, 0xFF, 0x00, 0x00, 0xFF, 0x00, 0x00, 0xFF, 0x00, 0x00, 0xFF, 0x00, 0x00, 0xFF, 0x00,
  0x00, 0xFF, 0x00, 0x00, 0xFF, 0x00, 0x00, 0xFF, 0x00, 0x00, 0xFF, 0x00, 0x00, 0xFF, 0x00, 0x00,
  0xFF, 0x08, 0x41, 0xFF, 0x28, 0xC8, 0xFF, 0x92, 0xFC, 0xFF, 0x8A, 0x5A, 0xFF, 0x8A, 0x36, 0xD9,
  0x9A, 0x76, 0x0A, 0x81, 0xCF, 0x1B, 0x91, 0xD0, 0x5D, 0x89, 0xD0, 0x7C, 0x82, 0x33, 0x60, 0x8A,
  0x53, 0x25, 0xAA, 0xB5, 0x03, 0x00, 0x00, 0x00, 0x00, 0x00, 0x00, 0x00, 0x00, 0x00, 0x00, 0x00,
  0x00, 0x00, 0x00, 0x00, 0x00, 0x00, 0x00, 0x00, 0x00, 0x00, 0x00, 0x00, 0x00, 0x00, 0x00, 0x00,
  0x05, 0xFF, 0x04, 0x0E, 0x9D, 0xDA, 0x06, 0xBE, 0xFF, 0x06, 0x7D, 0xFF, 0x15, 0xDB, 0xC4, 0x15,
  0xFC, 0x23, 0x16, 0x1D, 0x22, 0x1E, 0x1D, 0x21, 0x1E, 0x1D, 0x21, 0x1E, 0x1C, 0x21, 0x1E, 0x1D,
  0x21, 0x15, 0xDD, 0x22, 0x1D, 0xDD, 0x21, 0x15, 0xDD, 0x21, 0x1D, 0xBE, 0x23, 0x25, 0xFE, 0x65,
  0x4E, 0x7F, 0xF7, 0x1D, 0x9F, 0xFF, 0x0C, 0xDD, 0xFF, 0x14, 0x3B, 0xBE, 0x07, 0xFF, 0x01, 0x24,
  0xDE, 0x3D, 0x1D, 0x1F, 0xFD, 0x1C, 0xDF, 0xFF, 0x1C, 0x3E, 0xFE, 0x13, 0xBC, 0x44, 0x00, 0x00,
  0x00, 0x1C, 0x3E, 0x84, 0x24, 0x7F, 0xFF, 0x2C, 0x7F, 0xFF, 0x4C, 0x9F, 0xFA, 0x33, 0xFE, 0x79,
  0x34, 0x1E, 0x1D, 0x34, 0x3E, 0x13, 0x33, 0xDE, 0x13, 0x33, 0xDE, 0x13, 0x43, 0xDE, 0x13, 0x43,
  0xDE, 0x13, 0x43, 0xFE, 0x12, 0x43, 0xFF, 0x12, 0x4B, 0x7D, 0x10, 0x7B, 0xFF, 0x02, 0x00, 0x00,
  0x00, 0x00, 0x00, 0x00, 0x4B, 0xDE, 0x11, 0x43, 0xDF, 0xED, 0x4B, 0xDF, 0xFF, 0x5B, 0xBE, 0xF5,
  0x4B, 0x3D, 0x1E, 0x00, 0x00, 0x00, 0x00, 0x00, 0x00, 0x4B, 0x5E, 0x37, 0x53, 0x9F, 0xFB, 0x63,
  0xBF, 0xFF, 0x73, 0xBF, 0xFC, 0x6B, 0x3E, 0x80, 0x7B, 0x9F, 0x19, 0x7B, 0x7F, 0x10, 0x7B, 0x5E,
  0x11, 0x7B, 0x5E, 0x11, 0x7B, 0x5E, 0x11, 0x83, 0x5E, 0x11, 0x8B, 0x7F, 0x10, 0x7A, 0xFD, 0x10,
  0x79, 0xF7, 0x04, 0x00, 0x00, 0x00, 0x00, 0x00, 0x00, 0x00, 0x00, 0x00, 0xF8, 0x1F, 0x01, 0xA3,
  0xDF, 0xB2, 0xA3, 0x9F, 0xFF, 0x92, 0xDE, 0xFD, 0x8A, 0x9C, 0x45, 0x00, 0x00, 0x00, 0x92, 0xDF,
  0x49, 0xA3, 0x5F, 0xFE, 0xA3, 0x3F, 0xFF, 0xA2, 0xFE, 0xEF, 0x9A, 0xBB, 0x0F, 0xAA, 0xBF, 0x03,
  0xAB, 0x1E, 0x12, 0xAB, 0x7E, 0x15, 0xBB, 0x5F, 0x16, 0xB3, 0x1E, 0x17, 0xBB, 0x7E, 0x1C, 0xBB,
  0x7E, 0x6A, 0xC4, 0x1F, 0xF6, 0xBB, 0x3F, 0xFF, 0xAA, 0xBD, 0xFF, 0x9A, 0x7A, 0x88, 0x00, 0x00,
  0x00, 0x00, 0x00, 0x00, 0x00, 0x00, 0x00, 0x00, 0x00, 0x00, 0x00, 0x00, 0x00, 0x00, 0x00, 0x00,
  0x00, 0x00, 0x00, 0x00, 0x00, 0x00, 0x00, 0x00, 0x00, 0x00, 0x00, 0x00, 0x00, 0x00, 0x00, 0x00,
  0x00, 0x00, 0x00, 0x00, 0x00, 0x00, 0x00, 0x00, 0x00, 0x00, 0x00, 0x00, 0x00, 0x00, 0x00, 0x00,
  0x00, 0x00, 0x00, 0x00, 0x00, 0x00, 0x00, 0x00, 0x00, 0x00, 0x00, 0x00, 0x00, 0x00, 0x00, 0x00,
  0x00, 0x00, 0x00, 0x00, 0x00, 0x00, 0x00, 0x00, 0x00, 0x00, 0x00, 0x00, 0x00, 0x00, 0x00, 0x00,
  0x00, 0x00, 0x55, 0x5F, 0x06, 0x24, 0x5F, 0x76, 0x0B, 0x7F, 0xE6, 0x0B, 0x1F, 0xFB, 0x12, 0xDF,
  0xFE, 0x5C, 0xFF, 0xFF, 0x5C, 0xFF, 0xFF, 0x53, 0xF9, 0xFF, 0x10, 0xC5, 0xFF, 0x08, 0x41, 0xFF,
  0x00, 0x00, 0xFF, 0x00, 0x00, 0xFF, 0x00, 0x00, 0xFF, 0x00, 0x00, 0xFF, 0x00, 0x00, 0xFF, 0x00,
  0x00, 0xFF, 0x00, 0x00, 0xFF, 0x00, 0x00, 0xFF, 0x00, 0x00, 0xFF, 0x00, 0x00, 0xFF, 0x00, 0x00,
  0xFF, 0x00, 0x00, 0xFF, 0x00, 0x00, 0xFF, 0x00, 0x00, 0xFF, 0x00, 0x00, 0xFF, 0x00, 0x00, 0xFF,
  0x00, 0x00, 0xFF, 0x00, 0x00, 0xFF, 0x00, 0x00, 0xFF, 0x00, 0x00, 0xFF, 0x00, 0x00, 0xFF, 0x00,
  0x00, 0xFF, 0x00, 0x00, 0xFF, 0x00, 0x00, 0xFF, 0x00, 0x00, 0xFF, 0x00, 0x00, 0xFF, 0x08, 0x41,
  0xFF, 0x18, 0x83, 0xFF, 0x72, 0x95, 0xFF, 0x92, 0xBB, 0xFF, 0x92, 0x57, 0xFF, 0x99, 0xED, 0xD8,
  0xBA, 0x68, 0xAB, 0xE3, 0x29, 0x7C, 0xEC, 0x2C, 0x19, 0x00, 0x00, 0x00, 0x00, 0x00, 0x00, 0x00,
  0x00, 0x00, 0x00, 0x00, 0x00, 0x00, 0x00, 0x00, 0x00, 0x00, 0x00, 0x00, 0x00, 0x00, 0x00, 0x00,
  0x00, 0x00, 0x00, 0x00, 0x00, 0x00, 0x00, 0x00, 0x00, 0x00, 0x00, 0x00, 0x00, 0x00, 0x00, 0x00,
  0x05, 0xF7, 0x04, 0x06, 0x7D, 0xD6, 0x06, 0x9E, 0xFF, 0x06, 0x7D, 0xFF, 0x16, 0x5D, 0xFE, 0x2E,
  0x9E, 0xF9, 0x36, 0x9E, 0xF9, 0x2E, 0x9E, 0xF9, 0x2E, 0x7E, 0xF9, 0x26, 0x5E, 0xF9, 0x2E, 0x5E,
  0xF9, 0x2E, 0x3E, 0xF9, 0x26, 0x3E, 0xF9, 0x26, 0x1E, 0xF9, 0x26, 0x1F, 0xF9, 0x2E, 0x1F, 0xFE,
  0x25, 0xBF, 0xFF, 0x0D, 0x1E, 0xFF, 0x0C, 0x7C, 0xFE, 0x13, 0xFA, 0x64, 0x00, 0x00, 0x00, 0x1C,
  0xBD, 0x3D, 0x1C, 0xFF, 0xFD, 0x1C, 0xBF, 0xFF, 0x24, 0x1E, 0xFE, 0x1B, 0x9C, 0x43, 0x00, 0x00,
  0x00, 0x23, 0xFD, 0x20, 0x24, 0x1E, 0xEE, 0x24, 0x3F, 0xFF, 0x2C, 0x5F, 0xFF, 0x3C, 0x5F, 0xFE,
  0x44, 0x7F, 0xF7, 0x44, 0x7F, 0xF2, 0x44, 0x7F, 0xF2, 0x4C, 0x5F, 0xF2, 0x4C, 0x5F, 0xF2, 0x54,
  0x5F, 0xF2, 0x54, 0x5F, 0xF1, 0x54, 0x3F, 0xF2, 0x54, 0x1F, 0xEE, 0x4B, 0x9E, 0x90, 0x7B, 0xFF,
  0x02, 0x00, 0x00, 0x00, 0x03, 0xEF, 0x02, 0x3B, 0x9E, 0xB6, 0x4B, 0xDF, 0xFF, 0x5B, 0xFF, 0xFF,
  0x5B, 0x7E, 0x75, 0x00, 0x00, 0x00, 0x00, 0x00, 0x00, 0x52, 0xBF, 0x06, 0x4B, 0x3E, 0xC3, 0x5B,
  0x5F, 0xFF, 0x63, 0x7F, 0xFF, 0x73, 0xBF, 0xFE, 0x7B, 0xDF, 0xF4, 0x83, 0xDF, 0xF0, 0x83, 0xBF,
  0xF0, 0x8B, 0xBF, 0xF0, 0x8B, 0xBF, 0xF0, 0x8B, 0xBF, 0xF0, 0x93, 0x9F, 0xF0, 0x93, 0x7F, 0xEF,
  0x93, 0x5E, 0xB2, 0x7B, 0x3C, 0x0A, 0x00, 0x00, 0x00, 0x00, 0x00, 0x00, 0x93, 0x3E, 0x1B, 0xAC,
  0x1F, 0xF0, 0x9B, 0x3F, 0xFF, 0x8A, 0x7D, 0xEE, 0x82, 0x9C, 0x13, 0x00, 0x00, 0x00, 0x92, 0xBE,
  0x49, 0xA3, 0x3F, 0xFE, 0xA3, 0x1F, 0xFF, 0x9A, 0xDE, 0xEF, 0x9A, 0xDB, 0x17, 0xAB, 0x5E, 0xAB,
  0xBB, 0xBF, 0xF0, 0xBB, 0xBF, 0xF4, 0xBB, 0xBF, 0xF5, 0xC3, 0x9F, 0xF5, 0xC3, 0x7F, 0xF7, 0xC3,
  0x7F, 0xFE, 0xBB, 0x1F, 0xFF, 0xAA, 0xBE, 0xFF, 0x9A, 0x7A, 0xE8, 0x92, 0xB9, 0x1B, 0x00, 0x00,
  0x00, 0x00, 0x00, 0x00, 0x00, 0x00, 0x00, 0x00, 0x00, 0x00, 0x00, 0x00, 0x00, 0x00, 0x00, 0x00,
  0x00, 0x00, 0x00, 0x00, 0x00, 0x00, 0x00, 0x00, 0x00, 0x00, 0x00, 0x00, 0x00, 0x00, 0x00, 0x00,
  0x00, 0x00, 0x00, 0x00, 0x00, 0x00, 0x00, 0x00, 0x00, 0x00, 0x00, 0x00, 0x00, 0x00, 0x00, 0x00,
  0x00, 0x00, 0x00, 0x00, 0x00, 0x00, 0x00, 0x00, 0x00, 0x00, 0x00, 0x00, 0x00, 0x00, 0x00, 0x00,
  0x00, 0x00, 0x00, 0x00, 0x00, 0x00, 0x00, 0x00, 0x00, 0x00, 0x00, 0x00, 0x00, 0x00, 0x00, 0x3B,
  0xFF, 0x04, 0x44, 0x7F, 0x95, 0x14, 0xDF, 0xFD, 0x2C, 0xFF, 0xFF, 0x13, 0xDF, 0xFF, 0x02, 0x7F,
  0xFF, 0x33, 0xBF, 0xFF, 0x5C, 0xDF, 0xFF, 0x64, 0xDE, 0xFF, 0x32, 0x71, 0xFF, 0x10, 0x83, 0xFF,
  0x00, 0x41, 0xFF, 0x00, 0x00, 0xFF, 0x00, 0x00, 0xFF, 0x00, 0x00, 0xFF, 0x00, 0x00, 0xFF, 0x00,
  0x00, 0xFF, 0x00, 0x00, 0xFF, 0x00, 0x00, 0xFF, 0x00, 0x00, 0xFF, 0x00, 0x00, 0xFF, 0x00, 0x00,
  0xFF, 0x00, 0x00, 0xFF, 0x00, 0x00, 0xFF, 0x00, 0x00, 0xFF, 0x00, 0x00, 0xFF, 0x00, 0x00, 0xFF,
  0x00, 0x00, 0xFF, 0x00, 0x00, 0xFF, 0x00, 0x00, 0xFF, 0x00, 0x00, 0xFF, 0x00, 0x00, 0xFF, 0x00,
  0x00, 0xFF, 0x00, 0x00, 0xFF, 0x00, 0x00, 0xFF, 0x00, 0x00, 0xFF, 0x08, 0x41, 0xFF, 0x18, 0x82,
  0xFF, 0x41, 0x6C, 0xFF, 0x92, 0xDC, 0xFF, 0x8A, 0x38, 0xFF, 0x99, 0xF1, 0xFF, 0xB1, 0xE6, 0xFF,
  0xEB, 0xE9, 0xFF, 0xFC, 0x8A, 0xFF, 0xFC, 0x8B, 0xE5, 0xF4, 0x0B, 0x45, 0x00, 0x00, 0x00, 0x00,
  0x00, 0x00, 0x00, 0x00, 0x00, 0x00, 0x00, 0x00, 0x00, 0x00, 0x00, 0x00, 0x00, 0x00, 0x00, 0x00,
  0x00, 0x00, 0x00, 0x00, 0x00, 0x00, 0x00, 0x00, 0x00, 0x00, 0x00, 0x00, 0x00, 0x00, 0x00, 0x00,
  0x00, 0x00, 0x00, 0x0E, 0x1C, 0x99, 0x06, 0x3D, 0xFF, 0x06, 0x3D, 0xFF, 0x06, 0x1D, 0xFF, 0x06,
  0x1D, 0xFF, 0x05, 0xFD, 0xFF, 0x05, 0xFD, 0xFF, 0x05, 0xDD, 0xFF, 0x05, 0xDD, 0xFF, 0x05, 0xBD,
  0xFF, 0x05, 0x9D, 0xFF, 0x0D, 0x7D, 0xFF, 0x0D, 0x7E, 0xFF, 0x0D, 0x7E, 0xFF, 0x0D, 0x3E, 0xFF,
  0x0C, 0xDD, 0xFF, 0x0C, 0x5B, 0xFF, 0x14, 0x1A, 0xBC, 0x1C, 0x78, 0x09, 0x00, 0x00, 0x00, 0x1C,
  0x7D, 0x36, 0x1C, 0xBF, 0xFC, 0x1C, 0x7F, 0xFF, 0x1B, 0xFD, 0xFD, 0x1B, 0xBC, 0x3A, 0x00, 0x00,
  0x00, 0x00, 0x00, 0x00, 0x2B, 0xDC, 0x57, 0x1B, 0xBD, 0xF4, 0x23, 0xDE, 0xFF, 0x23, 0xDF, 0xFF,
  0x2B, 0xDF, 0xFF, 0x2B, 0xDF, 0xFF, 0x2B, 0xDF, 0xFF, 0x33, 0xBF, 0xFF, 0x33, 0x9F, 0xFF, 0x33,
  0x9F, 0xFF, 0x3B, 0x9F, 0xFF, 0x3B, 0x9F, 0xFF, 0x3B, 0x5F, 0xFF, 0x43, 0x5E, 0xEF, 0x3A, 0xFD,
  0x10, 0x00, 0x00, 0x00, 0x00, 0x00, 0x00, 0x3B, 0x7E, 0x4C, 0x43, 0xBF, 0xFD, 0x53, 0xBF, 0xFF,
  0x63, 0xDF, 0xE5, 0x53, 0x1C, 0x15, 0x00, 0x00, 0x00, 0x00, 0x00, 0x00, 0x53, 0x1C, 0x24, 0x4A,
  0xFD, 0xDA, 0x52, 0xFE, 0xFF, 0x63, 0x1F, 0xFF, 0x63, 0x1F, 0xFF, 0x6B, 0x1F, 0xFF, 0x6B, 0x1F,
  0xFF, 0x73, 0x1F, 0xFF, 0x72, 0xFF, 0xFF, 0x72, 0xFF, 0xFF, 0x7A, 0xDF, 0xFF, 0x7A, 0xDF, 0xFF,
  0x7A, 0xBE, 0xFB, 0x72, 0x5D, 0x2D, 0x00, 0x00, 0x00, 0xF8, 0x1F, 0x01, 0xA3, 0xDF, 0x88, 0xA3,
  0xDF, 0xFF, 0x92, 0xBE, 0xFF, 0x82, 0x3B, 0xA3, 0xF8, 0x1F, 0x01, 0x00, 0x00, 0x00, 0x9A, 0xDE,
  0x48, 0xA3, 0x3F, 0xFE, 0xA3, 0x1F, 0xFF, 0x92, 0x7D, 0xF0, 0x92, 0x7C, 0x34, 0xA3, 0x1E, 0xF9,
  0xA2, 0xDF, 0xFF, 0xA2, 0xDF, 0xFF, 0xA2, 0xDF, 0xFF, 0xAA, 0xBF, 0xFF, 0xAA, 0xBE, 0xFF, 0xAA,
  0x9E, 0xFF, 0x9A, 0x7D, 0xFF, 0x8A, 0x3A, 0xEE, 0x8A, 0x38, 0x46, 0x00, 0x00, 0x00, 0x00, 0x00,
  0x00, 0x00, 0x00, 0x00, 0x00, 0x00, 0x00, 0x00, 0x00, 0x00, 0x00, 0x00, 0x00, 0x00, 0x00, 0x00,
  0x00, 0x00, 0x00, 0x00, 0x00, 0x00, 0x00, 0x00, 0x00, 0x00, 0x00, 0x00, 0x00, 0x00, 0x00, 0x00,
  0x00, 0x00, 0x00, 0x00, 0x00, 0x00, 0x00, 0x00, 0x00, 0x00, 0x00, 0x00, 0x00, 0x00, 0x00, 0x00,
  0x00, 0x00, 0x00, 0x00, 0x00, 0x00, 0x00, 0x00, 0x00, 0x00, 0x00, 0x00, 0x00, 0x00, 0x00, 0x00,
  0x00, 0x00, 0x00, 0x00, 0x00, 0x00, 0x00, 0x00, 0x00, 0x00, 0x00, 0x00, 0x00, 0x00, 0x00, 0x5C,
  0x7F, 0x4E, 0x3C, 0xFF, 0xFB, 0x86, 0x7F, 0xFF, 0x5D, 0x9F, 0xFF, 0x1B, 0xFF, 0xFF, 0x02, 0xBF,
  0xFF, 0x0A, 0x1F, 0xFF, 0x4C, 0x3F, 0xFF, 0x5C, 0xBF, 0xFF, 0x5C, 0x5D, 0xFF, 0x21, 0x8C, 0xFF,
  0x10, 0x82, 0xFF, 0x08, 0x41, 0xFF, 0x00, 0x00, 0xFF, 0x00, 0x00, 0xFF, 0x00, 0x00, 0xFF, 0x00,
  0x00, 0xFF, 0x00, 0x00, 0xFF, 0x00, 0x00, 0xFF, 0x00, 0x00, 0xFF, 0x00, 0x00, 0xFF, 0x00, 0x00,
  0xFF, 0x00, 0x00, 0xFF, 0x00, 0x00, 0xFF, 0x00, 0x00, 0xFF, 0x00, 0x00, 0xFF, 0x00, 0x00, 0xFF,
  0x00, 0x00, 0xFF, 0x00, 0x00, 0xFF, 0x00, 0x00, 0xFF, 0x00, 0x00, 0xFF, 0x00, 0x00, 0xFF, 0x00,
  0x00, 0xFF, 0x00, 0x00, 0xFF, 0x00, 0x00, 0xFF, 0x08, 0x41, 0xFF, 0x10, 0x82, 0xFF, 0x28, 0xE6,
  0xFF, 0x8A, 0xDA, 0xFF, 0x8A, 0x59, 0xFF, 0x9A, 0x35, 0xFF, 0x89, 0x67, 0xFF, 0xEC, 0x09, 0xFF,
  0xFD, 0xAE, 0xFF, 0xFD, 0xEF, 0xFF, 0xFD, 0x0A, 0xFF, 0xFC, 0x6A, 0xEC, 0xF4, 0xAD, 0x24, 0x00,
  0x00, 0x00, 0x00, 0x00, 0x00, 0x00, 0x00, 0x00, 0x00, 0x00, 0x00, 0x00, 0x00, 0x00, 0x00, 0x00,
  0x00, 0x00, 0x00, 0x00, 0x00, 0x00, 0x00, 0x00, 0x00, 0x00, 0x00, 0x00, 0x00, 0x00, 0x00, 0x00,
  0x00, 0x00, 0x00, 0x15, 0xDA, 0x16, 0x0D, 0x7A, 0xBF, 0x05, 0x39, 0xF7, 0x05, 0x19, 0xFB, 0x04,
  0xF9, 0xFB, 0x04, 0xD9, 0xFB, 0x04, 0xD9, 0xFB, 0x04, 0xB9, 0xFA, 0x04, 0xB9, 0xFB, 0x04, 0x99,
  0xFB, 0x04, 0x99, 0xFB, 0x04, 0x79, 0xFA, 0x04, 0x5A, 0xFA, 0x04, 0x59, 0xFB, 0x04, 0x39, 0xF9,
  0x04, 0x19, 0xE7, 0x0B, 0xD8, 0x8E, 0x23, 0xB7, 0x0F, 0x00, 0x00, 0x00, 0x00, 0x00, 0x00, 0x24,
  0x5A, 0x0D, 0x14, 0x1C, 0xCB, 0x13, 0xBB, 0xFA, 0x13, 0x59, 0xCF, 0x23, 0x79, 0x0E, 0x00, 0x00,
  0x00, 0x00, 0x00, 0x00, 0x00, 0x1F, 0x01, 0x23, 0x7A, 0x35, 0x1B, 0x3A, 0xB3, 0x1B, 0x1B, 0xEB,
  0x1A, 0xFB, 0xF6, 0x1A, 0xFB, 0xF8, 0x1A, 0xDB, 0xF8, 0x1A, 0xDB, 0xF8, 0x1A, 0xBA, 0xF8, 0x22,
  0xBB, 0xF8, 0x22, 0xBB, 0xF8, 0x2A, 0xBB, 0xF8, 0x2A, 0x9B, 0xF4, 0x32, 0x9A, 0x98, 0x7B, 0xFF,
  0x02, 0x00, 0x00, 0x00, 0x00, 0x00, 0x00, 0x4B, 0x7F, 0x07, 0x43, 0x7E, 0xCB, 0x4B, 0x9F, 0xFF,
  0x63, 0xBF, 0xFF, 0x63, 0x9E, 0x9F, 0x63, 0x39, 0x05, 0x00, 0x00, 0x00, 0x00, 0x00, 0x00, 0x42,
  0x9B, 0x16, 0x42, 0x7A, 0x8A, 0x4A, 0x7B, 0xDC, 0x4A, 0x5B, 0xF1, 0x4A, 0x5B, 0xF4, 0x52, 0x5B,
  0xF4, 0x52, 0x3B, 0xF4, 0x52, 0x3B, 0xF4, 0x5A, 0x3B, 0xF4, 0x5A, 0x3B, 0xF4, 0x5A, 0x1A, 0xF3,
  0x59, 0xFA, 0xB9, 0x5A, 0x37, 0x0B, 0x00, 0x00, 0x00, 0x9B, 0x7F, 0x3D, 0xAC, 0x3F, 0xF4, 0x92,
  0xFE, 0xFF, 0x82, 0x5C, 0xF5, 0x72, 0x3A, 0x2D, 0x00, 0x00, 0x00, 0x00, 0x00, 0x00, 0x92, 0xDE,
  0x48, 0xA3, 0x1F, 0xFE, 0xA2, 0xFF, 0xFF, 0x92, 0x7D, 0xEF, 0x92, 0x7B, 0x17, 0x8A, 0x7B, 0xB4,
  0x7A, 0x1A, 0xF2, 0x7A, 0x1A, 0xF3, 0x7A, 0x1A, 0xF3, 0x81, 0xFA, 0xF3, 0x81, 0xF9, 0xF1, 0x81,
  0xF9, 0xE0, 0x81, 0xF7, 0x9D, 0x7A, 0x37, 0x28, 0x00, 0x00, 0x00, 0x00, 0x00, 0x00, 0x00, 0x00,
  0x00, 0x00, 0x00, 0x00, 0x00, 0x00, 0x00, 0x00, 0x00, 0x00, 0x00, 0x00, 0x00, 0x00, 0x00, 0x00,
  0x00, 0x00, 0x00, 0x00, 0x00, 0x00, 0x00, 0x00, 0x00, 0x00, 0x00, 0x00, 0x00, 0x00, 0x00, 0x00,
  0x00, 0x00, 0x00, 0x00, 0x00, 0x00, 0x00, 0x00, 0x00, 0x00, 0x00, 0x00, 0x00, 0x00, 0x00, 0x00,
  0x00, 0x00, 0x00, 0x00, 0x00, 0x00, 0x00, 0x00, 0x00, 0x00, 0x00, 0x00, 0x00, 0x00, 0x00, 0x00,
  0x00, 0x00, 0x00, 0x00, 0x00, 0x00, 0x00, 0x00, 0x00, 0x00, 0x00, 0x00, 0x7B, 0xFF, 0x02, 0x44,
  0x9F, 0xB9, 0x76, 0x5F, 0xFF, 0x96, 0xBF, 0xFF, 0x14, 0xDF, 0xFF, 0x14, 0x1F, 0xFF, 0x03, 0x3F,
  0xFF, 0x02, 0x3F, 0xFF, 0x1A, 0x7F, 0xFF, 0x4C, 0x5F, 0xFF, 0x64, 0x9F, 0xFF, 0x5B, 0xFC, 0xFF,
  0x19, 0x29, 0xFF, 0x10, 0x82, 0xFF, 0x08, 0x41, 0xFF, 0x00, 0x20, 0xFF, 0x00, 0x00, 0xFF, 0x00,
  0x00, 0xFF, 0x00, 0x00, 0xFF, 0x00, 0x00, 0xFF, 0x00, 0x00, 0xFF, 0x00, 0x00, 0xFF, 0x00, 0x00,
  0xFF, 0x00, 0x00, 0xFF, 0x00, 0x00, 0xFF, 0x00, 0x00, 0xFF, 0x00, 0x00, 0xFF, 0x00, 0x00, 0xFF,
  0x00, 0x00, 0xFF, 0x00, 0x00, 0xFF, 0x00, 0x00, 0xFF, 0x00, 0x00, 0xFF, 0x00, 0x00, 0xFF, 0x00,
  0x00, 0xFF, 0x00, 0x20, 0xFF, 0x08, 0x61, 0xFF, 0x10, 0xA2, 0xFF, 0x28, 0xE6, 0xFF, 0x82, 0xB7,
  0xFF, 0x8A, 0x5A, 0xFF, 0x92, 0x35, 0xFF, 0x81, 0x4B, 0xFF, 0xCB, 0x26, 0xFF, 0xFD, 0x8D, 0xFF,
  0xFE, 0x30, 0xFF, 0xFD, 0x8B, 0xFF, 0xFD, 0x8D, 0xFF, 0xFD, 0x4E, 0xFF, 0xFC, 0x6B, 0x9E, 0xFF,
  0xFF, 0x01, 0x00, 0x00, 0x00, 0x00, 0x00, 0x00, 0x00, 0x00, 0x00, 0x00, 0x00, 0x00, 0x00, 0x00,
  0x00, 0x00, 0x00, 0x00, 0x00, 0x00, 0x00, 0x00, 0x00, 0x00, 0x00, 0x00, 0x00, 0x00, 0x00, 0x00,
  0x00, 0x00, 0x00, 0x00, 0x00, 0x00, 0x34, 0xD9, 0x05, 0x1C, 0xD7, 0x1E, 0x1C, 0x76, 0x27, 0x14,
  0x36, 0x28, 0x14, 0x36, 0x28, 0x1C, 0x56, 0x27, 0x1C, 0x56, 0x27, 0x1C, 0x16, 0x27, 0x1C, 0x16,
  0x27, 0x1C, 0x16, 0x27, 0x1C, 0x37, 0x26, 0x1B, 0xF6, 0x26, 0x1B, 0xF6, 0x27, 0x1B, 0xF6, 0x22,
  0x23, 0xB8, 0x0D, 0x00, 0x00, 0x01, 0x00, 0x00, 0x00, 0x00, 0x00, 0x00, 0x00, 0x00, 0x00, 0x00,
  0x00, 0x00, 0x2B, 0x9A, 0x0B, 0x1B, 0x78, 0x27, 0x2B, 0x57, 0x0C, 0x00, 0x00, 0x00, 0x00, 0x00,
  0x00, 0x00, 0x00, 0x00, 0x00, 0x00, 0x00, 0x00, 0x00, 0x00, 0x03, 0xEF, 0x02, 0x23, 0x18, 0x0D,
  0x2A, 0xD8, 0x19, 0x2A, 0xF7, 0x1E, 0x2A, 0xF8, 0x1E, 0x2A, 0xF8, 0x1E, 0x2A, 0xB8, 0x1E, 0x2A,
  0xB8, 0x1D, 0x2A, 0xB8, 0x1D, 0x32, 0x99, 0x1C, 0x2A, 0x77, 0x17, 0x52, 0xB5, 0x03, 0x00, 0x00,
  0x00, 0x00, 0x00, 0x00, 0x00, 0x00, 0x00, 0x00, 0x00, 0x00, 0x43, 0x5D, 0x39, 0x43, 0x5E, 0xF5,
  0x53, 0x7F, 0xFF, 0x63, 0xBF, 0xFD, 0x63, 0x5E, 0x92, 0x52, 0xBC, 0x09, 0x00, 0x00, 0x00, 0x00,
  0x00, 0x00, 0x00, 0x00, 0x00, 0x4A, 0x56, 0x07, 0x52, 0x38, 0x12, 0x42, 0x37, 0x16, 0x52, 0x37,
  0x16, 0x52, 0x37, 0x16, 0x51, 0xD7, 0x16, 0x52, 0x37, 0x16, 0x52, 0x37, 0x16, 0x59, 0xF7, 0x14,
  0x79, 0xF7, 0x04, 0x00, 0x1F, 0x01, 0x9B, 0x5E, 0x41, 0xA3, 0xFF, 0xE7, 0x9B, 0x3F, 0xFF, 0x82,
  0x5D, 0xFE, 0x72, 0x1A, 0x8A, 0xF8, 0x1F, 0x01, 0x00, 0x00, 0x00, 0x00, 0x00, 0x00, 0x9A, 0xDE,
  0x48, 0x9B, 0x1F, 0xFE, 0xA2, 0xFF, 0xFF, 0x9A, 0x9D, 0xEF, 0x9A, 0xBB, 0x0F, 0x61, 0x99, 0x05,
  0x7A, 0x17, 0x13, 0x72, 0x77, 0x14, 0x71, 0xF6, 0x14, 0x71, 0xF6, 0x14, 0x7A, 0x37, 0x12, 0x79,
  0xF7, 0x08, 0x00, 0x00, 0x01, 0x00, 0x00, 0x00, 0x00, 0x00, 0x00, 0x00, 0x00, 0x00, 0x00, 0x00,
  0x00, 0x00, 0x00, 0x00, 0x00, 0x00, 0x00, 0x00, 0x00, 0x00, 0x00, 0x00, 0x00, 0x00, 0x00, 0x00,
  0x00, 0x00, 0x00, 0x00, 0x00, 0x00, 0x00, 0x00, 0x00, 0x00, 0x00, 0x00, 0x00, 0x00, 0x00, 0x00,
  0x00, 0x00, 0x00, 0x00, 0x00, 0x00, 0x00, 0x00, 0x00, 0x00, 0x00, 0x00, 0x00, 0x00, 0x00, 0x00,
  0x00, 0x00, 0x00, 0x00, 0x00, 0x00, 0x00, 0x00, 0x00, 0x00, 0x00, 0x00, 0x00, 0x00, 0x00, 0x00,
  0x00, 0x00, 0x00, 0x00, 0x00, 0x00, 0x00, 0x00, 0x00, 0x00, 0x00, 0x00, 0x64, 0xDF, 0x0A, 0x2C,
  0x7F, 0xE7, 0x7E, 0x5F, 0xFF, 0x86, 0x5F, 0xFF, 0x0C, 0x9F, 0xFF, 0x1C, 0x5F, 0xFF, 0x1B, 0xDF,
  0xFF, 0x02, 0xDF, 0xFF, 0x01, 0xFF, 0xFF, 0x2A, 0xDF, 0xFF, 0x54, 0x3F, 0xFF, 0x64, 0x7E, 0xFF,
  0x53, 0xBB, 0xFF, 0x19, 0x4A, 0xFF, 0x10, 0xA3, 0xFF, 0x08, 0x62, 0xFF, 0x08, 0x41, 0xFF, 0x00,
  0x00, 0xFF, 0x00, 0x00, 0xFF, 0x00, 0x00, 0xFF, 0x00, 0x00, 0xFF, 0x00, 0x00, 0xFF, 0x00, 0x00,
  0xFF, 0x00, 0x00, 0xFF, 0x00, 0x00, 0xFF, 0x00, 0x00, 0xFF, 0x00, 0x00, 0xFF, 0x00, 0x00, 0xFF,
  0x00, 0x00, 0xFF, 0x00, 0x00, 0xFF, 0x00, 0x00, 0xFF, 0x00, 0x00, 0xFF, 0x00, 0x20, 0xFF, 0x08,
  0x41, 0xFF, 0x08, 0x61, 0xFF, 0x10, 0x82, 0xFF, 0x28, 0xC5, 0xFF, 0x82, 0xB7, 0xFF, 0x8A, 0x7A,
  0xFF, 0x89, 0xF5, 0xFF, 0x81, 0x6D, 0xFF, 0xB2, 0x66, 0xFF, 0xFD, 0x6D, 0xFF, 0xFE, 0xD5, 0xFF,
  0xFD, 0xEE, 0xFF, 0xFD, 0x6B, 0xFF, 0xFD, 0x8E, 0xFF, 0xFD, 0xB0, 0xFF, 0xFC, 0x2A, 0xE5, 0xFC,
  0xCC, 0x0A, 0x00, 0x00, 0x00, 0x00, 0x00, 0x00, 0x00, 0x00, 0x00, 0x00, 0x00, 0x00, 0x00, 0x00,
  0x00, 0x00, 0x00, 0x00, 0x00, 0x00, 0x00, 0x00, 0x00, 0x00, 0x00, 0x00, 0x00, 0x00, 0x00, 0x00,
  0x00, 0x00, 0x00, 0x00, 0x00, 0x00, 0x00, 0x00, 0x00, 0x00, 0x00, 0x00, 0x00, 0x00, 0x00, 0x00,
  0x00, 0x00, 0x00, 0x00, 0x00, 0x00, 0x00, 0x00, 0x00, 0x00, 0x00, 0x00, 0x00, 0x00, 0x00, 0x00,
  0x00, 0x00, 0x00, 0x00, 0x00, 0x00, 0x00, 0x00, 0x00, 0x00, 0x00, 0x00, 0x00, 0x00, 0x00, 0x00,
  0x00, 0x00, 0x00, 0x00, 0x00, 0x00, 0x00, 0x00, 0x00, 0x00, 0x00, 0x00, 0x00, 0x00, 0x00, 0x00,
  0x00, 0x00, 0x00, 0x00, 0x00, 0x00, 0x00, 0x00, 0x00, 0x00, 0x00, 0x00, 0x00, 0x00, 0x00, 0x00,
  0x00, 0x00, 0x00, 0x00, 0x00, 0x00, 0x00, 0x00, 0x00, 0x00, 0x00, 0x00, 0x00, 0x00, 0x00, 0x00,
  0x00, 0x00, 0x00, 0x00, 0x00, 0x00, 0x00, 0x00, 0x00, 0x00, 0x00, 0x00, 0x00, 0x00, 0x00, 0x00,
  0x00, 0x00, 0x00, 0x00, 0x00, 0x00, 0x00, 0x00, 0x00, 0x00, 0x00, 0x00, 0x00, 0x00, 0x00, 0x00,
  0x00, 0x00, 0x00, 0x00, 0x00, 0x00, 0x00, 0x00, 0x00, 0x00, 0x00, 0x1F, 0x01, 0x3B, 0x1C, 0x6C,
  0x43, 0x1D, 0xFA, 0x53, 0x5F, 0xFF, 0x6B, 0x9F, 0xFE, 0x6B, 0x7E, 0x7E, 0x00, 0x00, 0x00, 0x00,
  0x00, 0x00, 0x00, 0x00, 0x00, 0x00, 0x00, 0x00, 0x00, 0x00, 0x00, 0x00, 0x00, 0x00, 0x00, 0x00,
  0x00, 0x00, 0x00, 0x00, 0x00, 0x00, 0x00, 0x00, 0x00, 0x00, 0x00, 0x00, 0x00, 0x00, 0x00, 0x00,
  0x00, 0x00, 0x00, 0x93, 0x5E, 0x1F, 0xA4, 0x1F, 0xF1, 0x93, 0x1F, 0xFF, 0x82, 0x5D, 0xFF, 0x72,
  0x3A, 0xB6, 0x7A, 0x79, 0x0A, 0x00, 0x00, 0x00, 0x00, 0x00, 0x00, 0x00, 0x00, 0x00, 0x9A, 0xDE,
  0x48, 0x9A, 0xFF, 0xFE, 0xA2, 0xDF, 0xFF, 0x9A, 0xBC, 0xEF, 0x8A, 0xB9, 0x0F, 0x00, 0x00, 0x00,
  0x00, 0x00, 0x00, 0x00, 0x00, 0x00, 0x00, 0x00, 0x00, 0x00, 0x00, 0x00, 0x00, 0x00, 0x00, 0x00,
  0x00, 0x00, 0x00, 0x00, 0x00, 0x00, 0x00, 0x00, 0x00, 0x00, 0x00, 0x00, 0x00, 0x00, 0x00, 0x00,
  0x00, 0x00, 0x00, 0x00, 0x00, 0x00, 0x00, 0x00, 0x00, 0x00, 0x00, 0x00, 0x00, 0x00, 0x00, 0x00,
  0x00, 0x00, 0x00, 0x00, 0x00, 0x00, 0x00, 0x00, 0x00, 0x00, 0x00, 0x00, 0x00, 0x00, 0x00, 0x00,
  0x00, 0x00, 0x00, 0x00, 0x00, 0x00, 0x00, 0x00, 0x00, 0x00, 0x00, 0x00, 0x00, 0x00, 0x00, 0x00,
  0x00, 0x00, 0x00, 0x00, 0x00, 0x00, 0x00, 0x00, 0x00, 0x00, 0x00, 0x00, 0x00, 0x00, 0x00, 0x00,
  0x00, 0x00, 0x00, 0x00, 0x00, 0x00, 0x00, 0x00, 0x00, 0x00, 0x00, 0x00, 0x64, 0xDF, 0x0A, 0x2C,
  0x7F, 0xE7, 0x45, 0x7F, 0xFF, 0x65, 0xDF, 0xFF, 0x0C, 0x9F, 0xFF, 0x0C, 0x3F, 0xFF, 0x34, 0x3F,
  0xFF, 0x0B, 0x7F, 0xFF, 0x02, 0x9F, 0xFF, 0x01, 0xDF, 0xFF, 0x2A, 0xDE, 0xFF, 0x54, 0x1E, 0xFF,
  0x64, 0x5E, 0xFF, 0x63, 0xDC, 0xFF, 0x21, 0x8D, 0xFF, 0x10, 0xA3, 0xFF, 0x10, 0x82, 0xFF, 0x08,
  0x61, 0xFF, 0x08, 0x41, 0xFF, 0x00, 0x20, 0xFF, 0x00, 0x00, 0xFF, 0x00, 0x00, 0xFF, 0x00, 0x00,
  0xFF, 0x00, 0x00, 0xFF, 0x00, 0x00, 0xFF, 0x00, 0x00, 0xFF, 0x00, 0x00, 0xFF, 0x00, 0x00, 0xFF,
  0x00, 0x00, 0xFF, 0x00, 0x00, 0xFF, 0x00, 0x20, 0xFF, 0x08, 0x41, 0xFF, 0x08, 0x61, 0xFF, 0x10,
  0x82, 0xFF, 0x20, 0xC3, 0xFF, 0x31, 0x08, 0xFF, 0x82, 0xB8, 0xFF, 0x8A, 0x5A, 0xFF, 0x92, 0x16,
  0xFF, 0x89, 0x8F, 0xFF, 0x91, 0xC5, 0xFF, 0xF4, 0xEA, 0xFF, 0xFE, 0x93, 0xFF, 0xFE, 0x50, 0xFF,
  0xFD, 0x8A, 0xFF, 0xFD, 0x2A, 0xFF, 0xFD, 0x0B, 0xFF, 0xFD, 0x4F, 0xFF, 0xFB, 0xEA, 0xEF, 0xEB,
  0xEB, 0x10, 0x00, 0x00, 0x00, 0x00, 0x00, 0x00, 0x00, 0x00, 0x00, 0x00, 0x00, 0x00, 0x00, 0x00,
  0x00, 0x00, 0x00, 0x00, 0x00, 0x00, 0x00, 0x00, 0x00, 0x00, 0x00, 0x00, 0x00, 0x00, 0x00, 0x00,
  0x00, 0x00, 0x00, 0x00, 0x00, 0x00, 0x00, 0x00, 0x00, 0x00, 0x00, 0x00, 0x00, 0x00, 0x00, 0x00,
  0x00, 0x00, 0x00, 0x00, 0x00, 0x00, 0x00, 0x00, 0x00, 0x00, 0x00, 0x00, 0x00, 0x00, 0x00, 0x00,
  0x00, 0x00, 0x00, 0x00, 0x00, 0x00, 0x00, 0x00, 0x00, 0x00, 0x00, 0x00, 0x00, 0x00, 0x00, 0x00,
  0x00, 0x00, 0x00, 0x00, 0x00, 0x00, 0x00, 0x00, 0x00, 0x00, 0x00, 0x00, 0x00, 0x00, 0x00, 0x00,
  0x00, 0x00, 0x00, 0x00, 0x00, 0x00, 0x00, 0x00, 0x00, 0x00, 0x00, 0x00, 0x00, 0x00, 0x00, 0x00,
  0x00, 0x00, 0x00, 0x00, 0x00, 0x00, 0x00, 0x00, 0x00, 0x00, 0x00, 0x00, 0x00, 0x00, 0x00, 0x00,
  0x00, 0x00, 0x00, 0x00, 0x00, 0x00, 0x00, 0x00, 0x00, 0x00, 0x00, 0x00, 0x00, 0x00, 0x00, 0x00,
  0x00, 0x00, 0x00, 0x00, 0x00, 0x00, 0x00, 0x00, 0x00, 0x00, 0x00, 0x00, 0x00, 0x00, 0x00, 0x00,
  0x00, 0x00, 0x00, 0x00, 0x00, 0x00, 0x00, 0x00, 0x00, 0x00, 0x00, 0x00, 0x00, 0x7B, 0xFF, 0x02,
  0x42, 0xFB, 0x69, 0x42, 0xBB, 0xF1, 0x42, 0xBC, 0xFB, 0x4A, 0x7B, 0x74, 0x00, 0x00, 0x00, 0x00,
  0x00, 0x00, 0x00, 0x00, 0x00, 0x00, 0x00, 0x00, 0x00, 0x00, 0x00, 0x00, 0x00, 0x00, 0x00, 0x00,
  0x00, 0x00, 0x00, 0x00, 0x00, 0x00, 0x00, 0x00, 0x00, 0x00, 0x00, 0x00, 0x00, 0x00, 0x00, 0x00,
  0x00, 0x00, 0x00, 0x82, 0xBD, 0x1B, 0x7A, 0x7D, 0xEA, 0x72, 0x5B, 0xFB, 0x6A, 0x19, 0xAE, 0x62,
  0x37, 0x0F, 0x00, 0x00, 0x00, 0x00, 0x00, 0x00, 0x00, 0x00, 0x00, 0x00, 0x00, 0x00, 0x9A, 0xDE,
  0x46, 0x9A, 0xFF, 0xFE, 0x9A, 0xBE, 0xFF, 0x92, 0x5C, 0xEF, 0x8A, 0xB9, 0x0F, 0x00, 0x00, 0x00,
  0x00, 0x00, 0x00, 0x00, 0x00, 0x00, 0x00, 0x00, 0x00, 0x00, 0x00, 0x00, 0x00, 0x00, 0x00, 0x00,
  0x00, 0x00, 0x00, 0x00, 0x00, 0x00, 0x00, 0x00, 0x00, 0x00, 0x00, 0x00, 0x00, 0x00, 0x00, 0x00,
  0x00, 0x00, 0x00, 0x00, 0x00, 0x00, 0x00, 0x00, 0x00, 0x00, 0x00, 0x00, 0x00, 0x00, 0x00, 0x00,
  0x00, 0x00, 0x00, 0x00, 0x00, 0x00, 0x00, 0x00, 0x00, 0x00, 0x00, 0x00, 0x00, 0x00, 0x00, 0x00,
  0x00, 0x00, 0x00, 0x00, 0x00, 0x00, 0x00, 0x00, 0x00, 0x00, 0x00, 0x00, 0x00, 0x00, 0x00, 0x00,
  0x00, 0x00, 0x00, 0x00, 0x00, 0x00, 0x00, 0x00, 0x00, 0x00, 0x00, 0x00, 0x00, 0x00, 0x00, 0x00,
  0x00, 0x00, 0x00, 0x00, 0x00, 0x00, 0x00, 0x00, 0x00, 0x00, 0x00, 0x00, 0x7B, 0xFF, 0x02, 0x3C,
  0x3F, 0xBD, 0x0C, 0x7F, 0xFF, 0x14, 0x9F, 0xFF, 0x0C, 0x7F, 0xFF, 0x0C, 0x5F, 0xFF, 0x0C, 0x1F,
  0xFF, 0x2C, 0x1F, 0xFF, 0x03, 0x7F, 0xFF, 0x02, 0x9F, 0xFF, 0x01, 0xDF, 0xFF, 0x2A, 0xBE, 0xFF,
  0x53, 0xDE, 0xFF, 0x6C, 0x1E, 0xFF, 0x63, 0xDD, 0xFF, 0x3A, 0x53, 0xFF, 0x18, 0xE7, 0xFF, 0x10,
  0xA3, 0xFF, 0x10, 0x82, 0xFF, 0x08, 0x62, 0xFF, 0x08, 0x41, 0xFF, 0x08, 0x41, 0xFF, 0x00, 0x20,
  0xFF, 0x00, 0x20, 0xFF, 0x00, 0x20, 0xFF, 0x00, 0x20, 0xFF, 0x00, 0x20, 0xFF, 0x08, 0x41, 0xFF,
  0x08, 0x41, 0xFF, 0x08, 0x61, 0xFF, 0x10, 0x82, 0xFF, 0x10, 0x82, 0xFF, 0x10, 0x82, 0xFF, 0x20,
  0xC4, 0xFF, 0x5A, 0x10, 0xFF, 0x92, 0xFB, 0xFF, 0x82, 0x39, 0xFF, 0x89, 0xF4, 0xFF, 0x81, 0x8E,
  0xFF, 0x91, 0xC5, 0xFF, 0xEC, 0x89, 0xFF, 0xFE, 0x52, 0xFF, 0xFE, 0xB3, 0xFF, 0xFD, 0xAB, 0xFF,
  0xFD, 0x4A, 0xFF, 0xFC, 0xE9, 0xFF, 0xFC, 0xEC, 0xFF, 0xFC, 0xED, 0xFF, 0xF3, 0xEA, 0xE2, 0xE3,
  0x8E, 0x09, 0x00, 0x00, 0x00, 0x00, 0x00, 0x00, 0x00, 0x00, 0x00, 0x00, 0x00, 0x00, 0x00, 0x00,
  0x00, 0x00, 0x00, 0x00, 0x00, 0x00, 0x00, 0x00, 0x00, 0x00, 0x00, 0x00, 0x00, 0x00, 0x00, 0x00,
  0x00, 0x00, 0x00, 0x00, 0x00, 0x00, 0x00, 0x00, 0x00, 0x00, 0x00, 0x00, 0x00, 0x00, 0x00, 0x00,
  0x00, 0x00, 0x00, 0x00, 0x00, 0x00, 0x00, 0x00, 0x00, 0x00, 0x00, 0x00, 0x00, 0x00, 0x00, 0x00,
  0x00, 0x00, 0x00, 0x00, 0x00, 0x00, 0x00, 0x00, 0x00, 0x00, 0x00, 0x00, 0x00, 0x00, 0x00, 0x00,
  0x00, 0x00, 0x00, 0x00, 0x00, 0x00, 0x00, 0x00, 0x00, 0x00, 0x00, 0x00, 0x00, 0x00, 0x00, 0x00,
  0x00, 0x00, 0x00, 0x00, 0x00, 0x00, 0x00, 0x00, 0x00, 0x00, 0x00, 0x00, 0x00, 0x00, 0x00, 0x00,
  0x00, 0x00, 0x00, 0x00, 0x00, 0x00, 0x00, 0x00, 0x00, 0x00, 0x00, 0x00, 0x00, 0x00, 0x00, 0x00,
  0x00, 0x00, 0x00, 0x00, 0x00, 0x00, 0x00, 0x00, 0x00, 0x00, 0x00, 0x00, 0x00, 0x00, 0x00, 0x00,
  0x00, 0x00, 0x00, 0x00, 0x00, 0x00, 0x00, 0x00, 0x00, 0x00, 0x00, 0x00, 0x00, 0x00, 0x00, 0x00,
  0x00, 0x00, 0x00, 0x00, 0x00, 0x00, 0x00, 0x00, 0x00, 0x00, 0x00, 0x00, 0x00, 0x00, 0x00, 0x00,
  0x00, 0x1F, 0x01, 0x42, 0xB8, 0x1D, 0x4A, 0x99, 0x34, 0x33, 0x39, 0x05, 0x00, 0x00, 0x00, 0x00,
  0x00, 0x00, 0x00, 0x00, 0x00, 0x00, 0x00, 0x00, 0x00, 0x00, 0x00, 0x00, 0x00, 0x00, 0x00, 0x00,
  0x00, 0x00, 0x00, 0x00, 0x00, 0x00, 0x00, 0x00, 0x00, 0x00, 0x00, 0x00, 0x00, 0x00, 0x00, 0x00,
  0x00, 0x00, 0x00, 0x00, 0x00, 0x00, 0x6A, 0x19, 0x1F, 0x6A, 0x39, 0x2F, 0x61, 0x99, 0x05, 0x00,
  0x00, 0x00, 0x00, 0x00, 0x00, 0x00, 0x00, 0x00, 0x00, 0x00, 0x00, 0x00, 0x00, 0x00, 0x8A, 0xBE,
  0x26, 0x8A, 0x7D, 0xF5, 0x8A, 0x5D, 0xFF, 0x82, 0x3A, 0xD5, 0x92, 0x56, 0x07, 0x00, 0x00, 0x00,
  0x00, 0x00, 0x00, 0x00, 0x00, 0x00, 0x00, 0x00, 0x00, 0x00, 0x00, 0x00, 0x00, 0x00, 0x00, 0x00,
  0x00, 0x00, 0x00, 0x00, 0x00, 0x00, 0x00, 0x00, 0x00, 0x00, 0x00, 0x00, 0x00, 0x00, 0x00, 0x00,
  0x00, 0x00, 0x00, 0x00, 0x00, 0x00, 0x00, 0x00, 0x00, 0x00, 0x00, 0x00, 0x00, 0x00, 0x00, 0x00,
  0x00, 0x00, 0x00, 0x00, 0x00, 0x00, 0x00, 0x00, 0x00, 0x00, 0x00, 0x00, 0x00, 0x00, 0x00, 0x00,
  0x00, 0x00, 0x00, 0x00, 0x00, 0x00, 0x00, 0x00, 0x00, 0x00, 0x00, 0x00, 0x00, 0x00, 0x00, 0x00,
  0x00, 0x00, 0x00, 0x00, 0x00, 0x00, 0x00, 0x00, 0x00, 0x00, 0x00, 0x00, 0x00, 0x00, 0x00, 0x00,
  0x00, 0x00, 0x00, 0x00, 0x00, 0x00, 0x00, 0x00, 0x00, 0x00, 0x00, 0x00, 0x00, 0x00, 0x00, 0x44,
  0x1E, 0x67, 0x24, 0x3F, 0xFE, 0x14, 0x5F, 0xFF, 0x0C, 0x5F, 0xFF, 0x04, 0x5F, 0xFF, 0x0C, 0x5F,
  0xFF, 0x14, 0x3F, 0xFF, 0x1C, 0x1F, 0xFF, 0x03, 0x7F, 0xFF, 0x02, 0xBF, 0xFF, 0x01, 0xFF, 0xFF,
  0x22, 0x3D, 0xFF, 0x4B, 0x5D, 0xFF, 0x63, 0xBD, 0xFF, 0x6B, 0xDD, 0xFF, 0x63, 0x7B, 0xFF, 0x39,
  0xF1, 0xFF, 0x18, 0xE7, 0xFF, 0x10, 0xA3, 0xFF, 0x10, 0x82, 0xFF, 0x10, 0x82, 0xFF, 0x08, 0x82,
  0xFF, 0x08, 0x61, 0xFF, 0x08, 0x61, 0xFF, 0x08, 0x61, 0xFF, 0x10, 0x82, 0xFF, 0x10, 0x82, 0xFF,
  0x10, 0x82, 0xFF, 0x10, 0x82, 0xFF, 0x18, 0xA2, 0xFF, 0x20, 0xC5, 0xFF, 0x41, 0x6D, 0xFF, 0x82,
  0x98, 0xFF, 0x92, 0xDB, 0xFF, 0x8A, 0x58, 0xFF, 0x9A, 0x14, 0xFF, 0x79, 0x4B, 0xFF, 0x9A, 0x05,
  0xFF, 0xF4, 0xCB, 0xFF, 0xFE, 0x51, 0xFF, 0xFE, 0xB4, 0xFF, 0xFD, 0xCC, 0xFF, 0xFD, 0x6A, 0xFF,
  0xFD, 0x09, 0xFF, 0xFC, 0x88, 0xFF, 0xF4, 0x49, 0xFF, 0xF3, 0xC9, 0xFF, 0xEB, 0xAA, 0xAC, 0xF8,
  0x00, 0x01, 0x00, 0x00, 0x00, 0x00, 0x00, 0x00, 0x00, 0x00, 0x00, 0x00, 0x00, 0x00, 0x00, 0x00,
  0x00, 0x00, 0x00, 0x00, 0x00, 0x00, 0x00, 0x00, 0x00, 0x00, 0x00, 0x00, 0x00, 0x00, 0x00, 0x00,
  0x00, 0x00, 0x00, 0x00, 0x00, 0x00, 0x00, 0x00, 0x00, 0x00, 0x00, 0x00, 0x00, 0x00, 0x00, 0x00,
  0x00, 0x00, 0x00, 0x00, 0x00, 0x00, 0x00, 0x00, 0x00, 0x00, 0x00, 0x00, 0x00, 0x00, 0x00, 0x00,
  0x00, 0x00, 0x00, 0x00, 0x00, 0x00, 0x00, 0x00, 0x00, 0x00, 0x00, 0x00, 0x00, 0x00, 0x00, 0x00,
  0x00, 0x00, 0x00, 0x00, 0x00, 0x00, 0x00, 0x00, 0x00, 0x00, 0x00, 0x00, 0x00, 0x00, 0x00, 0x00,
  0x00, 0x00, 0x00, 0x00, 0x00, 0x00, 0x00, 0x00, 0x00, 0x00, 0x00, 0x00, 0x00, 0x00, 0x00, 0x00,
  0x00, 0x00, 0x00, 0x00, 0x00, 0x00, 0x00, 0x00, 0x00, 0x00, 0x00, 0x00, 0x00, 0x00, 0x00, 0x00,
  0x00, 0x00, 0x00, 0x00, 0x00, 0x00, 0x00, 0x00, 0x00, 0x00, 0x00, 0x00, 0x00, 0x00, 0x00, 0x00,
  0x00, 0x00, 0x00, 0x00, 0x00, 0x00, 0x00, 0x00, 0x00, 0x00, 0x00, 0x00, 0x00, 0x00, 0x00, 0x00,
  0x00, 0x00, 0x00, 0x00, 0x00, 0x00, 0x00, 0x00, 0x00, 0x00, 0x00, 0x00, 0x00, 0x00, 0x00, 0x00,
  0x00, 0x00, 0x00, 0x00, 0x00, 0x00, 0x00, 0x00, 0x00, 0x00, 0x00, 0x00, 0x00, 0x00, 0x00, 0x00,
  0x00, 0x00, 0x00, 0x00, 0x00, 0x00, 0x00, 0x00, 0x00, 0x00, 0x00, 0x00, 0x00, 0x00, 0x00, 0x00,
  0x00, 0x00, 0x00, 0x00, 0x00, 0x00, 0x00, 0x00, 0x00, 0x00, 0x00, 0x00, 0x00, 0x00, 0x00, 0x00,
  0x00, 0x00, 0x00, 0x00, 0x00, 0x00, 0x00, 0x00, 0x00, 0x00, 0x00, 0x00, 0x00, 0x00, 0x00, 0x00,
  0x00, 0x00, 0x00, 0x00, 0x00, 0x00, 0x00, 0x00, 0x00, 0x00, 0x00, 0x00, 0x00, 0x00, 0xF8, 0x1F,
  0x01, 0x7A, 0x59, 0x51, 0x71, 0xF8, 0x98, 0x7A, 0x58, 0x2E, 0x00, 0x00, 0x00, 0x00, 0x00, 0x00,
  0x00, 0x00, 0x00, 0x00, 0x00, 0x00, 0x00, 0x00, 0x00, 0x00, 0x00, 0x00, 0x00, 0x00, 0x00, 0x00,
  0x00, 0x00, 0x00, 0x00, 0x00, 0x00, 0x00, 0x00, 0x00, 0x00, 0x00, 0x00, 0x00, 0x00, 0x00, 0x00,
  0x00, 0x00, 0x00, 0x00, 0x00, 0x00, 0x00, 0x00, 0x00, 0x00, 0x00, 0x00, 0x00, 0x00, 0x00, 0x00,
  0x00, 0x00, 0x00, 0x00, 0x00, 0x00, 0x00, 0x00, 0x00, 0x00, 0x00, 0x00, 0x00, 0x00, 0x00, 0x00,
  0x00, 0x00, 0x00, 0x00, 0x00, 0x00, 0x00, 0x00, 0x00, 0x00, 0x00, 0x00, 0x00, 0x00, 0x00, 0x00,
  0x00, 0x00, 0x00, 0x00, 0x00, 0x00, 0x00, 0x00, 0x00, 0x00, 0x00, 0x00, 0x00, 0x00, 0x00, 0x00,
  0x00, 0x00, 0x00, 0x00, 0x00, 0x00, 0x00, 0x00, 0x00, 0x00, 0x00, 0x00, 0x00, 0x00, 0x00, 0x53,
  0xDF, 0x13, 0x33, 0xDF, 0xE4, 0x1C, 0x1F, 0xFF, 0x14, 0x1F, 0xFF, 0x04, 0x3F, 0xFF, 0x0C, 0x5F,
  0xFF, 0x0C, 0x5F, 0xFF, 0x0C, 0x3F, 0xFF, 0x0C, 0x1F, 0xFF, 0x03, 0x9F, 0xFF, 0x02, 0xDF, 0xFF,
  0x01, 0xFF, 0xFF, 0x11, 0x9C, 0xFF, 0x3A, 0xBC, 0xFF, 0x5B, 0x5C, 0xFF, 0x6B, 0x9D, 0xFF, 0x73,
  0x7D, 0xFF, 0x6B, 0x5C, 0xFF, 0x52, 0x75, 0xFF, 0x29, 0x6D, 0xFF, 0x18, 0xE7, 0xFF, 0x18, 0xC5,
  0xFF, 0x10, 0xA4, 0xFF, 0x10, 0xA4, 0xFF, 0x18, 0xC4, 0xFF, 0x18, 0xC3, 0xFF, 0x18, 0xA4, 0xFF,
  0x28, 0xE6, 0xFF, 0x39, 0x4B, 0xFF, 0x5A, 0x13, 0xFF, 0x8B, 0x1A, 0xFF, 0x8A, 0xDC, 0xFF, 0x7A,
  0x19, 0xFF, 0x82, 0x15, 0xFF, 0x91, 0xF0, 0xFF, 0x81, 0x48, 0xFF, 0xB2, 0xA5, 0xFF, 0xF4, 0xCA,
  0xFF, 0xFE, 0x72, 0xFF, 0xFE, 0xD4, 0xFF, 0xFD, 0xCC, 0xFF, 0xFD, 0x6A, 0xFF, 0xFD, 0x09, 0xFF,
  0xFC, 0xA8, 0xFF, 0xF4, 0x48, 0xFF, 0xF3, 0xE8, 0xFF, 0xEB, 0xCA, 0xFB, 0xEB, 0xCC, 0x42, 0x00,
  0x00, 0x00, 0x00, 0x00, 0x00, 0x00, 0x00, 0x00, 0x00, 0x00, 0x00, 0x00, 0x00, 0x00, 0x00, 0x00,
  0x00, 0x00, 0x00, 0x00, 0x00, 0x00, 0x00, 0x00, 0x00, 0x00, 0x00, 0x00, 0x00, 0x00, 0x00, 0x00,
  0x00, 0x00, 0x00, 0x00, 0x00, 0x00, 0x00, 0x00, 0x00, 0x00, 0x00, 0x00, 0x00, 0x00, 0x00, 0x00,
  0x00, 0x00, 0x00, 0x00, 0x00, 0x00, 0x00, 0x00, 0x00, 0x00, 0x00, 0x00, 0x00, 0x00, 0x00, 0x00,
  0x00, 0x00, 0x00, 0x00, 0x00, 0x00, 0x00, 0x00, 0x00, 0x00, 0x00, 0x00, 0x00, 0x00, 0x00, 0x00,
  0x00, 0x00, 0x00, 0x00, 0x00, 0x00, 0x00, 0x00, 0x00, 0x00, 0x00, 0x00, 0x00, 0x00, 0x00, 0x00,
  0x00, 0x00, 0x00, 0x00, 0x00, 0x00, 0x00, 0x00, 0x00, 0x00, 0x00, 0x00, 0x00, 0x00, 0x00, 0x00,
  0x00, 0x00, 0x00, 0x00, 0x00, 0x00, 0x00, 0x00, 0x00, 0x00, 0x00, 0x00, 0x00, 0x00, 0x00, 0x00,
  0x00, 0x00, 0x00, 0x00, 0x00, 0x00, 0x00, 0x00, 0x00, 0x00, 0x00, 0x00, 0x00, 0x00, 0x00, 0x00,
  0x00, 0x00, 0x00, 0x00, 0x00, 0x00, 0x00, 0x00, 0x00, 0x00, 0x00, 0x00, 0x00, 0x00, 0x00, 0x00,
  0x00, 0x00, 0x00, 0x00, 0x00, 0x00, 0x00, 0x00, 0x00, 0x00, 0x00, 0x00, 0x00, 0x00, 0x00, 0x00,
  0x00, 0x00, 0x00, 0x00, 0x00, 0x00, 0x00, 0x00, 0x00, 0x00, 0x00, 0x00, 0x00, 0x00, 0x00, 0x00,
  0x00, 0x00, 0x00, 0x00, 0x00, 0x00, 0x00, 0x00, 0x00, 0x00, 0x00, 0x00, 0x00, 0x00, 0x00, 0x00,
  0x00, 0x00, 0x00, 0x00, 0x00, 0x00, 0x00, 0x00, 0x00, 0x00, 0x00, 0x00, 0x00, 0x00, 0x00, 0x00,
  0x00, 0x00, 0x00, 0x00, 0x00, 0x00, 0x00, 0x00, 0x00, 0x00, 0x00, 0x00, 0x00, 0x00, 0x00, 0x00,
  0x00, 0x00, 0x00, 0x00, 0x00, 0x00, 0x00, 0x00, 0x00, 0x00, 0x00, 0x00, 0x00, 0x00, 0x00, 0x00,
  0x00, 0x00, 0x00, 0x00, 0x00, 0x00, 0x00, 0x00, 0x00, 0x00, 0x00, 0x00, 0x00, 0x00, 0x00, 0x00,
  0x00, 0x00, 0x00, 0x00, 0x00, 0x00, 0x00, 0x00, 0x00, 0x00, 0x00, 0x00, 0x00, 0x00, 0x00, 0x00,
  0x00, 0x00, 0x00, 0x00, 0x00, 0x00, 0x00, 0x00, 0x00, 0x00, 0x00, 0x00, 0x00, 0x00, 0x00, 0x00,
  0x00, 0x00, 0x00, 0x00, 0x00, 0x00, 0x00, 0x00, 0x00, 0x00, 0x00, 0x00, 0x00, 0x00, 0x00, 0x00,
  0x00, 0x00, 0x00, 0x00, 0x00, 0x00, 0x00, 0x00, 0x00, 0x00, 0x00, 0x00, 0x00, 0x00, 0x00, 0x00,
  0x00, 0x00, 0x00, 0x00, 0x00, 0x00, 0x00, 0x00, 0x00, 0x00, 0x00, 0x00, 0x00, 0x00, 0x00, 0x00,
  0x00, 0x00, 0x00, 0x00, 0x00, 0x00, 0x00, 0x00, 0x00, 0x00, 0x00, 0x00, 0x00, 0x00, 0x00, 0x00,
  0x00, 0x00, 0x00, 0x00, 0x00, 0x00, 0x00, 0x00, 0x00, 0x00, 0x00, 0x00, 0x00, 0x00, 0x00, 0x00,
  0x00, 0x00, 0x43, 0xBF, 0x64, 0x2B, 0xBF, 0xFC, 0x1B, 0xFF, 0xFF, 0x14, 0x1F, 0xFF, 0x0C, 0x3F,
  0xFF, 0x0C, 0x3F, 0xFF, 0x0C, 0x5F, 0xFF, 0x04, 0x3F, 0xFF, 0x04, 0x1F, 0xFF, 0x03, 0xBF, 0xFF,
  0x02, 0xFF, 0xFF, 0x02, 0x1E, 0xFF, 0x09, 0x7B, 0xFF, 0x29, 0xF9, 0xFF, 0x52, 0xD9, 0xFE, 0x62,
  0xFA, 0xFF, 0x6B, 0x1B, 0xFF, 0x73, 0x3C, 0xFF, 0x73, 0x1C, 0xFF, 0x7B, 0x1C, 0xFF, 0x73, 0x1B,
  0xFF, 0x6A, 0x99, 0xFF, 0x6A, 0x78, 0xFF, 0x72, 0x98, 0xFF, 0x72, 0x79, 0xFF, 0x7A, 0x9A, 0xFF,
  0x8A, 0xFC, 0xFF, 0x8A, 0xDC, 0xFF, 0x82, 0x7A, 0xFF, 0x82, 0x58, 0xFF, 0x8A, 0x36, 0xFF, 0x91,
  0xF1, 0xFF, 0x71, 0x4A, 0xFF, 0x89, 0xA5, 0xFF, 0xE4, 0x09, 0xFF, 0xFD, 0x6C, 0xFF, 0xFE, 0xB4,
  0xFF, 0xFE, 0xD4, 0xFF, 0xFD, 0xCC, 0xFF, 0xFD, 0x6A, 0xFF, 0xFD, 0x29, 0xFF, 0xFC, 0xC8, 0xFF,
  0xF4, 0x68, 0xFF, 0xEC, 0x08, 0xFF, 0xEB, 0xA9, 0xFF, 0xEB, 0xAA, 0xBE, 0xFC, 0xCC, 0x05, 0x00,
  0x00, 0x00, 0x00, 0x00, 0x00, 0x00, 0x00, 0x00, 0x00, 0x00, 0x00, 0x00, 0x00, 0x00, 0x00, 0x00,
  0x00, 0x00, 0x00, 0x00, 0x00, 0x00, 0x00, 0x00, 0x00, 0x00, 0x00, 0x00, 0x00, 0x00, 0x00, 0x00,
  0x00, 0x00, 0x00, 0x00, 0x00, 0x00, 0x00, 0x00, 0x00, 0x00, 0x00, 0x00, 0x00, 0x00, 0x00, 0x00,
  0x00, 0x00, 0x00, 0x00, 0x00, 0x00, 0x00, 0x00, 0x00, 0x00, 0x00, 0x00, 0x00, 0x00, 0x00, 0x00,
  0x00, 0x00, 0x00, 0x00, 0x00, 0x00, 0x00, 0x00, 0x00, 0x00, 0x00, 0x00, 0x00, 0x00, 0x00, 0x00,
  0x00, 0x00, 0x00, 0x00, 0x00, 0x00, 0x00, 0x00, 0x00, 0x00, 0x00, 0x00, 0x00, 0x00, 0x00, 0x00,
  0x00, 0x00, 0x00, 0x00, 0x00, 0x00, 0x00, 0x00, 0x00, 0x00, 0x00, 0x00, 0x00, 0x00, 0x00, 0x00,
  0x00, 0x00, 0x00, 0x00, 0x00, 0x00, 0x00, 0x00, 0x00, 0x00, 0x00, 0x00, 0x00, 0x00, 0x00, 0x00,
  0x00, 0x00, 0x00, 0x00, 0x00, 0x00, 0x00, 0x00, 0x00, 0x00, 0x00, 0x00, 0x00, 0x00, 0x00, 0x00,
  0x00, 0x00, 0x00, 0x00, 0x00, 0x00, 0x00, 0x00, 0x00, 0x00, 0x00, 0x00, 0x00, 0x00, 0x00, 0x00,
  0x00, 0x00, 0x00, 0x00, 0x00, 0x00, 0x00, 0x00, 0x00, 0x00, 0x00, 0x00, 0x00, 0x00, 0x00, 0x00,
  0x00, 0x00, 0x00, 0x00, 0x00, 0x00, 0x00, 0x00, 0x00, 0x00, 0x00, 0x00, 0x00, 0x00, 0x00, 0x00,
  0x00, 0x00, 0x00, 0x00, 0x00, 0x00, 0x00, 0x00, 0x00, 0x00, 0x00, 0x00, 0x00, 0x00, 0x00, 0x00,
  0x00, 0x00, 0x00, 0x00, 0x00, 0x00, 0x00, 0x00, 0x00, 0x00, 0x00, 0x00, 0x00, 0x00, 0x00, 0x00,
  0x00, 0x00, 0x00, 0x00, 0x00, 0x00, 0x00, 0x00, 0x00, 0x00, 0x00, 0x00, 0x00, 0x00, 0x00, 0x00,
  0x00, 0x00, 0x00, 0x00, 0x00, 0x00, 0x00, 0x00, 0x00, 0x00, 0x00, 0x00, 0x00, 0x00, 0x00, 0x00,
  0x00, 0x00, 0x00, 0x00, 0x00, 0x00, 0x00, 0x00, 0x00, 0x00, 0x00, 0x00, 0x00, 0x00, 0x00, 0x00,
  0x00, 0x00, 0x00, 0x00, 0x00, 0x00, 0x00, 0x00, 0x00, 0x00, 0x00, 0x00, 0x00, 0x00, 0x00, 0x00,
  0x00, 0x00, 0x00, 0x00, 0x00, 0x00, 0x00, 0x00, 0x00, 0x00, 0x00, 0x00, 0x00, 0x00, 0x00, 0x00,
  0x00, 0x00, 0x00, 0x00, 0x00, 0x00, 0x00, 0x00, 0x00, 0x00, 0x00, 0x00, 0x00, 0x00, 0x00, 0x00,
  0x00, 0x00, 0x00, 0x00, 0x00, 0x00, 0x00, 0x00, 0x00, 0x00, 0x00, 0x00, 0x00, 0x00, 0x00, 0x00,
  0x00, 0x00, 0x00, 0x00, 0x00, 0x00, 0x00, 0x00, 0x00, 0x00, 0x00, 0x00, 0x00, 0x00, 0x00, 0x00,
  0x00, 0x00, 0x00, 0x00, 0x00, 0x00, 0x00, 0x00, 0x00, 0x00, 0x00, 0x00, 0x00, 0x00, 0x00, 0x00,
  0x00, 0x00, 0x00, 0x00, 0x00, 0x00, 0x00, 0x00, 0x00, 0x00, 0x00, 0x00, 0x00, 0x00, 0x00, 0x00,
  0x00, 0x00, 0x53, 0xFA, 0x06, 0x43, 0x9F, 0xAA, 0x2B, 0xBF, 0xFF, 0x1B, 0xDF, 0xFF, 0x14, 0x1F,
  0xFF, 0x0C, 0x1F, 0xFF, 0x04, 0x3F, 0xFF, 0x0C, 0x5F, 0xFF, 0x0C, 0x3F, 0xFF, 0x0C, 0x1F, 0xFF,
  0x23, 0xFF, 0xFF, 0x0A, 0xFE, 0xFF, 0x02, 0x1B, 0xFF, 0x09, 0x76, 0xFF, 0x2A, 0x14, 0xA0, 0x52,
  0xB6, 0x91, 0x5A, 0xB7, 0xE3, 0x62, 0xB8, 0xFC, 0x62, 0xB9, 0xFF, 0x6A, 0xB9, 0xFF, 0x72, 0xBA,
  0xFF, 0x72, 0x9A, 0xFF, 0x7A, 0xBA, 0xFF, 0x7A, 0xBA, 0xFF, 0x7A, 0x59, 0xFF, 0x7A, 0x58, 0xFF,
  0x82, 0x57, 0xFF, 0x8A, 0x36, 0xFF, 0x8A, 0x12, 0xFF, 0x89, 0xAF, 0xFF, 0x81, 0x69, 0xFF, 0x99,
  0xE6, 0xFF, 0xD3, 0x87, 0xFF, 0xF4, 0xEA, 0xFF, 0xFE, 0x10, 0xFF, 0xFE, 0xF5, 0xFF, 0xFE, 0x71,
  0xFF, 0xFD, 0xAB, 0xFF, 0xFD, 0x6A, 0xFF, 0xFD, 0x29, 0xFF, 0xFC, 0xC9, 0xFF, 0xF4, 0x88, 0xFF,
  0xEC, 0x28, 0xFF, 0xEB, 0xC8, 0xFF, 0xE3, 0x89, 0xF3, 0xDB, 0xCB, 0x30, 0x00, 0x00, 0x00, 0x00,
  0x00, 0x00, 0x00, 0x00, 0x00, 0x00, 0x00, 0x00, 0x00, 0x00, 0x00, 0x00, 0x00, 0x00, 0x00, 0x00,
  0x00, 0x00, 0x00, 0x00, 0x00, 0x00, 0x00, 0x00, 0x00, 0x00, 0x00, 0x00, 0x00, 0x00, 0x00, 0x00,
  0x00, 0x00, 0x00, 0x00, 0x00, 0x00, 0x00, 0x00, 0x00, 0x00, 0x00, 0x00, 0x00, 0x00, 0x00, 0x00,
  0x00, 0x00, 0x00, 0x00, 0x00, 0x00, 0x00, 0x00, 0x00, 0x00, 0x00, 0x00, 0x00, 0x00, 0x00, 0x00,
  0x00, 0x00, 0x00, 0x00, 0x00, 0x00, 0x00, 0x00, 0x00, 0x00, 0x00, 0x00, 0x00, 0x00, 0x00, 0x00,
  0x00, 0x00, 0x00, 0x00, 0x00, 0x00, 0x00, 0x00, 0x00, 0x00, 0x00, 0x00, 0x00, 0x00, 0x00, 0x00,
  0x00, 0x00, 0x00, 0x00, 0x00, 0x00, 0x00, 0x00, 0x00, 0x00, 0x00, 0x00, 0x00, 0x00, 0x00, 0x00,
  0x00, 0x00, 0x00, 0x00, 0x00, 0x00, 0x00, 0x00, 0x00, 0x00, 0x00, 0x00, 0x00, 0x00, 0x00, 0x00,
  0x00, 0x00, 0x00, 0x00, 0x00, 0x00, 0x00, 0x00, 0x00, 0x00, 0x00, 0x00, 0x00, 0x00, 0x00, 0x00,
  0x00, 0x00, 0x00, 0x00, 0x00, 0x00, 0x00, 0x00, 0x00, 0x00, 0x00, 0x00, 0x00, 0x00, 0x00, 0x00,
  0x00, 0x00, 0x00, 0x00, 0x00, 0x00, 0x00, 0x00, 0x00, 0x00, 0x00, 0x00, 0x00, 0x00, 0x00, 0x00,
  0x00, 0x00, 0x00, 0x00, 0x00, 0x00, 0x00, 0x00, 0x00, 0x00, 0x00, 0x00, 0x00, 0x00, 0x00, 0x00,
  0x00, 0x00, 0x00, 0x00, 0x00, 0x00, 0x00, 0x00, 0x00, 0x00, 0x00, 0x00, 0x00, 0x00, 0x00, 0x00,
  0x00, 0x00, 0x00, 0x00, 0x00, 0x00, 0x00, 0x00, 0x00, 0x00, 0x00, 0x00, 0x00, 0x00, 0x00, 0x00,
  0x00, 0x00, 0x00, 0x00, 0x00, 0x00, 0x00, 0x00, 0x00, 0x00, 0x00, 0x00, 0x00, 0x00, 0x00, 0x00,
  0x00, 0x00, 0x00, 0x00, 0x00, 0x00, 0x00, 0x00, 0x00, 0x00, 0x00, 0x00, 0x00, 0x00, 0x00, 0x00,
  0x00, 0x00, 0x00, 0x00, 0x00, 0x00, 0x00, 0x00, 0x00, 0x00, 0x00, 0x00, 0x00, 0x00, 0x00, 0x00,
  0x00, 0x00, 0x00, 0x00, 0x00, 0x00, 0x00, 0x00, 0x00, 0x00, 0x00, 0x00, 0x00, 0x00, 0x00, 0x00,
  0x00, 0x00, 0x00, 0x00, 0x00, 0x00, 0x00, 0x00, 0x00, 0x00, 0x00, 0x00, 0x00, 0x00, 0x00, 0x00,
  0x00, 0x00, 0x00, 0x00, 0x00, 0x00, 0x00, 0x00, 0x00, 0x00, 0x00, 0x00, 0x00, 0x00, 0x00, 0x00,
  0x00, 0x00, 0x00, 0x00, 0x00, 0x00, 0x00, 0x00, 0x00, 0x00, 0x00, 0x00, 0x00, 0x00, 0x00, 0x00,
  0x00, 0x00, 0x00, 0x00, 0x00, 0x00, 0x00, 0x00, 0x00, 0x00, 0x00, 0x00, 0x00, 0x00, 0x00, 0x00,
  0x00, 0x00, 0x00, 0x00, 0x00, 0x00, 0x00, 0x00, 0x00, 0x00, 0x00, 0x00, 0x00, 0x00, 0x00, 0x00,
  0x00, 0x00, 0x00, 0x00, 0x00, 0x00, 0x00, 0x00, 0x00, 0x00, 0x00, 0x00, 0x00, 0x00, 0x00, 0x00,
  0x00, 0x00, 0x00, 0x00, 0x00, 0x4B, 0xDE, 0x11, 0x3B, 0x5E, 0xC7, 0x23, 0x7F, 0xFF, 0x1B, 0xBF,
  0xFF, 0x13, 0xFF, 0xFF, 0x0B, 0xFF, 0xFF, 0x03, 0xFF, 0xFF, 0x03, 0xFF, 0xFF, 0x0B, 0xFF, 0xFF,
  0x3C, 0x1F, 0xFF, 0x4B, 0xBC, 0xFF, 0x1A, 0x98, 0xFF, 0x1A, 0x14, 0xFE, 0x32, 0x73, 0x58, 0x00,
  0x00, 0x01, 0x63, 0x16, 0x0D, 0x62, 0xD5, 0x3E, 0x5A, 0x95, 0x87, 0x62, 0x95, 0xBC, 0x62, 0x74,
  0xDD, 0x72, 0x73, 0xED, 0x82, 0x52, 0xFE, 0x82, 0x31, 0xFF, 0x81, 0xEF, 0xFF, 0x89, 0xCE, 0xFF,
  0x81, 0x8C, 0xFF, 0x81, 0x89, 0xFF, 0x91, 0xA6, 0xFF, 0xB2, 0x66, 0xFF, 0xE3, 0xC8, 0xFF, 0xFD,
  0x0A, 0xFF, 0xFD, 0xEF, 0xFF, 0xFE, 0xB4, 0xFF, 0xFE, 0xD4, 0xFF, 0xFE, 0x2F, 0xFF, 0xFD, 0x8A,
  0xFF, 0xFD, 0x49, 0xFF, 0xFD, 0x09, 0xFF, 0xF4, 0xC8, 0xFF, 0xF4, 0x68, 0xFF, 0xEC, 0x28, 0xFF,
  0xEB, 0xE8, 0xFF, 0xE3, 0x89, 0xFD, 0xDB, 0x8A, 0x71, 0xF8, 0x00, 0x01, 0x00, 0x00, 0x00, 0x00,
  0x00, 0x00, 0x00, 0x00, 0x00, 0x00, 0x00, 0x00, 0x00, 0x00, 0x00, 0x00, 0x00, 0x00, 0x00, 0x00,
  0x00, 0x00, 0x00, 0x00, 0x00, 0x00, 0x00, 0x00, 0x00, 0x00, 0x00, 0x00, 0x00, 0x00, 0x00, 0x00,
  0x00, 0x00, 0x00, 0x00, 0x00, 0x00, 0x00, 0x00, 0x00, 0x00, 0x00, 0x00, 0x00, 0x00, 0x00, 0x00,
  0x00, 0x00, 0x00, 0x00, 0x00, 0x00, 0x00, 0x00, 0x00, 0x00, 0x00, 0x00, 0x00, 0x00, 0x00, 0x00,
  0x00, 0x00, 0x00, 0x00, 0x00, 0x00, 0x00, 0x00, 0x00, 0x00, 0x00, 0x00, 0x00, 0x00, 0x00, 0x00,
  0x00, 0x00, 0x00, 0x00, 0x00, 0x00, 0x00, 0x00, 0x00, 0x00, 0x00, 0x00, 0x00, 0x00, 0x00, 0x00,
  0x00, 0x00, 0x00, 0x00, 0x00, 0x00, 0x00, 0x00, 0x00, 0x00, 0x00, 0x00, 0x00, 0x00, 0x00, 0x00,
  0x00, 0x00, 0x00, 0x00, 0x00, 0x00, 0x00, 0x00, 0x00, 0x00, 0x00, 0x00, 0x00, 0x00, 0x00, 0x00,
  0x00, 0x00, 0x00, 0x00, 0x00, 0x00, 0x00, 0x00, 0x00, 0x00, 0x00, 0x00, 0x00, 0x00, 0x00, 0x00,
  0x00, 0x00, 0x00, 0x00, 0x00, 0x00, 0x00, 0x00, 0x00, 0x00, 0x00, 0x00, 0x00, 0x00, 0x00, 0x00,
  0x00, 0x00, 0x00, 0x00, 0x00, 0x00, 0x00, 0x00, 0x00, 0x00, 0x00, 0x00, 0x00, 0x00, 0x00, 0x00,
  0x00, 0x00, 0x00, 0x00, 0x00, 0x00, 0x00, 0x00, 0x00, 0x00, 0x00, 0x00, 0x00, 0x00, 0x00, 0x00,
  0x00, 0x00, 0x00, 0x00, 0x00, 0x00, 0x00, 0x00, 0x00, 0x00, 0x00, 0x00, 0x00, 0x00, 0x00, 0x00,
  0x00, 0x00, 0x00, 0x00, 0x00, 0x00, 0x00, 0x00, 0x00, 0x00, 0x00, 0x00, 0x00, 0x00, 0x00, 0x00,
  0x00, 0x00, 0x00, 0x00, 0x00, 0x00, 0x00, 0x00, 0x00, 0x00, 0x00, 0x00, 0x00, 0x00, 0x00, 0x00,
  0x00, 0x00, 0x00, 0x00, 0x00, 0x00, 0x00, 0x00, 0x00, 0x00, 0x00, 0x00, 0x00, 0x00, 0x00, 0x00,
  0x00, 0x00, 0x00, 0x00, 0x00, 0x00, 0x00, 0x00, 0x00, 0x00, 0x00, 0x00, 0x00, 0x00, 0x00, 0x00,
  0x00, 0x00, 0x00, 0x00, 0x00, 0x00, 0x00, 0x00, 0x00, 0x00, 0x00, 0x00, 0x00, 0x00, 0x00, 0x00,
  0x00, 0x00, 0x00, 0x00, 0x00, 0x00, 0x00, 0x00, 0x00, 0x00, 0x00, 0x00, 0x00, 0x00, 0x00, 0x00,
  0x00, 0x00, 0x00, 0x00, 0x00, 0x00, 0x00, 0x00, 0x00, 0x00, 0x00, 0x00, 0x00, 0x00, 0x00, 0x00,
  0x00, 0x00, 0x00, 0x00, 0x00, 0x00, 0x00, 0x00, 0x00, 0x00, 0x00, 0x00, 0x00, 0x00, 0x00, 0x00,
  0x00, 0x00, 0x00, 0x00, 0x00, 0x00, 0x00, 0x00, 0x00, 0x00, 0x00, 0x00, 0x00, 0x00, 0x00, 0x00,
  0x00, 0x00, 0x00, 0x00, 0x00, 0x00, 0x00, 0x00, 0x00, 0x00, 0x00, 0x00, 0x00, 0x00, 0x00, 0x00,
  0x00, 0x00, 0x00, 0x00, 0x00, 0x00, 0x00, 0x00, 0x00, 0x00, 0x00, 0x00, 0x00, 0x00, 0x00, 0x00,
  0x00, 0x00, 0x00, 0x00, 0x00, 0x00, 0x00, 0x00, 0x4B, 0x7C, 0x15, 0x3B, 0x3E, 0xB7, 0x23, 0x5F,
  0xFD, 0x1B, 0x7F, 0xFF, 0x13, 0x9F, 0xFF, 0x13, 0x9F, 0xFF, 0x13, 0x9E, 0xFF, 0x13, 0x7E, 0xFF,
  0x13, 0x3B, 0xFF, 0x2B, 0x18, 0xFF, 0x43, 0x16, 0xFF, 0x2A, 0xD5, 0xDE, 0x3B, 0x54, 0x11, 0x00,
  0x00, 0x00, 0x00, 0x00, 0x00, 0x00, 0x00, 0x00, 0x00, 0x00, 0x00, 0x7B, 0xEF, 0x02, 0x93, 0x72,
  0x07, 0xBB, 0x4B, 0x6F, 0xB2, 0xC7, 0xFC, 0xB2, 0xA7, 0xFF, 0xC2, 0xE7, 0xFF, 0xD3, 0x48, 0xFF,
  0xDB, 0x88, 0xFF, 0xEC, 0x08, 0xFF, 0xF4, 0xCA, 0xFF, 0xFD, 0x4C, 0xFF, 0xFD, 0xEE, 0xFF, 0xFE,
  0xB4, 0xFF, 0xFE, 0x93, 0xFF, 0xFE, 0x0E, 0xFF, 0xFD, 0xAB, 0xFF, 0xFD, 0x6A, 0xFF, 0xFD, 0x4A,
  0xFF, 0xFC, 0xE9, 0xFF, 0xF4, 0xC8, 0xFF, 0xF4, 0x88, 0xFF, 0xEC, 0x28, 0xFF, 0xE3, 0xC8, 0xFF,
  0xE3, 0x89, 0xFE, 0xDB, 0x6A, 0x9A, 0xFC, 0xCC, 0x05, 0x00, 0x00, 0x00, 0x00, 0x00, 0x00, 0x00,
  0x00, 0x00, 0x00, 0x00, 0x00, 0x00, 0x00, 0x00, 0x00, 0x00, 0x00, 0x00, 0x00, 0x00, 0x00, 0x00,
  0x00, 0x00, 0x00, 0x00, 0x00, 0x00, 0x00, 0x00, 0x00, 0x00, 0x00, 0x00, 0x00, 0x00, 0x00, 0x00,
  0x00, 0x00, 0x00, 0x00, 0x00, 0x00, 0x00, 0x00, 0x00, 0x00, 0x00, 0x00, 0x00, 0x00, 0x00, 0x00,
  0x00, 0x00, 0x00, 0x00, 0x00, 0x00, 0x00, 0x00, 0x00, 0x00, 0x00, 0x00, 0x00, 0x00, 0x00, 0x00,
  0x00, 0x00, 0x00, 0x00, 0x00, 0x00, 0x00, 0x00, 0x00, 0x00, 0x00, 0x00, 0x00, 0x00, 0x00, 0x00,
  0x00, 0x00, 0x00, 0x00, 0x00, 0x00, 0x00, 0x00, 0x00, 0x00, 0x00, 0x00, 0x00, 0x00, 0x00, 0x00,
  0x00, 0x00, 0x00, 0x00, 0x00, 0x00, 0x00, 0x00, 0x00, 0x00, 0x00, 0x00, 0x00, 0x00, 0x00, 0x00,
  0x00, 0x00, 0x00, 0x00, 0x00, 0x00, 0x00, 0x00, 0x00, 0x00, 0x00, 0x00, 0x00, 0x00, 0x00, 0x00,
  0x00, 0x00, 0x00, 0x00, 0x00, 0x00, 0x00, 0x00, 0x00, 0x00, 0x00, 0x00, 0x00, 0x00, 0x00, 0x00,
  0x00, 0x00, 0x00, 0x00, 0x00, 0x00, 0x00, 0x00, 0x00, 0x00, 0x00, 0x00, 0x00, 0x00, 0x00, 0x00,
  0x00, 0x00, 0x00, 0x00, 0x00, 0x00, 0x00, 0x00, 0x00, 0x00, 0x00, 0x00, 0x00, 0x00, 0x00, 0x00,
  0x00, 0x00, 0x00, 0x00, 0x00, 0x00, 0x00, 0x00, 0x00, 0x00, 0x00, 0x00, 0x00, 0x00, 0x00, 0x00,
  0x00, 0x00, 0x00, 0x00, 0x00, 0x00, 0x00, 0x00, 0x00, 0x00, 0x00, 0x00, 0x00, 0x00, 0x00, 0x00,
  0x00, 0x00, 0x00, 0x00, 0x00, 0x00, 0x00, 0x00, 0x00, 0x00, 0x00, 0x00, 0x00, 0x00, 0x00, 0x00,
  0x00, 0x00, 0x00, 0x00, 0x00, 0x00, 0x00, 0x00, 0x00, 0x00, 0x00, 0x00, 0x00, 0x00, 0x00, 0x00,
  0x00, 0x00, 0x00, 0x00, 0x00, 0x00, 0x00, 0x00, 0x00, 0x00, 0x00, 0x00, 0x00, 0x00, 0x00, 0x00,
  0x00, 0x00, 0x00, 0x00, 0x00, 0x00, 0x00, 0x00, 0x00, 0x00, 0x00, 0x00, 0x00, 0x00, 0x00, 0x00,
  0x00, 0x00, 0x00, 0x00, 0x00, 0x00, 0x00, 0x00, 0x00, 0x00, 0x00, 0x00, 0x00, 0x00, 0x00, 0x00,
  0x00, 0x00, 0x00, 0x00, 0x00, 0x00, 0x00, 0x00, 0x00, 0x00, 0x00, 0x00, 0x00, 0x00, 0x00, 0x00,
  0x00, 0x00, 0x00, 0x00, 0x00, 0x00, 0x00, 0x00, 0x00, 0x00, 0x00, 0x00, 0x00, 0x00, 0x00, 0x00,
  0x00, 0x00, 0x00, 0x00, 0x00, 0x00, 0x00, 0x00, 0x00, 0x00, 0x00, 0x00, 0x00, 0x00, 0x00, 0x00,
  0x00, 0x00, 0x00, 0x00, 0x00, 0x00, 0x00, 0x00, 0x00, 0x00, 0x00, 0x00, 0x00, 0x00, 0x00, 0x00,
  0x00, 0x00, 0x00, 0x00, 0x00, 0x00, 0x00, 0x00, 0x00, 0x00, 0x00, 0x00, 0x00, 0x00, 0x00, 0x00,
  0x00, 0x00, 0x00, 0x00, 0x00, 0x00, 0x00, 0x00, 0x00, 0x00, 0x00, 0x00, 0x00, 0x00, 0x00, 0x00,
  0x00, 0x00, 0x00, 0x00, 0x00, 0x00, 0x00, 0x00, 0x00, 0x00, 0x00, 0x5B, 0xFB, 0x08, 0x3B, 0x3C,
  0x81, 0x22, 0xFD, 0xF3, 0x13, 0x1D, 0xFF, 0x13, 0x1D, 0xFF, 0x13, 0x1C, 0xFF, 0x12, 0xFB, 0xFF,
  0x12, 0xF9, 0xFF, 0x1A, 0xD6, 0xFF, 0x2B, 0x36, 0xEE, 0x43, 0xD7, 0x3F, 0x00, 0x00, 0x00, 0x00,
  0x00, 0x00, 0x00, 0x00, 0x00, 0x00, 0x00, 0x00, 0x00, 0x00, 0x00, 0x00, 0x00, 0x00, 0xE4, 0x6D,
  0x2B, 0xEC, 0x6B, 0xF1, 0xF4, 0xEB, 0xFF, 0xFD, 0x6C, 0xFF, 0xFD, 0x8D, 0xFF, 0xFD, 0x8D, 0xFF,
  0xFD, 0xAE, 0xFF, 0xFD, 0xCE, 0xFF, 0xFE, 0x0F, 0xFF, 0xFE, 0x51, 0xFF, 0xFE, 0x2F, 0xFF, 0xFD,
  0xCC, 0xFF, 0xFD, 0xAB, 0xFF, 0xFD, 0x6A, 0xFF, 0xFD, 0x49, 0xFF, 0xFD, 0x09, 0xFF, 0xFC, 0xE9,
  0xFF, 0xF4, 0xA8, 0xFF, 0xEC, 0x48, 0xFF, 0xEC, 0x08, 0xFF, 0xE3, 0xC8, 0xFF, 0xE3, 0x89, 0xFE,
  0xDB, 0x8A, 0xA5, 0xE3, 0x8A, 0x09, 0x00, 0x00, 0x00, 0x00, 0x00, 0x00, 0x00, 0x00, 0x00, 0x00,
  0x00, 0x00, 0x00, 0x00, 0x00, 0x00, 0x00, 0x00, 0x00, 0x00, 0x00, 0x00, 0x00, 0x00, 0x00, 0x00,
  0x00, 0x00, 0x00, 0x00, 0x00, 0x00, 0x00, 0x00, 0x00, 0x00, 0x00, 0x00, 0x00, 0x00, 0x00, 0x00,
  0x00, 0x00, 0x00, 0x00, 0x00, 0x00, 0x00, 0x00, 0x00, 0x00, 0x00, 0x00, 0x00, 0x00, 0x00, 0x00,
  0x00, 0x00, 0x00, 0x00, 0x00, 0x00, 0x00, 0x00, 0x00, 0x00, 0x00, 0x00, 0x00, 0x00, 0x00, 0x00,
  0x00, 0x00, 0x00, 0x00, 0x00, 0x00, 0x00, 0x00, 0x00, 0x00, 0x00, 0x00, 0x00, 0x00, 0x00, 0x00,
  0x00, 0x00, 0x00, 0x00, 0x00, 0x00, 0x00, 0x00, 0x00, 0x00, 0x00, 0x00, 0x00, 0x00, 0x00, 0x00,
  0x00, 0x00, 0x00, 0x00, 0x00, 0x00, 0x00, 0x00, 0x00, 0x00, 0x00, 0x00, 0x00, 0x00, 0x00, 0x00,
  0x00, 0x00, 0x00, 0x00, 0x00, 0x00, 0x00, 0x00, 0x00, 0x00, 0x00, 0x00, 0x00, 0x00, 0x00, 0x00,
  0x00, 0x00, 0x00, 0x00, 0x00, 0x00, 0x00, 0x00, 0x00, 0x00, 0x00, 0x00, 0x00, 0x00, 0x00, 0x00,
  0x00, 0x00, 0x00, 0x00, 0x00, 0x00, 0x00, 0x00, 0x00, 0x00, 0x00, 0x00, 0x00, 0x00, 0x00, 0x00,
  0x00, 0x00, 0x00, 0x00, 0x00, 0x00, 0x00, 0x00, 0x00, 0x00, 0x00, 0x00, 0x00, 0x00, 0x00, 0x00,
  0x00, 0x00, 0x00, 0x00, 0x00, 0x00, 0x00, 0x00, 0x00, 0x00, 0x00, 0x00, 0x00, 0x00, 0x00, 0x00,
  0x00, 0x00, 0x00, 0x00, 0x00, 0x00, 0x00, 0x00, 0x00, 0x00, 0x00, 0x00, 0x00, 0x00, 0x00, 0x00,
  0x00, 0x00, 0x00, 0x00, 0x00, 0x00, 0x00, 0x00, 0x00, 0x00, 0x00, 0x00, 0x00, 0x00, 0x00, 0x00,
  0x00, 0x00, 0x00, 0x00, 0x00, 0x00, 0x00, 0x00, 0x00, 0x00, 0x00, 0x00, 0x00, 0x00, 0x00, 0x00,
  0x00, 0x00, 0x00, 0x00, 0x00, 0x00, 0x00, 0x00, 0x00, 0x00, 0x00, 0x00, 0x00, 0x00, 0x00, 0x00,
  0x00, 0x00, 0x00, 0x00, 0x00, 0x00, 0x00, 0x00, 0x00, 0x00, 0x00, 0x00, 0x00, 0x00, 0x00, 0x00,
  0x00, 0x00, 0x00, 0x00, 0x00, 0x00, 0x00, 0x00, 0x00, 0x00, 0x00, 0x00, 0x00, 0x00, 0x00, 0x00,
  0x00, 0x00, 0x00, 0x00, 0x00, 0x00, 0x00, 0x00, 0x00, 0x00, 0x00, 0x00, 0x00, 0x00, 0x00, 0x00,
  0x00, 0x00, 0x00, 0x00, 0x00, 0x00, 0x00, 0x00, 0x00, 0x00, 0x00, 0x00, 0x00, 0x00, 0x00, 0x00,
  0x00, 0x00, 0x00, 0x00, 0x00, 0x00, 0x00, 0x00, 0x00, 0x00, 0x00, 0x00, 0x00, 0x00, 0x00, 0x00,
  0x00, 0x00, 0x00, 0x00, 0x00, 0x00, 0x00, 0x00, 0x00, 0x00, 0x00, 0x00, 0x00, 0x00, 0x00, 0x00,
  0x00, 0x00, 0x00, 0x00, 0x00, 0x00, 0x00, 0x00, 0x00, 0x00, 0x00, 0x00, 0x00, 0x00, 0x00, 0x00,
  0x00, 0x00, 0x00, 0x00, 0x00, 0x00, 0x00, 0x00, 0x00, 0x00, 0x00, 0x00, 0x00, 0x00, 0x00, 0x00,
  0x00, 0x00, 0x00, 0x00, 0x00, 0x00, 0x00, 0x00, 0x00, 0x00, 0x00, 0x00, 0x00, 0x00, 0x00, 0x1F,
  0x01, 0x3B, 0x1A, 0x29, 0x3B, 0x3A, 0x95, 0x2A, 0xFA, 0xE2, 0x22, 0xB8, 0xF7, 0x1A, 0xD8, 0xFA,
  0x22, 0xF7, 0xF2, 0x33, 0x58, 0xB5, 0x3B, 0x98, 0x2D, 0x00, 0x00, 0x00, 0x00, 0x00, 0x00, 0x00,
  0x00, 0x00, 0x00, 0x00, 0x00, 0x00, 0x00, 0x00, 0x00, 0x00, 0x00, 0x00, 0x00, 0x01, 0xF5, 0x0E,
  0x98, 0xFD, 0x4C, 0xFF, 0xFE, 0x74, 0xFF, 0xFE, 0xF6, 0xFF, 0xFE, 0x73, 0xFF, 0xFD, 0xCD, 0xFF,
  0xFD, 0xCC, 0xFF, 0xFD, 0xAB, 0xFF, 0xFD, 0xAB, 0xFF, 0xFD, 0x8A, 0xFF, 0xFD, 0x8A, 0xFF, 0xFD,
  0x4A, 0xFF, 0xFD, 0x2A, 0xFF, 0xFD, 0x09, 0xFF, 0xFC, 0xE9, 0xFF, 0xF4, 0xA9, 0xFF, 0xF4, 0x68,
  0xFF, 0xEC, 0x28, 0xFF, 0xE3, 0xC7, 0xFF, 0xDB, 0xA8, 0xFF, 0xDB, 0x68, 0xFA, 0xDB, 0x8A, 0x8D,
  0xDB, 0xEB, 0x08, 0x00, 0x00, 0x00, 0x00, 0x00, 0x00, 0x00, 0x00, 0x00, 0x00, 0x00, 0x00, 0x00,
  0x00, 0x00, 0x00, 0x00, 0x00, 0x00, 0x00, 0x00, 0x00, 0x00, 0x00, 0x00, 0x00, 0x00, 0x00, 0x00,
  0x00, 0x00, 0x00, 0x00, 0x00, 0x00, 0x00, 0x00, 0x00, 0x00, 0x00, 0x00, 0x00, 0x00, 0x00, 0x00,
  0x00, 0x00, 0x00, 0x00, 0x00, 0x00, 0x00, 0x00, 0x00, 0x00, 0x00, 0x00, 0x00, 0x00, 0x00, 0x00,
  0x00, 0x00, 0x00, 0x00, 0x00, 0x00, 0x00, 0x00, 0x00, 0x00, 0x00, 0x00, 0x00, 0x00, 0x00, 0x00,
  0x00, 0x00, 0x00, 0x00, 0x00, 0x00, 0x00, 0x00, 0x00, 0x00, 0x00, 0x00, 0x00, 0x00, 0x00, 0x00,
  0x00, 0x00, 0x00, 0x00, 0x00, 0x00, 0x00, 0x00, 0x00, 0x00, 0x00, 0x00, 0x00, 0x00, 0x00, 0x00,
  0x00, 0x00, 0x00, 0x00, 0x00, 0x00, 0x00, 0x00, 0x00, 0x00, 0x00, 0x00, 0x00, 0x00, 0x00, 0x00,
  0x00, 0x00, 0x00, 0x00, 0x00, 0x00, 0x00, 0x00, 0x00, 0x00, 0x00, 0x00, 0x00, 0x00, 0x00, 0x00,
  0x00, 0x00, 0x00, 0x00, 0x00, 0x00, 0x00, 0x00, 0x00, 0x00, 0x00, 0x00, 0x00, 0x00, 0x00, 0x00,
  0x00, 0x00, 0x00, 0x00, 0x00, 0x00, 0x00, 0x00, 0x00, 0x00, 0x00, 0x00, 0x00, 0x00, 0x00, 0x00,
  0x00, 0x00, 0x00, 0x00, 0x00, 0x00, 0x00, 0x00, 0x00, 0x00, 0x00, 0x00, 0x00, 0x00, 0x00, 0x00,
  0x00, 0x00, 0x00, 0x00, 0x00, 0x00, 0x00, 0x00, 0x00, 0x00, 0x00, 0x00, 0x00, 0x00, 0x00, 0x00,
  0x00, 0x00, 0x00, 0x00, 0x00, 0x00, 0x00, 0x00, 0x00, 0x00, 0x00, 0x00, 0x00, 0x00, 0x00, 0x00,
  0x00, 0x00, 0x00, 0x00, 0x00, 0x00, 0x00, 0x00, 0x00, 0x00, 0x00, 0x00, 0x00, 0x00, 0x00, 0x00,
  0x00, 0x00, 0x00, 0x00, 0x00, 0x00, 0x00, 0x00, 0x00, 0x00, 0x00, 0x00, 0x00, 0x00, 0x00, 0x00,
  0x00, 0x00, 0x00, 0x00, 0x00, 0x00, 0x00, 0x00, 0x00, 0x00, 0x00, 0x00, 0x00, 0x00, 0x00, 0x00,
  0x00, 0x00, 0x00, 0x00, 0x00, 0x00, 0x00, 0x00, 0x00, 0x00, 0x00, 0x00, 0x00, 0x00, 0x00, 0x00,
  0x00, 0x00, 0x00, 0x00, 0x00, 0x00, 0x00, 0x00, 0x00, 0x00, 0x00, 0x00, 0x00, 0x00, 0x00, 0x00,
  0x00, 0x00, 0x00, 0x00, 0x00, 0x00, 0x00, 0x00, 0x00, 0x00, 0x00, 0x00, 0x00, 0x00, 0x00, 0x00,
  0x00, 0x00, 0x00, 0x00, 0x00, 0x00, 0x00, 0x00, 0x00, 0x00, 0x00, 0x00, 0x00, 0x00, 0x00, 0x00,
  0x00, 0x00, 0x00, 0x00, 0x00, 0x00, 0x00, 0x00, 0x00, 0x00, 0x00, 0x00, 0x00, 0x00, 0x00, 0x00,
  0x00, 0x00, 0x00, 0x00, 0x00, 0x00, 0x00, 0x00, 0x00, 0x00, 0x00, 0x00, 0x00, 0x00, 0x00, 0x00,
  0x00, 0x00, 0x00, 0x00, 0x00, 0x00, 0x00, 0x00, 0x00, 0x00, 0x00, 0x00, 0x00, 0x00, 0x00, 0x00,
  0x00, 0x00, 0x00, 0x00, 0x00, 0x00, 0x00, 0x00, 0x00, 0x00, 0x00, 0x00, 0x00, 0x00, 0x00, 0x00,
  0x00, 0x00, 0x00, 0x00, 0x00, 0x00, 0x00, 0x00, 0x00, 0x00, 0x00, 0x00, 0x00, 0x00, 0x00, 0x00,
  0x00, 0x00, 0x00, 0x00, 0x00, 0x00, 0x01, 0x4B, 0x39, 0x0A, 0x43, 0x38, 0x1E, 0x33, 0x17, 0x27,
  0x43, 0x77, 0x17, 0x52, 0xB5, 0x03, 0x00, 0x00, 0x00, 0x00, 0x00, 0x00, 0x00, 0x00, 0x00, 0x00,
  0x00, 0x00, 0x00, 0x00, 0x00, 0x00, 0x00, 0x00, 0x00, 0x00, 0x00, 0xFF, 0xEF, 0x02, 0xFD, 0x4D,
  0xC9, 0xFD, 0x8C, 0xFF, 0xFE, 0xB5, 0xFF, 0xFE, 0x73, 0xFF, 0xFD, 0xAC, 0xFF, 0xFD, 0x6A, 0xFF,
  0xFD, 0x6A, 0xFF, 0xFD, 0x6A, 0xFF, 0xFD, 0x4A, 0xFF, 0xFD, 0x29, 0xFF, 0xFD, 0x09, 0xFF, 0xFC,
  0xE9, 0xFF, 0xF4, 0xC9, 0xFF, 0xF4, 0xA9, 0xFF, 0xF4, 0x68, 0xFF, 0xEC, 0x28, 0xFF, 0xE3, 0xE7,
  0xFF, 0xDB, 0x87, 0xFF, 0xD3, 0x68, 0xFF, 0xD3, 0x69, 0xE8, 0xD3, 0x8A, 0x58, 0xAA, 0xAA, 0x03,
  0x00, 0x00, 0x00, 0x00, 0x00, 0x00, 0x00, 0x00, 0x00, 0x00, 0x00, 0x00, 0x00, 0x00, 0x00, 0x00,
  0x00, 0x00, 0x00, 0x00, 0x00, 0x00, 0x00, 0x00, 0x00, 0x00, 0x00, 0x00, 0x00, 0x00, 0x00, 0x00,
  0x00, 0x00, 0x00, 0x00, 0x00, 0x00, 0x00, 0x00, 0x00, 0x00, 0x00, 0x00, 0x00, 0x00, 0x00, 0x00,
  0x00, 0x00, 0x00, 0x00, 0x00, 0x00, 0x00, 0x00, 0x00, 0x00, 0x00, 0x00, 0x00, 0x00, 0x00, 0x00,
  0x00, 0x00, 0x00, 0x00, 0x00, 0x00, 0x00, 0x00, 0x00, 0x00, 0x00, 0x00, 0x00, 0x00, 0x00, 0x00,
  0x00, 0x00, 0x00, 0x00, 0x00, 0x00, 0x00, 0x00, 0x00, 0x00, 0x00, 0x00, 0x00, 0x00, 0x00, 0x00,
  0x00, 0x00, 0x00, 0x00, 0x00, 0x00, 0x00, 0x00, 0x00, 0x00, 0x00, 0x00, 0x00, 0x00, 0x00, 0x00,
  0x00, 0x00, 0x00, 0x00, 0x00, 0x00, 0x00, 0x00, 0x00, 0x00, 0x00, 0x00, 0x00, 0x00, 0x00, 0x00,
  0x00, 0x00, 0x00, 0x00, 0x00, 0x00, 0x00, 0x00, 0x00, 0x00, 0x00, 0x00, 0x00, 0x00, 0x00, 0x00,
  0x00, 0x00, 0x00, 0x00, 0x00, 0x00, 0x00, 0x00, 0x00, 0x00, 0x00, 0x00, 0x00, 0x00, 0x00, 0x00,
  0x00, 0x00, 0x00, 0x00, 0x00, 0x00, 0x00, 0x00, 0x00, 0x00, 0x00, 0x00, 0x00, 0x00, 0x00, 0x00,
  0x00, 0x00, 0x00, 0x00, 0x00, 0x00, 0x00, 0x00, 0x00, 0x00, 0x00, 0x00, 0x00, 0x00, 0x00, 0x00,
  0x00, 0x00, 0x00, 0x00, 0x00, 0x00, 0x00, 0x00, 0x00, 0x00, 0x00, 0x00, 0x00, 0x00, 0x00, 0x00,
  0x00, 0x00, 0x00, 0x00, 0x00, 0x00, 0x00, 0x00, 0x00, 0x00, 0x00, 0x00, 0x00, 0x00, 0x00, 0x00,
  0x00, 0x00, 0x00, 0x00, 0x00, 0x00, 0x00, 0x00, 0x00, 0x00, 0x00, 0x00, 0x00, 0x00, 0x00, 0x00,
  0x00, 0x00, 0x00, 0x00, 0x00, 0x00, 0x00, 0x00, 0x00, 0x00, 0x00, 0x00, 0x00, 0x00, 0x00, 0x00,
  0x00, 0x00, 0x00, 0x00, 0x00, 0x00, 0x00, 0x00, 0x00, 0x00, 0x00, 0x00, 0x00, 0x00, 0x00, 0x00,
  0x00, 0x00, 0x00, 0x00, 0x00, 0x00, 0x00, 0x00, 0x00, 0x00, 0x00, 0x00, 0x00, 0x00, 0x00, 0x00,
  0x00, 0x00, 0x00, 0x00, 0x00, 0x00, 0x00, 0x00, 0x00, 0x00, 0x00, 0x00, 0x00, 0x00, 0x00, 0x00,
  0x00, 0x00, 0x00, 0x00, 0x00, 0x00, 0x00, 0x00, 0x00, 0x00, 0x00, 0x00, 0x00, 0x00, 0x00, 0x00,
  0x00, 0x00, 0x00, 0x00, 0x00, 0x00, 0x00, 0x00, 0x00, 0x00, 0x00, 0x00, 0x00, 0x00, 0x00, 0x00,
  0x00, 0x00, 0x00, 0x00, 0x00, 0x00, 0x00, 0x00, 0x00, 0x00, 0x00, 0x00, 0x00, 0x00, 0x00, 0x00,
  0x00, 0x00, 0x00, 0x00, 0x00, 0x00, 0x00, 0x00, 0x00, 0x00, 0x00, 0x00, 0x00, 0x00, 0x00, 0x00,
  0x00, 0x00, 0x00, 0x00, 0x00, 0x00, 0x00, 0x00, 0x00, 0x00, 0x00, 0x00, 0x00, 0x00, 0x00, 0x00,
  0x00, 0x00, 0x00, 0x00, 0x00, 0x00, 0x00, 0x00, 0x00, 0x00, 0x00, 0x00, 0x00, 0x00, 0x00, 0x00,
  0x00, 0x00, 0x00, 0x00, 0x00, 0x00, 0x00, 0x00, 0x00, 0x00, 0x00, 0x00, 0x00, 0x00, 0x00, 0x00,
  0x00, 0x00, 0x00, 0x00, 0x00, 0x00, 0x00, 0x00, 0x00, 0x00, 0x00, 0x00, 0x00, 0x00, 0x00, 0x00,
  0x00, 0x00, 0x00, 0x00, 0x00, 0x00, 0x00, 0x00, 0x00, 0x00, 0x00, 0x00, 0x00, 0x00, 0x00, 0x00,
  0x00, 0x00, 0x00, 0x00, 0x00, 0x00, 0x00, 0x00, 0x00, 0x00, 0x00, 0xFF, 0xE0, 0x01, 0xF5, 0x2C,
  0xB5, 0xFD, 0x6B, 0xFF, 0xFD, 0x6B, 0xFF, 0xFD, 0x2A, 0xFF, 0xFD, 0x09, 0xFF, 0xFD, 0x09, 0xFF,
  0xFD, 0x09, 0xFF, 0xFD, 0x09, 0xFF, 0xF4, 0xE9, 0xFF, 0xF4, 0xC9, 0xFF, 0xF4, 0xA9, 0xFF, 0xEC,
  0x89, 0xFF, 0xEC, 0x48, 0xFF, 0xE4, 0x08, 0xFF, 0xDB, 0xC7, 0xFF, 0xD3, 0x87, 0xFF, 0xD3, 0x47,
  0xFF, 0xD3, 0x48, 0xF6, 0xD3, 0x29, 0xA0, 0xD3, 0x6B, 0x1C, 0x00, 0x00, 0x00, 0x00, 0x00, 0x00,
  0x00, 0x00, 0x00, 0x00, 0x00, 0x00, 0x00, 0x00, 0x00, 0x00, 0x00, 0x00, 0x00, 0x00, 0x00, 0x00,
  0x00, 0x00, 0x00, 0x00, 0x00, 0x00, 0x00, 0x00, 0x00, 0x00, 0x00, 0x00, 0x00, 0x00, 0x00, 0x00,
  0x00, 0x00, 0x00, 0x00, 0x00, 0x00, 0x00, 0x00, 0x00, 0x00, 0x00, 0x00, 0x00, 0x00, 0x00, 0x00,
  0x00, 0x00, 0x00, 0x00, 0x00, 0x00, 0x00, 0x00, 0x00, 0x00, 0x00, 0x00, 0x00, 0x00, 0x00, 0x00,
  0x00, 0x00, 0x00, 0x00, 0x00, 0x00, 0x00, 0x00, 0x00, 0x00, 0x00, 0x00, 0x00, 0x00, 0x00, 0x00,
  0x00, 0x00, 0x00, 0x00, 0x00, 0x00, 0x00, 0x00, 0x00, 0x00, 0x00, 0x00, 0x00, 0x00, 0x00, 0x00,
  0x00, 0x00, 0x00, 0x00, 0x00, 0x00, 0x00, 0x00, 0x00, 0x00, 0x00, 0x00, 0x00, 0x00, 0x00, 0x00,
  0x00, 0x00, 0x00, 0x00, 0x00, 0x00, 0x00, 0x00, 0x00, 0x00, 0x00, 0x00, 0x00, 0x00, 0x00, 0x00,
  0x00, 0x00, 0x00, 0x00, 0x00, 0x00, 0x00, 0x00, 0x00, 0x00, 0x00, 0x00, 0x00, 0x00, 0x00, 0x00,
  0x00, 0x00, 0x00, 0x00, 0x00, 0x00, 0x00, 0x00, 0x00, 0x00, 0x00, 0x00, 0x00, 0x00, 0x00, 0x00,
  0x00, 0x00, 0x00, 0x00, 0x00, 0x00, 0x00, 0x00, 0x00, 0x00, 0x00, 0x00, 0x00, 0x00, 0x00, 0x00,
  0x00, 0x00, 0x00, 0x00, 0x00, 0x00, 0x00, 0x00, 0x00, 0x00, 0x00, 0x00, 0x00, 0x00, 0x00, 0x00,
  0x00, 0x00, 0x00, 0x00, 0x00, 0x00, 0x00, 0x00, 0x00, 0x00, 0x00, 0x00, 0x00, 0x00, 0x00, 0x00,
  0x00, 0x00, 0x00, 0x00, 0x00, 0x00, 0x00, 0x00, 0x00, 0x00, 0x00, 0x00, 0x00, 0x00, 0x00, 0x00,
  0x00, 0x00, 0x00, 0x00, 0x00, 0x00, 0x00, 0x00, 0x00, 0x00, 0x00, 0x00, 0x00, 0x00, 0x00, 0x00,
  0x00, 0x00, 0x00, 0x00, 0x00, 0x00, 0x00, 0x00, 0x00, 0x00, 0x00, 0x00, 0x00, 0x00, 0x00, 0x00,
  0x00, 0x00, 0x00, 0x00, 0x00, 0x00, 0x00, 0x00, 0x00, 0x00, 0x00, 0x00, 0x00, 0x00, 0x00, 0x00,
  0x00, 0x00, 0x00, 0x00, 0x00, 0x00, 0x00, 0x00, 0x00, 0x00, 0x00, 0x00, 0x00, 0x00, 0x00, 0x00,
  0x00, 0x00, 0x00, 0x00, 0x00, 0x00, 0x00, 0x00, 0x00, 0x00, 0x00, 0x00, 0x00, 0x00, 0x00, 0x00,
  0x00, 0x00, 0x00, 0x00, 0x00, 0x00, 0x00, 0x00, 0x00, 0x00, 0x00, 0x00, 0x00, 0x00, 0x00, 0x00,
  0x00, 0x00, 0x00, 0x00, 0x00, 0x00, 0x00, 0x00, 0x00, 0x00, 0x00, 0x00, 0x00, 0x00, 0x00, 0x00,
  0x00, 0x00, 0x00, 0x00, 0x00, 0x00, 0x00, 0x00, 0x00, 0x00, 0x00, 0x00, 0x00, 0x00, 0x00, 0x00,
  0x00, 0x00, 0x00, 0x00, 0x00, 0x00, 0x00, 0x00, 0x00, 0x00, 0x00, 0x00, 0x00, 0x00, 0x00, 0x00,
  0x00, 0x00, 0x00, 0x00, 0x00, 0x00, 0x00, 0x00, 0x00, 0x00, 0x00, 0x00, 0x00, 0x00, 0x00, 0x00,
  0x00, 0x00, 0x00, 0x00, 0x00, 0x00, 0x00, 0x00, 0x00, 0x00, 0x00, 0x00, 0x00, 0x00, 0x00, 0x00,
  0x00, 0x00, 0x00, 0x00, 0x00, 0x00, 0x00, 0x00, 0x00, 0x00, 0x00, 0x00, 0x00, 0x00, 0x00, 0x00,
  0x00, 0x00, 0x00, 0x00, 0x00, 0x00, 0x00, 0x00, 0x00, 0x00, 0x00, 0x00, 0x00, 0x00, 0x00, 0x00,
  0x00, 0x00, 0x00, 0x00, 0x00, 0x00, 0x00, 0x00, 0x00, 0x00, 0x00, 0x00, 0x00, 0x00, 0x00, 0x00,
  0x00, 0x00, 0x00, 0x00, 0x00, 0x00, 0x00, 0x00, 0x00, 0x00, 0x00, 0x00, 0x00, 0x00, 0xF4, 0xED,
  0x5A, 0xF4, 0xEB, 0xFD, 0xFC, 0xEA, 0xFF, 0xF4, 0xCA, 0xFF, 0xF4, 0xA9, 0xFF, 0xEC, 0x89, 0xFF,
  0xEC, 0x89, 0xFF, 0xEC, 0x68, 0xFF, 0xE4, 0x48, 0xFF, 0xE4, 0x08, 0xFF, 0xDB, 0xE7, 0xFF, 0xD3,
  0xC7, 0xFF, 0xD3, 0x87, 0xFF, 0xCB, 0x67, 0xFF, 0xCB, 0x47, 0xFE, 0xCB, 0x28, 0xEF, 0xC3, 0x09,
  0xA5, 0xC3, 0x4A, 0x2E, 0xFB, 0xEF, 0x02, 0x00, 0x00, 0x00, 0x00, 0x00, 0x00, 0x00, 0x00, 0x00,
  0x00, 0x00, 0x00, 0x00, 0x00, 0x00, 0x00, 0x00, 0x00, 0x00, 0x00, 0x00, 0x00, 0x00, 0x00, 0x00,
  0x00, 0x00, 0x00, 0x00, 0x00, 0x00, 0x00, 0x00, 0x00, 0x00, 0x00, 0x00, 0x00, 0x00, 0x00, 0x00,
  0x00, 0x00, 0x00, 0x00, 0x00, 0x00, 0x00, 0x00, 0x00, 0x00, 0x00, 0x00, 0x00, 0x00, 0x00, 0x00,
  0x00, 0x00, 0x00, 0x00, 0x00, 0x00, 0x00, 0x00, 0x00, 0x00, 0x00, 0x00, 0x00, 0x00, 0x00, 0x00,
  0x00, 0x00, 0x00, 0x00, 0x00, 0x00, 0x00, 0x00, 0x00, 0x00, 0x00, 0x00, 0x00, 0x00, 0x00, 0x00,
  0x00, 0x00, 0x00, 0x00, 0x00, 0x00, 0x00, 0x00, 0x00, 0x00, 0x00, 0x00, 0x00, 0x00, 0x00, 0x00,
  0x00, 0x00, 0x00, 0x00, 0x00, 0x00, 0x00, 0x00, 0x00, 0x00, 0x00, 0x00, 0x00, 0x00, 0x00, 0x00,
  0x00, 0x00, 0x00, 0x00, 0x00, 0x00, 0x00, 0x00, 0x00, 0x00, 0x00, 0x00, 0x00, 0x00, 0x00, 0x00,
  0x00, 0x00, 0x00, 0x00, 0x00, 0x00, 0x00, 0x00, 0x00, 0x00, 0x00, 0x00, 0x00, 0x00, 0x00, 0x00,
  0x00, 0x00, 0x00, 0x00, 0x00, 0x00, 0x00, 0x00, 0x00, 0x00, 0x00, 0x00, 0x00, 0x00, 0x00, 0x00,
  0x00, 0x00, 0x00, 0x00, 0x00, 0x00, 0x00, 0x00, 0x00, 0x00, 0x00, 0x00, 0x00, 0x00, 0x00, 0x00,
  0x00, 0x00, 0x00, 0x00, 0x00, 0x00, 0x00, 0x00, 0x00, 0x00, 0x00, 0x00, 0x00, 0x00, 0x00, 0x00,
  0x00, 0x00, 0x00, 0x00, 0x00, 0x00, 0x00, 0x00, 0x00, 0x00, 0x00, 0x00, 0x00, 0x00, 0x00, 0x00,
  0x00, 0x00, 0x00, 0x00, 0x00, 0x00, 0x00, 0x00, 0x00, 0x00, 0x00, 0x00, 0x00, 0x00, 0x00, 0x00,
  0x00, 0x00, 0x00, 0x00, 0x00, 0x00, 0x00, 0x00, 0x00, 0x00, 0x00, 0x00, 0x00, 0x00, 0x00, 0x00,
  0x00, 0x00, 0x00, 0x00, 0x00, 0x00, 0x00, 0x00, 0x00, 0x00, 0x00, 0x00, 0x00, 0x00, 0x00, 0x00,
  0x00, 0x00, 0x00, 0x00, 0x00, 0x00, 0x00, 0x00, 0x00, 0x00, 0x00, 0x00, 0x00, 0x00, 0x00, 0x00,
  0x00, 0x00, 0x00, 0x00, 0x00, 0x00, 0x00, 0x00, 0x00, 0x00, 0x00, 0x00, 0x00, 0x00, 0x00, 0x00,
  0x00, 0x00, 0x00, 0x00, 0x00, 0x00, 0x00, 0x00, 0x00, 0x00, 0x00, 0x00, 0x00, 0x00, 0x00, 0x00,
  0x00, 0x00, 0x00, 0x00, 0x00, 0x00, 0x00, 0x00, 0x00, 0x00, 0x00, 0x00, 0x00, 0x00, 0x00, 0x00,
  0x00, 0x00, 0x00, 0x00, 0x00, 0x00, 0x00, 0x00, 0x00, 0x00, 0x00, 0x00, 0x00, 0x00, 0x00, 0x00,
  0x00, 0x00, 0x00, 0x00, 0x00, 0x00, 0x00, 0x00, 0x00, 0x00, 0x00, 0x00, 0x00, 0x00, 0x00, 0x00,
  0x00, 0x00, 0x00, 0x00, 0x00, 0x00, 0x00, 0x00, 0x00, 0x00, 0x00, 0x00, 0x00, 0x00, 0x00, 0x00,
  0x00, 0x00, 0x00, 0x00, 0x00, 0x00, 0x00, 0x00, 0x00, 0x00, 0x00, 0x00, 0x00, 0x00, 0x00, 0x00,
  0x00, 0x00, 0x00, 0x00, 0x00, 0x00, 0x00, 0x00, 0x00, 0x00, 0x00, 0x00, 0x00, 0x00, 0x00, 0x00,
  0x00, 0x00, 0x00, 0x00, 0x00, 0x00, 0x00, 0x00, 0x00, 0x00, 0x00, 0x00, 0x00, 0x00, 0x00, 0x00,
  0x00, 0x00, 0x00, 0x00, 0x00, 0x00, 0x00, 0x00, 0x00, 0x00, 0x00, 0x00, 0x00, 0x00, 0x00, 0x00,
  0x00, 0x00, 0x00, 0x00, 0x00, 0x00, 0x00, 0x00, 0x00, 0x00, 0x00, 0x00, 0x00, 0x00, 0x00, 0x00,
  0x00, 0x00, 0x00, 0x00, 0x00, 0x00, 0x00, 0x00, 0x00, 0x00, 0x00, 0x00, 0x00, 0x00, 0xDC, 0xEB,
  0x08, 0xE4, 0x4B, 0xA8, 0xE4, 0x6A, 0xFD, 0xE4, 0x49, 0xFF, 0xDB, 0xE8, 0xFF, 0xD3, 0xC7, 0xFF,
  0xD3, 0xA7, 0xFF, 0xCB, 0x87, 0xFF, 0xCB, 0x67, 0xFF, 0xCB, 0x67, 0xFF, 0xC3, 0x47, 0xFF, 0xC3,
  0x28, 0xFC, 0xC3, 0x29, 0xEC, 0xC3, 0x29, 0xBB, 0xC3, 0x4A, 0x60, 0xBB, 0x4A, 0x18, 0xFF, 0xFF,
  0x01, 0x00, 0x00, 0x00, 0x00, 0x00, 0x00, 0x00, 0x00, 0x00, 0x00, 0x00, 0x00, 0x00, 0x00, 0x00,
  0x00, 0x00, 0x00, 0x00, 0x00, 0x00, 0x00, 0x00, 0x00, 0x00, 0x00, 0x00, 0x00, 0x00, 0x00, 0x00,
  0x00, 0x00, 0x00, 0x00, 0x00, 0x00, 0x00, 0x00, 0x00, 0x00, 0x00, 0x00, 0x00, 0x00, 0x00, 0x00,
  0x00, 0x00, 0x00, 0x00, 0x00, 0x00, 0x00, 0x00, 0x00, 0x00, 0x00, 0x00, 0x00, 0x00, 0x00, 0x00,
  0x00, 0x00, 0x00, 0x00, 0x00, 0x00, 0x00, 0x00, 0x00, 0x00, 0x00, 0x00, 0x00, 0x00, 0x00, 0x00,
  0x00, 0x00, 0x00, 0x00, 0x00, 0x00, 0x00, 0x00, 0x00, 0x00, 0x00, 0x00, 0x00, 0x00, 0x00, 0x00,
  0x00, 0x00, 0x00, 0x00, 0x00, 0x00, 0x00, 0x00, 0x00, 0x00, 0x00, 0x00, 0x00, 0x00, 0x00, 0x00,
  0x00, 0x00, 0x00, 0x00, 0x00, 0x00, 0x00, 0x00, 0x00, 0x00, 0x00, 0x00, 0x00, 0x00, 0x00, 0x00,
  0x00, 0x00, 0x00, 0x00, 0x00, 0x00, 0x00, 0x00, 0x00, 0x00, 0x00, 0x00, 0x00, 0x00, 0x00, 0x00,
  0x00, 0x00, 0x00, 0x00, 0x00, 0x00, 0x00, 0x00, 0x00, 0x00, 0x00, 0x00, 0x00, 0x00, 0x00, 0x00,
  0x00, 0x00, 0x00, 0x00, 0x00, 0x00, 0x00, 0x00, 0x00, 0x00, 0x00, 0x00, 0x00, 0x00, 0x00, 0x00,
  0x00, 0x00, 0x00, 0x00, 0x00, 0x00, 0x00, 0x00, 0x00, 0x00, 0x00, 0x00, 0x00, 0x00, 0x00, 0x00,
  0x00, 0x00, 0x00, 0x00, 0x00, 0x00, 0x00, 0x00, 0x00, 0x00, 0x00, 0x00, 0x00, 0x00, 0x00, 0x00,
  0x00, 0x00, 0x00, 0x00, 0x00, 0x00, 0x00, 0x00, 0x00, 0x00, 0x00, 0x00, 0x00, 0x00, 0x00, 0x00,
  0x00, 0x00, 0x00, 0x00, 0x00, 0x00, 0x00, 0x00, 0x00, 0x00, 0x00, 0x00, 0x00, 0x00, 0x00, 0x00,
  0x00, 0x00, 0x00, 0x00, 0x00, 0x00, 0x00, 0x00, 0x00, 0x00, 0x00, 0x00, 0x00, 0x00, 0x00, 0x00,
  0x00, 0x00, 0x00, 0x00, 0x00, 0x00, 0x00, 0x00, 0x00, 0x00, 0x00, 0x00, 0x00, 0x00, 0x00, 0x00,
  0x00, 0x00, 0x00, 0x00, 0x00, 0x00, 0x00, 0x00, 0x00, 0x00, 0x00, 0x00, 0x00, 0x00, 0x00, 0x00,
  0x00, 0x00, 0x00, 0x00, 0x00, 0x00, 0x00, 0x00, 0x00, 0x00, 0x00, 0x00, 0x00, 0x00, 0x00, 0x00,
  0x00, 0x00, 0x00, 0x00, 0x00, 0x00, 0x00, 0x00, 0x00, 0x00, 0x00, 0x00, 0x00, 0x00, 0x00, 0x00,
  0x00, 0x00, 0x00, 0x00, 0x00, 0x00, 0x00, 0x00, 0x00, 0x00, 0x00, 0x00, 0x00, 0x00, 0x00, 0x00,
  0x00, 0x00, 0x00, 0x00, 0x00, 0x00, 0x00, 0x00, 0x00, 0x00, 0x00, 0x00, 0x00, 0x00, 0x00, 0x00,
  0x00, 0x00, 0x00, 0x00, 0x00, 0x00, 0x00, 0x00, 0x00, 0x00, 0x00, 0x00, 0x00, 0x00, 0x00, 0x00,
  0x00, 0x00, 0x00, 0x00, 0x00, 0x00, 0x00, 0x00, 0x00, 0x00, 0x00, 0x00, 0x00, 0x00, 0x00, 0x00,
  0x00, 0x00, 0x00, 0x00, 0x00, 0x00, 0x00, 0x00, 0x00, 0x00, 0x00, 0x00, 0x00, 0x00, 0x00, 0x00,
  0x00, 0x00, 0x00, 0x00, 0x00, 0x00, 0x00, 0x00, 0x00, 0x00, 0x00, 0x00, 0x00, 0x00, 0x00, 0x00,
  0x00, 0x00, 0x00, 0x00, 0x00, 0x00, 0x00, 0x00, 0x00, 0x00, 0x00, 0x00, 0x00, 0x00, 0x00, 0x00,
  0x00, 0x00, 0x00, 0x00, 0x00, 0x00, 0x00, 0x00, 0x00, 0x00, 0x00, 0x00, 0x00, 0x00, 0x00, 0x00,
  0x00, 0x00, 0x00, 0x00, 0x00, 0x00, 0x00, 0x00, 0x00, 0x00, 0x00, 0x00, 0x00, 0x00, 0x00, 0x00,
  0x00, 0x00, 0x00, 0x00, 0x00, 0x00, 0x00, 0x00, 0x00, 0x00, 0x00, 0x00, 0x00, 0x00, 0x00, 0x00,
  0x00, 0xDC, 0x8D, 0x07, 0xCC, 0x0C, 0x60, 0xC3, 0xAA, 0xCA, 0xBB, 0x48, 0xF0, 0xBB, 0x49, 0xF4,
  0xBB, 0x49, 0xF1, 0xBB, 0x29, 0xE1, 0xB3, 0x29, 0xCC, 0xB3, 0x4A, 0xA1, 0xBB, 0x29, 0x73, 0xBB,
  0x4A, 0x3A, 0xC3, 0xCB, 0x11, 0xFB, 0xEF, 0x02, 0x00, 0x00, 0x00, 0x00, 0x00, 0x00, 0x00, 0x00,
  0x00, 0x00, 0x00, 0x00, 0x00, 0x00, 0x00, 0x00, 0x00, 0x00, 0x00, 0x00, 0x00, 0x00, 0x00, 0x00,
  0x00, 0x00, 0x00, 0x00, 0x00, 0x00, 0x00, 0x00, 0x00, 0x00, 0x00, 0x00, 0x00, 0x00, 0x00, 0x00,
  0x00, 0x00, 0x00, 0x00, 0x00, 0x00, 0x00, 0x00, 0x00, 0x00, 0x00, 0x00, 0x00, 0x00, 0x00, 0x00,
  0x00, 0x00, 0x00, 0x00, 0x00, 0x00, 0x00, 0x00, 0x00, 0x00, 0x00, 0x00, 0x00, 0x00, 0x00, 0x00,
  0x00, 0x00, 0x00, 0x00, 0x00, 0x00, 0x00, 0x00, 0x00, 0x00, 0x00, 0x00, 0x00, 0x00, 0x00, 0x00,
  0x00, 0x00, 0x00, 0x00, 0x00, 0x00, 0x00, 0x00, 0x00, 0x00, 0x00, 0x00, 0x00, 0x00, 0x00, 0x00,
  0x00, 0x00, 0x00, 0x00, 0x00, 0x00, 0x00, 0x00, 0x00, 0x00, 0x00, 0x00, 0x00, 0x00, 0x00, 0x00,
  0x00, 0x00, 0x00, 0x00, 0x00, 0x00, 0x00, 0x00, 0x00, 0x00, 0x00, 0x00, 0x00, 0x00, 0x00, 0x00,
  0x00, 0x00, 0x00, 0x00, 0x00, 0x00, 0x00, 0x00, 0x00, 0x00, 0x00, 0x00, 0x00, 0x00, 0x00, 0x00,
  0x00, 0x00, 0x00, 0x00, 0x00, 0x00, 0x00, 0x00, 0x00, 0x00, 0x00, 0x00, 0x00, 0x00, 0x00, 0x00,
  0x00, 0x00, 0x00, 0x00, 0x00, 0x00, 0x00, 0x00, 0x00, 0x00, 0x00, 0x00, 0x00, 0x00, 0x00, 0x00,
  0x00, 0x00, 0x00, 0x00, 0x00, 0x00, 0x00, 0x00, 0x00, 0x00, 0x00, 0x00, 0x00, 0x00, 0x00, 0x00,
  0x00, 0x00, 0x00, 0x00, 0x00, 0x00, 0x00, 0x00, 0x00, 0x00, 0x00, 0x00, 0x00, 0x00, 0x00, 0x00,
  0x00, 0x00, 0x00, 0x00, 0x00, 0x00, 0x00, 0x00, 0x00, 0x00, 0x00, 0x00, 0x00, 0x00, 0x00, 0x00,
  0x00, 0x00, 0x00, 0x00, 0x00, 0x00, 0x00, 0x00, 0x00, 0x00, 0x00, 0x00, 0x00, 0x00, 0x00, 0x00,
  0x00, 0x00, 0x00, 0x00, 0x00, 0x00, 0x00, 0x00, 0x00, 0x00, 0x00, 0x00, 0x00, 0x00, 0x00, 0x00,
  0x00, 0x00, 0x00, 0x00, 0x00, 0x00, 0x00, 0x00, 0x00, 0x00, 0x00, 0x00, 0x00, 0x00, 0x00, 0x00,
  0x00, 0x00, 0x00, 0x00, 0x00, 0x00, 0x00, 0x00, 0x00, 0x00, 0x00, 0x00, 0x00, 0x00, 0x00, 0x00,
  0x00, 0x00, 0x00, 0x00, 0x00, 0x00, 0x00, 0x00, 0x00, 0x00, 0x00, 0x00, 0x00, 0x00, 0x00, 0x00,
  0x00, 0x00, 0x00, 0x00, 0x00, 0x00, 0x00, 0x00, 0x00, 0x00, 0x00, 0x00, 0x00, 0x00, 0x00, 0x00,
  0x00, 0x00, 0x00, 0x00, 0x00, 0x00, 0x00, 0x00, 0x00, 0x00, 0x00, 0x00, 0x00, 0x00, 0x00, 0x00,
  0x00, 0x00, 0x00, 0x00, 0x00, 0x00, 0x00, 0x00, 0x00, 0x00, 0x00, 0x00, 0x00, 0x00, 0x00, 0x00,
  0x00, 0x00, 0x00, 0x00, 0x00, 0x00, 0x00, 0x00, 0x00, 0x00, 0x00, 0x00, 0x00, 0x00, 0x00, 0x00,
  0x00, 0x00, 0x00, 0x00, 0x00, 0x00, 0x00, 0x00, 0x00, 0x00, 0x00, 0x00, 0x00, 0x00, 0x00, 0x00,
  0x00, 0x00, 0x00, 0x00, 0x00, 0x00, 0x00, 0x00, 0x00, 0x00, 0x00, 0x00, 0x00, 0x00, 0x00, 0x00,
  0x00, 0x00, 0x00, 0x00, 0x00, 0x00, 0x00, 0x00, 0x00, 0x00, 0x00, 0x00, 0x00, 0x00, 0x00, 0x00,
  0x00, 0x00, 0x00, 0x00, 0x00, 0x00, 0x00, 0x00, 0x00, 0x00, 0x00, 0x00, 0x00, 0x00, 0x00, 0x00,
  0x00, 0x00, 0x00, 0x00, 0x00, 0x00, 0x00, 0x00, 0x00, 0x00, 0x00, 0x00, 0x00, 0x00, 0x00, 0x00,
  0x00, 0x00, 0x00, 0x00, 0x00, 0x00, 0x00, 0x00, 0x00, 0x00, 0x00, 0x00, 0x00, 0x00, 0x00, 0x00,
  0x00, 0x00, 0x00, 0x00, 0x00, 0x00, 0x00, 0x00, 0x00, 0x00, 0x00, 0x00, 0x00, 0x00, 0x00, 0x00,
  0x00, 0x00, 0x00, 0x00, 0x00, 0x00, 0x00, 0x00, 0x00, 0x00, 0x00, 0x00, 0x00, 0x00, 0x00, 0x00,
  0x00, 0x00, 0x00, 0x00, 0x00, 0x00, 0x00, 0x00, 0x00, 0x00, 0x00, 0x00, 0x00, 0x00, 0x00, 0x00,
  0x00, 0x00, 0x00, 0x00, 0x00, 0x00, 0x00, 0x00, 0x00, 0x00, 0x00, 0x00, 0x00, 0x00, 0x00, 0x00,
  0x00, 0x00, 0x00, 0x00, 0x00, 0x00, 0x00, 0x00, 0x00, 0x00, 0x00, 0x00, 0x00, 0x00, 0x00, 0x00,
  0x00, 0x00, 0x00, 0x00, 0x00, 0x00, 0x00, 0x00, 0x00, 0x00, 0x00, 0x00, 0x00, 0x00, 0x00, 0x00,
  0x00, 0x00, 0x00, 0x00, 0x00, 0x00, 0x00, 0x00, 0x00, 0x00, 0x00, 0x00, 0x00, 0x00, 0x00, 0x00,
  0x00, 0x00, 0x00, 0x00, 0x00, 0x00, 0x00, 0x00, 0x00, 0x00, 0x00, 0x00, 0x00, 0x00, 0x00, 0x00,
  0x00, 0x00, 0x00, 0x00, 0x00, 0x00, 0x00, 0x00, 0x00, 0x00, 0x00, 0x00, 0x00, 0x00, 0x00, 0x00,
  0x00, 0x00, 0x00, 0x00, 0x00, 0x00, 0x00, 0x00, 0x00, 0x00, 0x00, 0x00, 0x00, 0x00, 0x00, 0x00,
  0x00, 0x00, 0x00, 0x00, 0x00, 0x00, 0x00, 0x00, 0x00, 0x00, 0x00, 0x00, 0x00, 0x00, 0x00, 0x00,
  0x00, 0x00, 0x00, 0x00, 0x00, 0x00, 0x00, 0x00, 0x00, 0x00, 0x00, 0x00, 0x00, 0x00, 0x00, 0x00,
  0x00, 0x00, 0x00, 0x00, 0x00, 0x00, 0x00, 0x00, 0x00, 0x00, 0x00, 0x00, 0x00, 0x00, 0x00, 0x00,
  0x00, 0x00, 0x00, 0x00, 0x00, 0x00, 0x00, 0x00, 0x00, 0x00, 0x00, 0x00, 0x00, 0x00, 0x00, 0x00,
  0x00, 0x00, 0x00, 0x00, 0x00, 0x00, 0x00, 0x00, 0x00, 0x00, 0x00, 0x00, 0x00, 0x00, 0x00, 0x00,
  0x00, 0x00, 0x00, 0x00, 0x00, 0x00, 0x00, 0x00, 0x00, 0x00, 0x00, 0x00, 0x00, 0x00, 0x00, 0x00,
  0x00, 0x00, 0x00, 0x00, 0x00, 0x00, 0x00, 0x00, 0x00, 0x00, 0x00, 0x00, 0x00, 0x00, 0x00, 0x00,
  0x00, 0x00, 0x00, 0x00, 0x00, 0x00, 0x00, 0x00, 0x00, 0x00, 0x00, 0x00, 0x00, 0x00, 0x00, 0x00,
  0x00, 0x00, 0x00, 0x00, 0x00, 0x00, 0x00, 0x00, 0x00, 0x00, 0x00, 0x00, 0x00, 0x00, 0x00, 0x00,
  0x00, 0x00, 0x00, 0x00, 0x00, 0x00, 0x00, 0x00, 0x00, 0x00, 0x00, 0x00, 0x00, 0x00, 0x00, 0x00,
  0x00, 0x00, 0x00, 0x00, 0x00, 0x00, 0x00, 0x00, 0x00, 0x00, 0x00, 0x00, 0x00, 0x00, 0x00, 0x00,
  0x00, 0x00, 0x00, 0x00, 0x00, 0x00, 0x00, 0x00, 0x00, 0x00, 0x00, 0x00, 0x00, 0x00, 0x00, 0x00,
  0x00, 0x00, 0x00, 0x00, 0x00, 0x00, 0x00, 0x00, 0x00, 0x00, 0x00, 0x00, 0x00, 0x00, 0x00, 0x00,
  0x00, 0x00, 0x00, 0x00, 0x00, 0x00, 0x00, 0x00, 0x00, 0x00, 0x00, 0x00, 0x00, 0x00, 0x00, 0x00,
  0x00, 0x00, 0x00, 0x00, 0x00, 0x00, 0x00, 0x00, 0x00, 0x00, 0x00, 0x00, 0x00, 0x00, 0x00, 0x00,
  0x00, 0x00, 0x00, 0x00, 0x00, 0x00, 0x00, 0x00, 0x00, 0x00, 0x00, 0x00, 0x00, 0x00, 0x00, 0x00,
  0x00, 0x00, 0x00, 0x00, 0x00, 0x00, 0x00, 0x00, 0x00, 0x00, 0x00, 0x00, 0x00, 0x00, 0x00, 0x00,
  0x00, 0x00, 0x00, 0x00, 0x00, 0x00, 0x00, 0x00, 0x00, 0x00, 0x00, 0x00, 0x00, 0x00, 0x00, 0x00,
  0x00, 0x00, 0x00, 0x00, 0x00, 0x00, 0x00, 0x00, 0x00, 0x00, 0x00, 0x00, 0x00, 0x00, 0x00, 0x00,
};
#else
static const uint8_t ui_about_logo_map[] = {
  0x00, 0x00, 0x00, 0x00, 0x00, 0x00, 0x00, 0x00, 0x00, 0x00, 0x00, 0x00, 0x00, 0x00, 0x00, 0x00,
  0x00, 0x00, 0x00, 0x00, 0x00, 0x00, 0x00, 0x00, 0x00, 0x00, 0x00, 0x00, 0x00, 0x00, 0x00, 0x00,
  0x00, 0x00, 0x00, 0x00, 0x00, 0x00, 0x00, 0x00, 0x00, 0x00, 0x00, 0x00, 0x00, 0x00, 0x00, 0x00,
  0x00, 0x00, 0x00, 0x00, 0x00, 0x00, 0x00, 0x00, 0x00, 0x00, 0x00, 0x00, 0x00, 0x00, 0x00, 0x00,
  0x00, 0x00, 0x00, 0x00, 0x00, 0x00, 0x00, 0x00, 0x00, 0x00, 0x00, 0x00, 0x00, 0x00, 0xFF, 0x7B,
  0x02, 0x1B, 0x7C, 0x5E, 0x3C, 0xAD, 0xDD, 0x3C, 0xAD, 0xEA, 0x39, 0x8C, 0x7D, 0x39, 0x63, 0x05,
  0x00, 0x00, 0x00, 0x00, 0x00, 0x00, 0x00, 0x00, 0x00, 0x00, 0x00, 0x00, 0x00, 0x00, 0x00, 0x00,
  0x00, 0x00, 0x00, 0x00, 0x00, 0x00, 0x00, 0x00, 0x00, 0x00, 0x00, 0x00, 0x00, 0x00, 0x00, 0x00,
  0x00, 0x00, 0x00, 0x00, 0x00, 0x00, 0x00, 0x00, 0x00, 0x00, 0x00, 0x00, 0x00, 0x00, 0x00, 0x00,
  0x00, 0x00, 0x00, 0x00, 0x00, 0x00, 0x00, 0x00, 0x00, 0x00, 0x00, 0x00, 0x00, 0x00, 0x00, 0x00,
  0x00, 0x00, 0x00, 0x00, 0x00, 0x00, 0x00, 0x00, 0x00, 0x00, 0x00, 0x00, 0x00, 0x00, 0x00, 0x00,
  0x00, 0x00, 0x00, 0x00, 0x00, 0x00, 0x00, 0x00, 0x00, 0x00, 0x00, 0x00, 0x00, 0x00, 0x00, 0x00,
  0x00, 0x00, 0x00, 0x00, 0x00, 0x00, 0x00, 0x00, 0x00, 0x00, 0x00, 0x00, 0x00, 0x00, 0x00, 0x00,
  0x00, 0x00, 0x00, 0x00, 0x00, 0x00, 0x00, 0x00, 0x00, 0x00, 0x00, 0x00, 0x00, 0x00, 0x00, 0x00,
  0x00, 0x00, 0x00, 0x00, 0x00, 0x00, 0x00, 0x00, 0x00, 0x00, 0x00, 0x00, 0x00, 0x00, 0x00, 0x00,
  0x00, 0x00, 0x00, 0x00, 0x00, 0x00, 0x00, 0x00, 0x00, 0x00, 0x00, 0x00, 0x00, 0x00, 0x00, 0x00,
  0x00, 0x00, 0x00, 0x00, 0x00, 0x00, 0x00, 0x00, 0x00, 0x00, 0x00, 0x00, 0x00, 0x00, 0x00, 0x00,
  0x00, 0x00, 0x00, 0x00, 0x00, 0x00, 0x00, 0x00, 0x00, 0x00, 0x00, 0x00, 0x00, 0x00, 0x00, 0x00,
  0x00, 0x00, 0x00, 0x00, 0x00, 0x00, 0x00, 0x00, 0x00, 0x00, 0x00, 0x00, 0x00, 0x00, 0x00, 0x00,
  0x00, 0x00, 0x00, 0x00, 0x00, 0x00, 0x00, 0x00, 0x00, 0x00, 0x00, 0x00, 0x00, 0x00, 0x00, 0x00,
  0x00, 0x00, 0x00, 0x00, 0x00, 0x00, 0x00, 0x00, 0x00, 0x00, 0x00, 0x00, 0x00, 0x00, 0x00, 0x00,
  0x00, 0x00, 0x00, 0x00, 0x00, 0x00, 0x00, 0x00, 0x00, 0x00, 0x00, 0x00, 0x00, 0x00, 0x00, 0x00,
  0x00, 0x00, 0x00, 0x00, 0x00, 0x00, 0x00, 0x00, 0x00, 0x00, 0x00, 0x00, 0x00, 0x00, 0x00, 0x00,
  0x00, 0x00, 0x00, 0x00, 0x00, 0x00, 0x00, 0x00, 0x00, 0x00, 0x00, 0x00, 0x00, 0x00, 0x00, 0x00,
  0x00, 0x00, 0x00, 0x00, 0x00, 0x00, 0x00, 0x00, 0x00, 0x00, 0x00, 0x00, 0x00, 0x00, 0x00, 0x00,
  0x00, 0x00, 0x00, 0x00, 0x00, 0x00, 0x00, 0x00, 0x00, 0x00, 0x00, 0x00, 0x00, 0x00, 0x00, 0x00,
  0x00, 0x00, 0x00, 0x00, 0x00, 0x00, 0x00, 0x00, 0x00, 0x00, 0x00, 0x00, 0x00, 0x00, 0x00, 0x00,
  0x00, 0x00, 0x00, 0x00, 0x00, 0x00, 0x00, 0x00, 0x00, 0x00, 0x00, 0x00, 0x00, 0x00, 0x00, 0x00,
  0x00, 0x00, 0x00, 0x00, 0x00, 0x00, 0x00, 0x00, 0x00, 0x00, 0x00, 0x00, 0x00, 0x00, 0x00, 0x00,
  0x00, 0x00, 0x00, 0x00, 0x00, 0x00, 0x00, 0x00, 0x00, 0x00, 0x00, 0x00, 0x00, 0x00, 0x00, 0x00,
  0x00, 0x00, 0x00, 0x00, 0x00, 0x00, 0x00, 0x00, 0x00, 0x00, 0x00, 0x00, 0x00, 0x00, 0x00, 0x00,
  0x00, 0x00, 0x00, 0x00, 0x00, 0x00, 0x00, 0x00, 0x00, 0x00, 0x00, 0x00, 0x00, 0x00, 0x00, 0x00,
  0x00, 0x00, 0x00, 0x00, 0x00, 0x00, 0x00, 0x00, 0x00, 0x00, 0x00, 0x00, 0x00, 0x00, 0x00, 0x00,
  0x00, 0x00, 0x00, 0x00, 0x00, 0x00, 0x00, 0x00, 0x00, 0x00, 0x00, 0x00, 0x00, 0x00, 0x00, 0x00,
  0x00, 0x00, 0x00, 0x00, 0x00, 0x00, 0x00, 0x00, 0x00, 0x00, 0x00, 0x00, 0x00, 0x00, 0x00, 0x00,
  0x00, 0x00, 0x00, 0x00, 0x00, 0x00, 0x00, 0x00, 0x00, 0x00, 0x00, 0x00, 0x00, 0x00, 0x00, 0x00,
  0x00, 0x00, 0x00, 0x00, 0x00, 0x00, 0x00, 0x00, 0x00, 0x00, 0x00, 0x00, 0x00, 0x00, 0x00, 0x00,
  0x00, 0x00, 0x00, 0x00, 0x00, 0x00, 0x00, 0x00, 0x00, 0x00, 0x00, 0x00, 0x00, 0x00, 0x9A, 0x6B,
  0x3F, 0xFC, 0x9C, 0xF7, 0xFC, 0x9C, 0xFF, 0x38, 0x6B, 0xFF, 0xF6, 0x62, 0xFC, 0xB5, 0x62, 0x66,
  0x00, 0x00, 0x00, 0x00, 0x00, 0x00, 0x00, 0x00, 0x00, 0x00, 0x00, 0x00, 0x00, 0x00, 0x00, 0x00,
  0x00, 0x00, 0x00, 0x00, 0x00, 0x00, 0x00, 0x00, 0x00, 0x00, 0x00, 0x00, 0x00, 0x00, 0x00, 0x00,
  0x00, 0x00, 0x00, 0x00, 0x00, 0x00, 0x00, 0x00, 0x00, 0x00, 0x00, 0x00, 0x00, 0x00, 0x00, 0x00,
  0x00, 0x00, 0x00, 0x00, 0x00, 0x00, 0x00, 0x00, 0x00, 0x00, 0x00, 0x00, 0x00, 0x00, 0x00, 0x00,
  0x00, 0x00, 0x00, 0x00, 0x00, 0x00, 0x00, 0x00, 0x00, 0x00, 0x00, 0x00, 0x00, 0x00, 0x00, 0x00,
  0x00, 0x00, 0x00, 0x00, 0x00, 0x00, 0x00, 0x00, 0x00, 0x00, 0x00, 0x00, 0x00, 0x00, 0x00, 0x00,
  0x00, 0x00, 0x00, 0x00, 0x00, 0x00, 0x00, 0x00, 0x00, 0x00, 0x00, 0x00, 0x00, 0x00, 0x00, 0x00,
  0x00, 0x00, 0x00, 0x00, 0x00, 0x00, 0x00, 0x00, 0x00, 0x00, 0x00, 0x00, 0x00, 0x00, 0x00, 0x00,
  0x00, 0x00, 0x00, 0x00, 0x00, 0x00, 0x00, 0x00, 0x00, 0x00, 0x00, 0x00, 0x00, 0x00, 0x00, 0x00,
  0x00, 0x00, 0x00, 0x00, 0x00, 0x00, 0x00, 0x00, 0x00, 0x00, 0x00, 0x00, 0x00, 0x00, 0x00, 0x00,
  0x00, 0x00, 0x00, 0x00, 0x00, 0x00, 0x00, 0x00, 0x00, 0x00, 0x00, 0x00, 0x00, 0x00, 0x00, 0x00,
  0x00, 0x00, 0x00, 0x00, 0x00, 0x00, 0x00, 0x00, 0x00, 0x00, 0x00, 0x00, 0x00, 0x00, 0x00, 0x00,
  0x00, 0x00, 0x00, 0x00, 0x00, 0x00, 0x00, 0x00, 0x00, 0x00, 0x00, 0x00, 0x00, 0x00, 0x00, 0x00,
  0x00, 0x00, 0x00, 0x00, 0x00, 0x00, 0x00, 0x00, 0x00, 0x00, 0x00, 0x00, 0x00, 0x00, 0x00, 0x00,
  0x00, 0x00, 0x00, 0x00, 0x00, 0x00, 0x00, 0x00, 0x00, 0x00, 0x00, 0x00, 0x00, 0x00, 0x00, 0x00,
  0x00, 0x00, 0x00, 0x00, 0x00, 0x00, 0x00, 0x00, 0x00, 0x00, 0x00, 0x00, 0x00, 0x00, 0x00, 0x00,
  0x00, 0x00, 0x00, 0x00, 0x00, 0x00, 0x00, 0x00, 0x00, 0x00, 0x00, 0x00, 0x00, 0x00, 0x00, 0x00,
  0x00, 0x00, 0x00, 0x00, 0x00, 0x00, 0x00, 0x00, 0x00, 0x00, 0x00, 0x00, 0x00, 0x00, 0x00, 0x00,
  0x00, 0x00, 0x00, 0x00, 0x00, 0x00, 0x00, 0x00, 0x00, 0x00, 0x00, 0x00, 0x00, 0x00, 0x00, 0x00,
  0x00, 0x00, 0x00, 0x00, 0x00, 0x00, 0x00, 0x00, 0x00, 0x00, 0x00, 0x00, 0x00, 0x00, 0x00, 0x00,
  0x00, 0x00, 0x00, 0x00, 0x00, 0x00, 0x00, 0x00, 0x00, 0x00, 0x00, 0x00, 0x00, 0x00, 0x00, 0x00,
  0x00, 0x00, 0x00, 0x00, 0x00, 0x00, 0x00, 0x00, 0x00, 0x00, 0x00, 0x00, 0x00, 0x00, 0x00, 0x00,
  0x00, 0x00, 0x00, 0x00, 0x00, 0x00, 0x00, 0x00, 0x00, 0x00, 0x00, 0x00, 0x00, 0x00, 0x00, 0x00,
  0x00, 0x00, 0x00, 0x00, 0x00, 0x00, 0x00, 0x00, 0x00, 0x00, 0x00, 0x00, 0x00, 0x00, 0x00, 0x00,
  0x00, 0x00, 0x00, 0x00, 0x00, 0x00, 0x00, 0x00, 0x00, 0x00, 0x00, 0x00, 0x00, 0x00, 0x00, 0x00,
  0x00, 0x00, 0x00, 0x00, 0x00, 0x00, 0x00, 0x00, 0x00, 0x00, 0x00, 0x00, 0x00, 0x00, 0x00, 0x00,
  0x00, 0x00, 0x00, 0x00, 0x00, 0x00, 0x00, 0x00, 0x00, 0x00, 0x00, 0x00, 0x00, 0x00, 0x00, 0x00,
  0x00, 0x00, 0x00, 0x00, 0x00, 0x00, 0x00, 0x00, 0x00, 0x00, 0x00, 0x00, 0x00, 0x00, 0x00, 0x00,
  0x00, 0x00, 0x00, 0x00, 0x00, 0x00, 0x00, 0x00, 0x00, 0x00, 0x00, 0x00, 0x00, 0x00, 0x00, 0x00,
  0x00, 0x00, 0x00, 0x00, 0x00, 0x00, 0x00, 0x00, 0x00, 0x00, 0x00, 0x00, 0x00, 0x00, 0x00, 0x00,
  0x00, 0x00, 0x00, 0x00, 0x00, 0x00, 0x00, 0x00, 0x00, 0x00, 0x00, 0x00, 0x00, 0x00, 0x00, 0x00,
  0x00, 0x00, 0x00, 0x00, 0x00, 0x00, 0x00, 0x00, 0x00, 0x00, 0x00, 0x00, 0x00, 0x00, 0x59, 0x6B,
  0x8A, 0xDC, 0x94, 0xFF, 0x38, 0x63, 0xFF, 0x54, 0x4A, 0xFF, 0x33, 0x7B, 0xFF, 0x73, 0x5A, 0xB5,
  0x1F, 0x00, 0x01, 0x00, 0x00, 0x00, 0x00, 0x00, 0x00, 0x00, 0x00, 0x00, 0x00, 0x00, 0x00, 0x00,
  0x00, 0x00, 0x00, 0x00, 0x00, 0x00, 0x00, 0x00, 0x00, 0x00, 0x00, 0x00, 0x00, 0x00, 0x00, 0x00,
  0x00, 0x00, 0x00, 0x00, 0x00, 0x00, 0x00, 0x00, 0x00, 0x00, 0x00, 0x00, 0x00, 0x00, 0x00, 0x00,
  0x00, 0x00, 0x00, 0x00, 0x00, 0x00, 0x00, 0x00, 0x00, 0x00, 0x00, 0x00, 0x00, 0x00, 0x00, 0x00,
  0x00, 0x00, 0x00, 0x00, 0x00, 0x00, 0x00, 0x00, 0x00, 0x00, 0x00, 0x00, 0x00, 0x00, 0x00, 0x00,
  0x00, 0x00, 0x00, 0x00, 0x00, 0x00, 0x00, 0x00, 0x00, 0x00, 0x00, 0x00, 0x00, 0x00, 0x00, 0x00,
  0x00, 0x00, 0x00, 0x00, 0x00, 0x00, 0x00, 0x00, 0x00, 0x00, 0x00, 0x00, 0x00, 0x00, 0x00, 0x00,
  0x00, 0x00, 0x00, 0x00, 0x00, 0x00, 0x00, 0x00, 0x00, 0x00, 0x00, 0x00, 0x00, 0x00, 0x00, 0x00,
  0x00, 0x00, 0x00, 0x00, 0x00, 0x00, 0x00, 0x00, 0x00, 0x00, 0x00, 0x00, 0x00, 0x00, 0x00, 0x00,
  0x00, 0x00, 0x00, 0x00, 0x00, 0x00, 0x00, 0x00, 0x00, 0x00, 0x00, 0x00, 0x00, 0x00, 0x00, 0x00,
  0x00, 0x00, 0x00, 0x00, 0x00, 0x00, 0x00, 0x00, 0x00, 0x00, 0x00, 0x00, 0x00, 0x00, 0x00, 0x00,
  0x00, 0x00, 0x00, 0x00, 0x00, 0x00, 0x00, 0x00, 0x00, 0x00, 0x00, 0x00, 0x00, 0x00, 0x00, 0x00,
  0x00, 0x00, 0x00, 0x00, 0x00, 0x00, 0x00, 0x00, 0x00, 0x00, 0x00, 0x00, 0x00, 0x00, 0x00, 0x00,
  0x00, 0x00, 0x00, 0x00, 0x00, 0x00, 0x00, 0x00, 0x00, 0x00, 0x00, 0x00, 0x00, 0x00, 0x00, 0x00,
  0x00, 0x00, 0x00, 0x00, 0x00, 0x00, 0x00, 0x00, 0x00, 0x00, 0x00, 0x00, 0x00, 0x00, 0x00, 0x00,
  0x00, 0x00, 0x00, 0x00, 0x00, 0x00, 0x00, 0x00, 0x00, 0x00, 0x00, 0x00, 0x00, 0x00, 0x00, 0x00,
  0x00, 0x00, 0x00, 0x00, 0x00, 0x00, 0x00, 0x00, 0x00, 0x00, 0x00, 0x00, 0x00, 0x00, 0x00, 0x00,
  0x00, 0x00, 0x00, 0x00, 0x00, 0x00, 0x00, 0x00, 0x00, 0x00, 0x00, 0x00, 0x00, 0x00, 0x00, 0x00,
  0x00, 0x00, 0x00, 0x00, 0x00, 0x00, 0x00, 0x00, 0x00, 0x00, 0x00, 0x00, 0x00, 0x00, 0x00, 0x00,
  0x00, 0x00, 0x00, 0x00, 0x00, 0x00, 0x00, 0x00, 0x00, 0x00, 0x00, 0x00, 0x00, 0x00, 0x00, 0x00,
  0x00, 0x00, 0x00, 0x00, 0x00, 0x00, 0x00, 0x00, 0x00, 0x00, 0x00, 0x00, 0x00, 0x00, 0x00, 0x00,
  0x00, 0x00, 0x00, 0x00, 0x00, 0x00, 0x00, 0x00, 0x00, 0x00, 0x00, 0x00, 0x00, 0x00, 0x00, 0x00,
  0x00, 0x00, 0x00, 0x00, 0x00, 0x00, 0x00, 0x00, 0x00, 0x00, 0x00, 0x00, 0x00, 0x00, 0x00, 0x00,
  0x00, 0x00, 0x00, 0x00, 0x00, 0x00, 0x00, 0x00, 0x00, 0x00, 0x00, 0x00, 0x00, 0x00, 0x00, 0x00,
  0x00, 0x00, 0x00, 0x00, 0x00, 0x00, 0x00, 0x00, 0x00, 0x00, 0x00, 0x00, 0x00, 0x00, 0x00, 0x00,
  0x00, 0x00, 0x00, 0x00, 0x00, 0x00, 0x00, 0x00, 0x00, 0x00, 0x00, 0x00, 0x00, 0x00, 0x00, 0x00,
  0x00, 0x00, 0x00, 0x00, 0x00, 0x00, 0x00, 0x00, 0x00, 0x00, 0x00, 0x00, 0x00, 0x00, 0x00, 0x00,
  0x00, 0x00, 0x00, 0x00, 0x00, 0x00, 0x00, 0x00, 0x00, 0x00, 0x00, 0x00, 0x00, 0x00, 0x00, 0x00,
  0x00, 0x00, 0x00, 0x00, 0x00, 0x00, 0x00, 0x00, 0x00, 0x00, 0x00, 0x00, 0x00, 0x00, 0x00, 0x00,
  0x00, 0x00, 0x00, 0x00, 0x00, 0x00, 0x00, 0x00, 0x00, 0x00, 0x00, 0x00, 0x00, 0x00, 0x00, 0x00,
  0x00, 0x00, 0x00, 0x00, 0x00, 0x00, 0x00, 0x00, 0x00, 0x00, 0x00, 0x00, 0x00, 0x00, 0x00, 0x00,
  0x00, 0x00, 0x00, 0x00, 0x00, 0x00, 0x00, 0x00, 0x00, 0x00, 0x00, 0x00, 0x00, 0x00, 0x17, 0x5B,
  0x74, 0xB6, 0x4A, 0xFF, 0x54, 0x42, 0xFF, 0x11, 0x42, 0xFF, 0xF0, 0x49, 0xFF, 0x11, 0x52, 0xA6,
  0x00, 0x00, 0x01, 0x00, 0x00, 0x00, 0x00, 0x00, 0x00, 0x00, 0x00, 0x00, 0x00, 0x00, 0x00, 0x00,
  0x00, 0x00, 0x00, 0x00, 0x00, 0x00, 0x00, 0x00, 0x00, 0x00, 0x00, 0x00, 0x00, 0x00, 0x00, 0x00,
  0x00, 0x00, 0x00, 0x00, 0x00, 0x00, 0x00, 0x00, 0x00, 0x00, 0x00, 0x00, 0x00, 0x00, 0x00, 0x00,
  0x00, 0x00, 0x00, 0x00, 0x00, 0x00, 0x00, 0x00, 0x00, 0x00, 0x00, 0x00, 0x00, 0x00, 0x00, 0x00,
  0x00, 0x00, 0x00, 0x00, 0x00, 0x00, 0x00, 0x00, 0x00, 0x00, 0x00, 0x00, 0x00, 0x00, 0x00, 0x00,
  0x00, 0x00, 0x00, 0x00, 0x00, 0x00, 0x00, 0x00, 0x00, 0x00, 0x00, 0x00, 0x00, 0x00, 0x00, 0x00,
  0x00, 0x00, 0x00, 0x00, 0x00, 0x00, 0x00, 0x00, 0x00, 0x00, 0x00, 0x00, 0x00, 0x00, 0x00, 0x00,
  0x00, 0x00, 0x00, 0x00, 0x00, 0x00, 0x00, 0x00, 0x00, 0x00, 0x00, 0x00, 0x00, 0x00, 0x00, 0x00,
  0x00, 0x00, 0x00, 0x00, 0x00, 0x00, 0x00, 0x00, 0x00, 0x00, 0x00, 0x00, 0x00, 0x00, 0x00, 0x00,
  0x00, 0x00, 0x00, 0x00, 0x00, 0x00, 0x00, 0x00, 0x00, 0x00, 0x00, 0x00, 0x00, 0x00, 0x00, 0x00,
  0x00, 0x00, 0x00, 0x00, 0x00, 0x00, 0x00, 0x00, 0x00, 0x00, 0x00, 0x00, 0x00, 0x00, 0x00, 0x00,
  0x00, 0x00, 0x00, 0x00, 0x00, 0x00, 0x00, 0x00, 0x00, 0x00, 0x00, 0x00, 0x00, 0x00, 0x00, 0x00,
  0x00, 0x00, 0x00, 0x00, 0x00, 0x00, 0x00, 0x00, 0x00, 0x00, 0x00, 0x00, 0x00, 0x00, 0x00, 0x00,
  0x00, 0x00, 0x00, 0x00, 0x00, 0x00, 0x00, 0x00, 0x00, 0x00, 0x00, 0x00, 0x00, 0x00, 0x00, 0x00,
  0x00, 0x00, 0x00, 0x00, 0x00, 0x00, 0x00, 0x00, 0x00, 0x00, 0x00, 0x00, 0x00, 0x00, 0x00, 0x00,
  0x00, 0x00, 0x00, 0x00, 0x00, 0x00, 0x00, 0x00, 0x00, 0x00, 0x00, 0x00, 0x00, 0x00, 0x00, 0x00,
  0x00, 0x00, 0x00, 0x00, 0x00, 0x00, 0x00, 0x00, 0x00, 0x00, 0x00, 0x00, 0x00, 0x00, 0x00, 0x00,
  0x00, 0x00, 0x00, 0x00, 0x00, 0x00, 0x00, 0x00, 0x00, 0x00, 0x00, 0x00, 0x00, 0x00, 0x00, 0x00,
  0x00, 0x00, 0x00, 0x00, 0x00, 0x00, 0x00, 0x00, 0x00, 0x00, 0x00, 0x00, 0x00, 0x00, 0x00, 0x00,
  0x00, 0x00, 0x00, 0x00, 0x00, 0x00, 0x00, 0x00, 0x00, 0x00, 0x00, 0x00, 0x00, 0x00, 0x00, 0x00,
  0x00, 0x00, 0x00, 0x00, 0x00, 0x00, 0x00, 0x00, 0x00, 0x00, 0x00, 0x00, 0x00, 0x00, 0x00, 0x00,
  0x00, 0x00, 0x00, 0x00, 0x00, 0x00, 0x00, 0x00, 0x00, 0x00, 0x00, 0x00, 0x00, 0x00, 0x00, 0x00,
  0x00, 0x00, 0x00, 0x00, 0x00, 0x00, 0x00, 0x00, 0x00, 0x00, 0x00, 0x00, 0x00, 0x00, 0x00, 0x00,
  0x00, 0x00, 0x00, 0x00, 0x00, 0x00, 0x00, 0x00, 0x00, 0x00, 0x00, 0x00, 0x00, 0x00, 0x00, 0x00,
  0x00, 0x00, 0x00, 0x00, 0x00, 0x00, 0x00, 0x00, 0x00, 0x00, 0x00, 0x00, 0x00, 0x00, 0x00, 0x00,
  0x00, 0x00, 0x00, 0x00, 0x00, 0x00, 0x00, 0x00, 0x00, 0x00, 0x00, 0x00, 0x00, 0x00, 0x00, 0x00,
  0x00, 0x00, 0x00, 0x00, 0x00, 0x00, 0x00, 0x00, 0x00, 0x00, 0x00, 0x00, 0x00, 0x00, 0x00, 0x00,
  0x00, 0x00, 0x00, 0x00, 0x00, 0x00, 0x00, 0x00, 0x00, 0x00, 0x00, 0x00, 0x00, 0x00, 0x00, 0x00,
  0x00, 0x00, 0x00, 0x00, 0x00, 0x00, 0x00, 0x00, 0x00, 0x00, 0x00, 0x00, 0x00, 0x00, 0x00, 0x00,
  0x00, 0x00, 0x00, 0x00, 0x00, 0x00, 0x00, 0x00, 0x00, 0x00, 0x00, 0x00, 0x00, 0x00, 0x00, 0x00,
  0x00, 0x00, 0x00, 0x00, 0x00, 0x00, 0x00, 0x00, 0x00, 0x00, 0x00, 0x00, 0x00, 0x00, 0x00, 0x00,
  0x00, 0x00, 0x00, 0x00, 0x00, 0x00, 0x00, 0x00, 0x00, 0x00, 0x00, 0x00, 0x00, 0x00, 0x36, 0x5B,
  0x14, 0x75, 0x42, 0xD3, 0x34, 0x3A, 0xFE, 0xB0, 0x31, 0xFF, 0xB0, 0x39, 0xEB, 0x31, 0x52, 0x34,
  0x00, 0x00, 0x00, 0x00, 0x00, 0x00, 0x00, 0x00, 0x00, 0x00, 0x00, 0x00, 0x00, 0x00, 0x00, 0x00,
  0x00, 0x00, 0x00, 0x00, 0x00, 0x00, 0x00, 0x00, 0x00, 0x00, 0x00, 0x00, 0x00, 0x00, 0x00, 0x00,
  0x00, 0x00, 0x00, 0x00, 0x00, 0x00, 0x00, 0x00, 0x00, 0x00, 0x00, 0x00, 0x00, 0x00, 0x00, 0x00,
  0x00, 0x00, 0x00, 0x00, 0x00, 0x00, 0x00, 0x00, 0x00, 0x00, 0x00, 0x00, 0x00, 0x00, 0x00, 0x00,
  0x00, 0x00, 0x00, 0x00, 0x00, 0x00, 0x00, 0x00, 0x00, 0x00, 0x00, 0x00, 0x00, 0x00, 0x00, 0x00,
  0x00, 0x00, 0x00, 0x00, 0x00, 0x00, 0x00, 0x00, 0x00, 0x00, 0x00, 0x00, 0x00, 0x00, 0x00, 0x00,
  0x00, 0x00, 0x00, 0x00, 0x00, 0x00, 0x00, 0x00, 0x00, 0x00, 0x00, 0x00, 0x00, 0x00, 0x00, 0x00,
  0x00, 0x00, 0x00, 0x00, 0x00, 0x00, 0x00, 0x00, 0x00, 0x00, 0x00, 0x00, 0x00, 0x00, 0x00, 0x00,
  0x00, 0x00, 0x00, 0x00, 0x00, 0x00, 0x00, 0x00, 0x00, 0x00, 0x00, 0x00, 0x00, 0x00, 0x00, 0x00,
  0x00, 0x00, 0x00, 0x00, 0x00, 0x00, 0x00, 0x00, 0x00, 0x00, 0x00, 0x00, 0x00, 0x00, 0x00, 0x00,
  0x00, 0x00, 0x00, 0x00, 0x00, 0x00, 0x00, 0x00, 0x00, 0x00, 0x00, 0x00, 0x00, 0x00, 0x00, 0x00,
  0x00, 0x00, 0x00, 0x00, 0x00, 0x00, 0x00, 0x00, 0x00, 0x00, 0x00, 0x00, 0x00, 0x00, 0x00, 0x00,
  0x00, 0x00, 0x00, 0x00, 0x00, 0x00, 0x00, 0x00, 0x00, 0x00, 0x00, 0x00, 0x00, 0x00, 0x00, 0x00,
  0x00, 0x00, 0x00, 0x00, 0x00, 0x00, 0x00, 0x00, 0x00, 0x00, 0x00, 0x00, 0x00, 0x00, 0x00, 0x00,
  0x00, 0x00, 0x00, 0x00, 0x00, 0x00, 0x00, 0x00, 0x00, 0x00, 0x00, 0x00, 0x00, 0x00, 0x00, 0x00,
  0x00, 0x00, 0x00, 0x00, 0x00, 0x00, 0x00, 0x00, 0x00, 0x00, 0x00, 0x00, 0x00, 0x00, 0x00, 0x00,
  0x00, 0x00, 0x00, 0x00, 0x00, 0x00, 0x00, 0x00, 0x00, 0x00, 0x00, 0x00, 0x00, 0x00, 0x00, 0x00,
  0x00, 0x00, 0x00, 0x00, 0x00, 0x00, 0x00, 0x00, 0x00, 0x00, 0x00, 0x00, 0x00, 0x00, 0x00, 0x00,
  0x00, 0x00, 0x00, 0x00, 0x00, 0x00, 0x00, 0x00, 0x00, 0x00, 0x00, 0x00, 0x00, 0x00, 0x00, 0x00,
  0x00, 0x00, 0x00, 0x00, 0x00, 0x00, 0x00, 0x00, 0x00, 0x00, 0x00, 0x00, 0x00, 0x00, 0x00, 0x00,
  0x00, 0x00, 0x00, 0x00, 0x00, 0x00, 0x00, 0x00, 0x00, 0x00, 0x00, 0x00, 0x00, 0x00, 0x00, 0x00,
  0x00, 0x00, 0x00, 0x00, 0x00, 0x00, 0x00, 0x00, 0x00, 0x00, 0x00, 0x00, 0x00, 0x00, 0x00, 0x00,
  0x00, 0x00, 0x00, 0x00, 0x00, 0x00, 0x00, 0x00, 0x00, 0x00, 0x00, 0x00, 0x00, 0x00, 0x00, 0x00,
  0x00, 0x00, 0x00, 0x00, 0x00, 0x00, 0x00, 0x00, 0x00, 0x00, 0x00, 0x00, 0x00, 0x00, 0x00, 0x00,
  0x00, 0x00, 0x00, 0x00, 0x00, 0x00, 0x00, 0x00, 0x00, 0x00, 0x00, 0x00, 0x00, 0x00, 0x00, 0x00,
  0x00, 0x00, 0x00, 0x00, 0x00, 0x00, 0x00, 0x00, 0x00, 0x00, 0x00, 0x00, 0x00, 0x00, 0x00, 0x00,
  0x00, 0x00, 0x00, 0x00, 0x00, 0x00, 0x00, 0x00, 0x00, 0x00, 0x00, 0x00, 0x00, 0x00, 0x00, 0x00,
  0x00, 0x00, 0x00, 0x00, 0x00, 0x00, 0x00, 0x00, 0x00, 0x00, 0x00, 0x00, 0x00, 0x00, 0x00, 0x00,
  0x00, 0x00, 0x00, 0x00, 0x00, 0x00, 0x00, 0x00, 0x00, 0x00, 0x00, 0x00, 0x00, 0x00, 0x00, 0x00,
  0x00, 0x00, 0x00, 0x00, 0x00, 0x00, 0x00, 0x00, 0x00, 0x00, 0x00, 0x00, 0x00, 0x00, 0x00, 0x00,
  0x00, 0x00, 0x00, 0x00, 0x00, 0x00, 0x00, 0x00, 0x00, 0x00, 0x00, 0x00, 0x00, 0x00, 0x00, 0x00,
  0x00, 0x00, 0x00, 0x00, 0x00, 0x00, 0x00, 0x00, 0x00, 0x00, 0x00, 0x00, 0x00, 0x00, 0x00, 0x00,
  0x00, 0xB3, 0x52, 0x15, 0xD7, 0x73, 0xDA, 0x72, 0x52, 0xF5, 0x50, 0x4A, 0x2D, 0x00, 0x00, 0x00,
  0x00, 0x00, 0x00, 0x00, 0x00, 0x00, 0x00, 0x00, 0x00, 0x00, 0x00, 0x00, 0x00, 0x00, 0x00, 0x00,
  0x00, 0x00, 0x00, 0x00, 0x00, 0x00, 0x00, 0x00, 0x00, 0x00, 0x00, 0x00, 0x00, 0x00, 0x00, 0x00,
  0x00, 0x00, 0x00, 0x00, 0x00, 0x00, 0x00, 0x00, 0x00, 0x00, 0x00, 0x00, 0x00, 0x00, 0x00, 0x00,
  0x00, 0x00, 0x00, 0x00, 0x00, 0x00, 0x00, 0x00, 0x00, 0x00, 0x00, 0x00, 0x00, 0x00, 0x00, 0x00,
  0x00, 0x00, 0x00, 0x00, 0x00, 0x00, 0x00, 0x00, 0x00, 0x00, 0x00, 0x00, 0x00, 0x00, 0x00, 0x00,
  0x00, 0x00, 0x00, 0x00, 0x00, 0x00, 0x00, 0x00, 0x00, 0x00, 0x00, 0x00, 0x00, 0x00, 0x00, 0x00,
  0x00, 0x00, 0x00, 0x00, 0x00, 0x00, 0x00, 0x00, 0x00, 0x00, 0x00, 0x00, 0x00, 0x00, 0x00, 0x00,
  0x00, 0x00, 0x00, 0x00, 0x00, 0x00, 0x00, 0x00, 0x00, 0x00, 0x00, 0x00, 0x00, 0x00, 0x00, 0x00,
  0x00, 0x00, 0x00, 0x00, 0x00, 0x00, 0x00, 0x00, 0x00, 0x00, 0x00, 0x00, 0x00, 0x00, 0x00, 0x00,
  0x00, 0x00, 0x00, 0x00, 0x00, 0x00, 0x00, 0x00, 0x00, 0x00, 0x00, 0x00, 0x00, 0x00, 0x00, 0x00,
  0x00, 0x00, 0x00, 0x00, 0x00, 0x00, 0x00, 0x00, 0x00, 0x00, 0x00, 0x00, 0x00, 0x00, 0x00, 0x00,
  0x00, 0x00, 0x00, 0x00, 0x00, 0x00, 0x00, 0x00, 0x00, 0x00, 0x00, 0x00, 0x00, 0x00, 0x00, 0x00,
  0x00, 0x00, 0x00, 0x00, 0x00, 0x00, 0x00, 0x00, 0x00, 0x00, 0x00, 0x00, 0x00, 0x00, 0x00, 0x00,
  0x00, 0x00, 0x00, 0x00, 0x00, 0x00, 0x00, 0x00, 0x00, 0x00, 0x00, 0x00, 0x00, 0x00, 0x00, 0x00,
  0x00, 0x00, 0x00, 0x00, 0x00, 0x00, 0x00, 0x00, 0x00, 0x00, 0x00, 0x00, 0x00, 0x00, 0x00, 0x00,
  0x00, 0x00, 0x00, 0x00, 0x00, 0x00, 0x00, 0x00, 0x00, 0x00, 0x00, 0x00, 0x00, 0x00, 0x00, 0x00,
  0x00, 0x00, 0x00, 0x00, 0x00, 0x00, 0x00, 0x00, 0x00, 0x00, 0x00, 0x00, 0x00, 0x00, 0x00, 0x00,
  0x00, 0x00, 0x00, 0x00, 0x00, 0x00, 0x00, 0x00, 0x00, 0x00, 0x00, 0x00, 0x00, 0x00, 0x00, 0x00,
  0x00, 0x00, 0x00, 0x00, 0x00, 0x00, 0x00, 0x00, 0x00, 0x00, 0x00, 0x00, 0x00, 0x00, 0x00, 0x00,
  0x00, 0x00, 0x00, 0x00, 0x00, 0x00, 0x00, 0x00, 0x00, 0x00, 0x00, 0x00, 0x00, 0x00, 0x00, 0x00,
  0x00, 0x00, 0x00, 0x00, 0x00, 0x00, 0x00, 0x00, 0x00, 0x00, 0x00, 0x00, 0x00, 0x00, 0x00, 0x00,
  0x00, 0x00, 0x00, 0x00, 0x00, 0x00, 0x00, 0x00, 0x00, 0x00, 0x00, 0x00, 0x00, 0x00, 0x00, 0x00,
  0x00, 0x00, 0x00, 0x00, 0x00, 0x00, 0x00, 0x00, 0x00, 0x00, 0x00, 0x00, 0x00, 0x00, 0x00, 0x00,
  0x00, 0x00, 0x00, 0x00, 0x00, 0x00, 0x00, 0x00, 0x00, 0x00, 0x00, 0x00, 0x00, 0x00, 0x00, 0x00,
  0x00, 0x00, 0x00, 0x00, 0x00, 0x00, 0x00, 0x00, 0x00, 0x00, 0x00, 0x00, 0x00, 0x00, 0x00, 0x00,
  0x00, 0x00, 0x00, 0x00, 0x00, 0x00, 0x00, 0x00, 0x00, 0x00, 0x00, 0x00, 0x00, 0x00, 0x00, 0x00,
  0x00, 0x00, 0x00, 0x00, 0x00, 0x00, 0x00, 0x00, 0x00, 0x00, 0x00, 0x00, 0x00, 0x00, 0x00, 0x00,
  0x00, 0x00, 0x00, 0x00, 0x00, 0x00, 0x00, 0x00, 0x00, 0x00, 0x00, 0x00, 0x00, 0x00, 0x00, 0x00,
  0x00, 0x00, 0x00, 0x00, 0x00, 0x00, 0x00, 0x00, 0x00, 0x00, 0x00, 0x00, 0x00, 0x00, 0x00, 0x00,
  0x00, 0x00, 0x00, 0x00, 0x00, 0x00, 0x00, 0x00, 0x00, 0x00, 0x00, 0x00, 0x00, 0x00, 0x00, 0x00,
  0x00, 0x00, 0x00, 0x00, 0x00, 0x00, 0x00, 0x00, 0x00, 0x00, 0x00, 0x00, 0x00, 0x00, 0x00, 0x00,
  0x00, 0x00, 0x00, 0x00, 0x00, 0x00, 0x00, 0x00, 0x00, 0x00, 0x00, 0x00, 0x00, 0x00, 0x00, 0x00,
  0x00, 0xF7, 0x5A, 0x08, 0x59, 0x84, 0xE2, 0xB2, 0x62, 0xF8, 0x70, 0x5A, 0x20, 0x00, 0x00, 0x00,
  0x00, 0x00, 0x00, 0x00, 0x00, 0x00, 0x00, 0x00, 0x00, 0x00, 0x00, 0x00, 0x00, 0x00, 0x00, 0x00,
  0x00, 0x00, 0x00, 0x00, 0x00, 0x00, 0x00, 0x00, 0x5F, 0x55, 0x03, 0xDF, 0x5D, 0x21, 0xBE, 0x65,
  0x43, 0xBF, 0x5D, 0x35, 0xDE, 0x65, 0x12, 0xFF, 0xFF, 0x01, 0x00, 0x00, 0x00, 0x00, 0x00, 0x00,
  0x00, 0x00, 0x00, 0x00, 0x00, 0x00, 0x00, 0x00, 0x00, 0x00, 0x00, 0x00, 0x00, 0x00, 0x00, 0x00,
  0x00, 0x00, 0x00, 0x00, 0x00, 0x00, 0x00, 0x00, 0x00, 0x00, 0x00, 0x00, 0x00, 0x00, 0x00, 0x00,
  0x00, 0x00, 0x00, 0x00, 0x00, 0x00, 0x00, 0x00, 0x00, 0x00, 0x00, 0x00, 0x00, 0x00, 0x00, 0x00,
  0x00, 0x00, 0x00, 0x00, 0x00, 0x00, 0x00, 0x00, 0x00, 0x00, 0x00, 0x00, 0x00, 0x00, 0x00, 0x00,
  0x00, 0x00, 0x00, 0x00, 0x00, 0x00, 0x00, 0x00, 0x00, 0x00, 0x00, 0x00, 0x00, 0x00, 0x00, 0x00,
  0x00, 0x00, 0x00, 0x00, 0x00, 0x00, 0x00, 0x00, 0x00, 0x00, 0x00, 0x00, 0x00, 0x00, 0x00, 0x00,
  0x00, 0x00, 0x00, 0x00, 0x00, 0x00, 0x00, 0x00, 0x00, 0x00, 0x00, 0x00, 0x00, 0x00, 0x00, 0x00,
  0x00, 0x00, 0x00, 0x00, 0x00, 0x00, 0x00, 0x00, 0x00, 0x00, 0x00, 0x00, 0x00, 0x00, 0x00, 0x00,
  0x00, 0x00, 0x00, 0x00, 0x00, 0x00, 0x00, 0x00, 0x00, 0x00, 0x00, 0x00, 0x00, 0x00, 0x00, 0x00,
  0x00, 0x00, 0x00, 0x00, 0x00, 0x00, 0x00, 0x00, 0x00, 0x00, 0x00, 0x00, 0x00, 0x00, 0x00, 0x00,
  0x00, 0x00, 0x00, 0x00, 0x00, 0x00, 0x00, 0x00, 0x00, 0x00, 0x00, 0x00, 0x00, 0x00, 0x00, 0x00,
  0x00, 0x00, 0x00, 0x00, 0x00, 0x00, 0x00, 0x00, 0x00, 0x00, 0x00, 0x00, 0x00, 0x00, 0x00, 0x00,
  0x00, 0x00, 0x00, 0x00, 0x00, 0x00, 0x00, 0x00, 0x00, 0x00, 0x00, 0x00, 0x00, 0x00, 0x00, 0x00,
  0x00, 0x00, 0x00, 0x00, 0x00, 0x00, 0x00, 0x00, 0x00, 0x00, 0x00, 0x00, 0x00, 0x00, 0x00, 0x00,
  0x00, 0x00, 0x00, 0x00, 0x00, 0x00, 0x00, 0x00, 0x00, 0x00, 0x00, 0x00, 0x00, 0x00, 0x00, 0x00,
  0x00, 0x00, 0x00, 0x00, 0x00, 0x00, 0x00, 0x00, 0x00, 0x00, 0x00, 0x00, 0x00, 0x00, 0x00, 0x00,
  0x00, 0x00, 0x00, 0x00, 0x00, 0x00, 0x00, 0x00, 0x00, 0x00, 0x00, 0x00, 0x00, 0x00, 0x00, 0x00,
  0x00, 0x00, 0x00, 0x00, 0x00, 0x00, 0x00, 0x00, 0x00, 0x00, 0x00, 0x00, 0x00, 0x00, 0x00, 0x00,
  0x00, 0x00, 0x00, 0x00, 0x00, 0x00, 0x00, 0x00, 0x00, 0x00, 0x00, 0x00, 0x00, 0x00, 0x00, 0x00,
  0x00, 0x00, 0x00, 0x00, 0x00, 0x00, 0x00, 0x00, 0x00, 0x00, 0x00, 0x00, 0x00, 0x00, 0x00, 0x00,
  0x00, 0x00, 0x00, 0x00, 0x00, 0x00, 0x00, 0x00, 0x00, 0x00, 0x00, 0x00, 0x00, 0x00, 0x00, 0x00,
  0x00, 0x00, 0x00, 0x00, 0x00, 0x00, 0x00, 0x00, 0x00, 0x00, 0x00, 0x00, 0x00, 0x00, 0x00, 0x00,
  0x00, 0x00, 0x00, 0x00, 0x00, 0x00, 0x00, 0x00, 0x00, 0x00, 0x00, 0x00, 0x00, 0x00, 0x00, 0x00,
  0x00, 0x00, 0x00, 0x00, 0x00, 0x00, 0x00, 0x00, 0x00, 0x00, 0x00, 0x00, 0x00, 0x00, 0x00, 0x00,
  0x00, 0x00, 0x00, 0x00, 0x00, 0x00, 0x00, 0x00, 0x00, 0x00, 0x00, 0x00, 0x00, 0x00, 0x00, 0x00,
  0x00, 0x00, 0x00, 0x00, 0x00, 0x00, 0x00, 0x00, 0x00, 0x00, 0x00, 0x00, 0x00, 0x00, 0x00, 0x00,
  0x00, 0x00, 0x00, 0x00, 0x00, 0x00, 0x00, 0x00, 0x00, 0x00, 0x00, 0x00, 0x00, 0x00, 0x00, 0x00,
  0x00, 0x00, 0x00, 0x00, 0x00, 0x00, 0x00, 0x00, 0x00, 0x00, 0x00, 0x00, 0x00, 0x00, 0x00, 0x00,
  0x00, 0x00, 0x00, 0x00, 0x00, 0x00, 0x00, 0x00, 0x00, 0x00, 0x00, 0x00, 0x00, 0x00, 0x00, 0x00,
  0x00, 0x57, 0x6B, 0x13, 0xDB, 0x94, 0xF1, 0x35, 0x6B, 0xFC, 0xB2, 0x62, 0x36, 0x00, 0x00, 0x00,
  0x00, 0x00, 0x00, 0x00, 0x00, 0x00, 0x00, 0x00, 0x00, 0x00, 0x00, 0x00, 0x00, 0x00, 0x00, 0x00,
  0x00, 0x00, 0x00, 0x00, 0x00, 0x5F, 0x55, 0x06, 0x7F, 0x3D, 0x9C, 0x5F, 0x76, 0xF6, 0x9F, 0x8E,
  0xFE, 0x7F, 0x8E, 0xFC, 0x5F, 0x86, 0xEC, 0xBF, 0x65, 0xA8, 0x1E, 0x55, 0x35, 0xFF, 0x7B, 0x02,
  0x00, 0x00, 0x00, 0x00, 0x00, 0x00, 0x00, 0x00, 0x00, 0x00, 0x00, 0x00, 0x00, 0x00, 0x00, 0x00,
  0x00, 0x00, 0x00, 0x00, 0x00, 0x00, 0x00, 0x00, 0x00, 0x00, 0x00, 0x00, 0x00, 0x00, 0x00, 0x00,
  0x00, 0x00, 0x00, 0x00, 0x00, 0x00, 0x00, 0x00, 0x00, 0x00, 0x00, 0x00, 0x00, 0x00, 0x00, 0x00,
  0x00, 0x00, 0x00, 0x00, 0x00, 0x00, 0x00, 0x00, 0x00, 0x00, 0x00, 0x00, 0x00, 0x00, 0x00, 0x00,
  0x00, 0x00, 0x00, 0x00, 0x00, 0x00, 0x00, 0x00, 0x00, 0x00, 0x00, 0x00, 0x00, 0x00, 0x00, 0x00,
  0x00, 0x00, 0x00, 0x00, 0x00, 0x00, 0x00, 0x00, 0x00, 0x00, 0x00, 0x00, 0x00, 0x00, 0x00, 0x00,
  0x00, 0x00, 0x00, 0x00, 0x00, 0x00, 0x00, 0x00, 0x00, 0x00, 0x00, 0x00, 0x00, 0x00, 0x00, 0x00,
  0x00, 0x00, 0x00, 0x00, 0x00, 0x00, 0x00, 0x00, 0x00, 0x00, 0x00, 0x00, 0x00, 0x00, 0x00, 0x00,
  0x00, 0x00, 0x00, 0x00, 0x00, 0x00, 0x00, 0x00, 0x00, 0x00, 0x00, 0x00, 0x00, 0x00, 0x00, 0x00,
  0x00, 0x00, 0x00, 0x00, 0x00, 0x00, 0x00, 0x00, 0x00, 0x00, 0x00, 0x00, 0x00, 0x00, 0x00, 0x00,
  0x00, 0x00, 0x00, 0x00, 0x00, 0x00, 0x00, 0x00, 0x00, 0x00, 0x00, 0x00, 0x00, 0x00, 0x00, 0x00,
  0x00, 0x00, 0x00, 0x00, 0x00, 0x00, 0x00, 0x00, 0x00, 0x00, 0x00, 0x00, 0x00, 0x00, 0x00, 0x00,
  0x00, 0x00, 0x00, 0x00, 0x00, 0x00, 0x00, 0x00, 0x00, 0x00, 0x00, 0x00, 0x00, 0x00, 0x00, 0x00,
  0x00, 0x00, 0x00, 0x00, 0x00, 0x00, 0x00, 0x00, 0x00, 0x00, 0x00, 0x00, 0x00, 0x00, 0x00, 0x00,
  0x00, 0x00, 0x00, 0x00, 0x00, 0x00, 0x00, 0x00, 0x00, 0x00, 0x00, 0x00, 0x00, 0x00, 0x00, 0x00,
  0x00, 0x00, 0x00, 0x00, 0x00, 0x00, 0x00, 0x00, 0x00, 0x00, 0x00, 0x00, 0x00, 0x00, 0x00, 0x00,
  0x00, 0x00, 0x00, 0x00, 0x00, 0x00, 0x00, 0x00, 0x00, 0x00, 0x00, 0x00, 0x00, 0x00, 0x00, 0x00,
  0x00, 0x00, 0x00, 0x00, 0x00, 0x00, 0x00, 0x00, 0x00, 0x00, 0x00, 0x00, 0x00, 0x00, 0x00, 0x00,
  0x00, 0x00, 0x00, 0x00, 0x00, 0x00, 0x00, 0x00, 0x00, 0x00, 0x00, 0x00, 0x00, 0x00, 0x00, 0x00,
  0x00, 0x00, 0x00, 0x00, 0x00, 0x00, 0x00, 0x00, 0x00, 0x00, 0x00, 0x00, 0x00, 0x00, 0x00, 0x00,
  0x00, 0x00, 0x00, 0x00, 0x00, 0x00, 0x00, 0x00, 0x00, 0x00, 0x00, 0x00, 0x00, 0x00, 0x00, 0x00,
  0x00, 0x00, 0x00, 0x00, 0x00, 0x00, 0x00, 0x00, 0x00, 0x00, 0x00, 0x00, 0x00, 0x00, 0x00, 0x00,
  0x00, 0x00, 0x00, 0x00, 0x00, 0x00, 0x00, 0x00, 0x00, 0x00, 0x00, 0x00, 0x00, 0x00, 0x00, 0x00,
  0x00, 0x00, 0x00, 0x00, 0x00, 0x00, 0x00, 0x00, 0x00, 0x00, 0x00, 0x00, 0x00, 0x00, 0x00, 0x00,
  0x00, 0x00, 0x00, 0x00, 0x00, 0x00, 0x00, 0x00, 0x00, 0x00, 0x00, 0x00, 0x00, 0x00, 0x00, 0x00,
  0x00, 0x00, 0x00, 0x00, 0x00, 0x00, 0x00, 0x00, 0x00, 0x00, 0x00, 0x00, 0x00, 0x00, 0x00, 0x00,
  0x00, 0xFF, 0xFF, 0x01, 0xFF, 0x07, 0x01, 0x00, 0x00, 0x00, 0x00, 0x00, 0x00, 0x00, 0x00, 0x00,
  0x00, 0x00, 0x00, 0x00, 0x00, 0x00, 0x00, 0x00, 0x00, 0x00, 0x00, 0x00, 0x00, 0x00, 0x00, 0x00,
  0x00, 0x00, 0x00, 0x00, 0x00, 0x00, 0x00, 0x00, 0x00, 0x00, 0x00, 0xFF, 0x07, 0x01, 0xFF, 0x7D,
  0x04, 0x7A, 0x6C, 0x2D, 0xFC, 0x8C, 0xF9, 0x56, 0x63, 0xFF, 0xF4, 0x5A, 0x5E, 0x7F, 0x9E, 0x05,
  0xFF, 0xFF, 0x01, 0x00, 0x00, 0x00, 0x00, 0x00, 0x00, 0x00, 0x00, 0x00, 0x00, 0x00, 0x00, 0x00,
  0x00, 0x00, 0x00, 0x00, 0x00, 0x1F, 0x45, 0x47, 0xBF, 0x55, 0xFC, 0xBF, 0x8E, 0xFF, 0x5F, 0x35,
  0xFF, 0x5F, 0x2D, 0xFF, 0xDF, 0x5D, 0xFF, 0x1F, 0x76, 0xFF, 0xDF, 0x75, 0xF7, 0x3F, 0x55, 0x95,
  0xFF, 0x5C, 0x10, 0x00, 0x00, 0x00, 0x00, 0x00, 0x00, 0x00, 0x00, 0x00, 0x00, 0x00, 0x00, 0x00,
  0x00, 0x00, 0x00, 0x00, 0x00, 0x00, 0x00, 0x00, 0x00, 0x00, 0x00, 0x00, 0x00, 0x00, 0x00, 0x00,
  0x00, 0x00, 0x00, 0x00, 0x00, 0x00, 0x00, 0x00, 0x00, 0x00, 0x00, 0x00, 0x00, 0x00, 0x00, 0x00,
  0x00, 0x00, 0x00, 0x00, 0x00, 0x00, 0x00, 0x00, 0x00, 0x00, 0x00, 0x00, 0x00, 0x00, 0x00, 0x00,
  0x00, 0x00, 0x00, 0x00, 0x00, 0x00, 0x00, 0x00, 0x00, 0x00, 0x00, 0x00, 0x00, 0x00, 0x00, 0x00,
  0x00, 0x00, 0x00, 0x00, 0x00, 0x00, 0x00, 0x00, 0x00, 0x00, 0x00, 0x00, 0x00, 0x00, 0x00, 0x00,
  0x00, 0x00, 0x00, 0x00, 0x00, 0x00, 0x00, 0x00, 0x00, 0x00, 0x00, 0x00, 0x00, 0x00, 0x00, 0x00,
  0x00, 0x00, 0x00, 0x00, 0x00, 0x00, 0x00, 0x00, 0x00, 0x00, 0x00, 0x00, 0x00, 0x00, 0x00, 0x00,
  0x00, 0x00, 0x00, 0x00, 0x00, 0x00, 0x00, 0x00, 0x00, 0x00, 0x00, 0x00, 0x00, 0x00, 0x00, 0x00,
  0x00, 0x00, 0x00, 0x00, 0x00, 0x00, 0x00, 0x00, 0x00, 0x00, 0x00, 0x00, 0x00, 0x00, 0x00, 0x00,
  0x00, 0x00, 0x00, 0x00, 0x00, 0x00, 0x00, 0x00, 0x00, 0x00, 0x00, 0x00, 0x00, 0x00, 0x00, 0x00,
  0x00, 0x00, 0x00, 0x00, 0x00, 0x00, 0x00, 0x00, 0x00, 0x00, 0x00, 0x00, 0x00, 0x00, 0x00, 0x00,
  0x00, 0x00, 0x00, 0x00, 0x00, 0x00, 0x00, 0x00, 0x00, 0x00, 0x00, 0x00, 0x00, 0x00, 0x00, 0x00,
  0x00, 0x00, 0x00, 0x00, 0x00, 0x00, 0x00, 0x00, 0x00, 0x00, 0x00, 0x00, 0x00, 0x00, 0x00, 0x00,
  0x00, 0x00, 0x00, 0x00, 0x00, 0x00, 0x00, 0x00, 0x00, 0x00, 0x00, 0x00, 0x00, 0x00, 0x00, 0x00,
  0x00, 0x00, 0x00, 0x00, 0x00, 0x00, 0x00, 0x00, 0x00, 0x00, 0x00, 0x00, 0x00, 0x00, 0x00, 0x00,
  0x00, 0x00, 0x00, 0x00, 0x00, 0x00, 0x00, 0x00, 0x00, 0x00, 0x00, 0x00, 0x00, 0x00, 0x00, 0x00,
  0x00, 0x00, 0x00, 0x00, 0x00, 0x00, 0x00, 0x00, 0x00, 0x00, 0x00, 0x00, 0x00, 0x00, 0x00, 0x00,
  0x00, 0x00, 0x00, 0x00, 0x00, 0x00, 0x00, 0x00, 0x00, 0x00, 0x00, 0x00, 0x00, 0x00, 0x00, 0x00,
  0x00, 0x00, 0x00, 0x00, 0x00, 0x00, 0x00, 0x00, 0x00, 0x00, 0x00, 0x00, 0x00, 0x00, 0x00, 0x00,
  0x00, 0x00, 0x00, 0x00, 0x00, 0x00, 0x00, 0x00, 0x00, 0x00, 0x00, 0x00, 0x00, 0x00, 0x00, 0x00,
  0x00, 0x00, 0x00, 0x00, 0x00, 0x00, 0x00, 0x00, 0x00, 0x00, 0x00, 0x00, 0x00, 0x00, 0x00, 0x00,
  0x00, 0x00, 0x00, 0x00, 0x00, 0x00, 0x00, 0x00, 0x00, 0x00, 0x00, 0x00, 0x00, 0x00, 0x00, 0x00,
  0x00, 0x00, 0x00, 0x00, 0x00, 0x00, 0x00, 0x00, 0x00, 0x00, 0x00, 0x00, 0x00, 0x00, 0x00, 0x00,
  0x00, 0x00, 0x00, 0x00, 0x00, 0x00, 0x00, 0x00, 0x00, 0x00, 0x00, 0x00, 0x00, 0x00, 0x00, 0x00,
  0x00, 0x00, 0x00, 0x00, 0x00, 0x00, 0x00, 0x00, 0xFF, 0x7F, 0x02, 0x9F, 0x67, 0x2D, 0xDF, 0x7F,
  0x81, 0xDF, 0x87, 0xB8, 0xDF, 0x87, 0xA2, 0x9E, 0x67, 0x3F, 0xFF, 0xFF, 0x01, 0x00, 0x00, 0x00,
  0x00, 0x00, 0x00, 0x00, 0x00, 0x00, 0x00, 0x00, 0x00, 0x00, 0x00, 0x00, 0x00, 0x00, 0x00, 0x00,
  0x00, 0x00, 0xFB, 0x7E, 0x08, 0x1F, 0x9F, 0x34, 0x3F, 0xA7, 0x77, 0x5F, 0xB7, 0xAF, 0x5F, 0xAF,
  0xD4, 0xDF, 0x96, 0xEC, 0x9F, 0x8E, 0xFF, 0x7F, 0x8E, 0xFF, 0xBF, 0xA6, 0xF2, 0x1F, 0xC7, 0xD7,
  0xDF, 0xBE, 0xB8, 0x7F, 0xAE, 0x87, 0x1F, 0xA6, 0x3F, 0x3F, 0x9E, 0x0D, 0x00, 0x00, 0x00, 0x00,
  0x00, 0x00, 0x00, 0x00, 0x00, 0x7E, 0x44, 0x5B, 0x7F, 0x2C, 0xFE, 0x9F, 0x2C, 0xFF, 0x7F, 0x1C,
  0xFF, 0x9F, 0x1C, 0xFF, 0xBF, 0x1C, 0xFF, 0xDF, 0x24, 0xFF, 0x1F, 0x2D, 0xFF, 0xFF, 0x34, 0xFE,
  0xBF, 0x3C, 0xD1, 0xFE, 0x5C, 0x22, 0x00, 0x00, 0x00, 0x00, 0x00, 0x00, 0x00, 0x00, 0x00, 0x00,
  0x00, 0x00, 0x00, 0x00, 0x00, 0x00, 0x00, 0x00, 0x00, 0x00, 0x00, 0x00, 0x00, 0x00, 0x00, 0x00,
  0x00, 0x00, 0x00, 0x00, 0x00, 0x00, 0x00, 0x00, 0x00, 0x00, 0x00, 0x00, 0x00, 0x00, 0x00, 0x00,
  0x00, 0x00, 0x00, 0x00, 0x00, 0x00, 0x00, 0x00, 0x00, 0x00, 0x00, 0x00, 0x00, 0x00, 0x00, 0x00,
  0x00, 0x00, 0x00, 0x00, 0x00, 0x00, 0x00, 0x00, 0x00, 0x00, 0x00, 0x00, 0x00, 0x00, 0x00, 0x00,
  0x00, 0x00, 0x00, 0x00, 0x00, 0x00, 0x00, 0x00, 0x00, 0x00, 0x00, 0x00, 0x00, 0x00, 0x00, 0x00,
  0x00, 0x00, 0x00, 0x00, 0x00, 0x00, 0x00, 0x00, 0x00, 0x00, 0x00, 0x00, 0x00, 0x00, 0x00, 0x00,
  0x00, 0x00, 0x00, 0x00, 0x00, 0x00, 0x00, 0x00, 0x00, 0x00, 0x00, 0x00, 0x00, 0x00, 0x00, 0x00,
  0x00, 0x00, 0x00, 0x00, 0x00, 0x00, 0x00, 0x00, 0x00, 0x00, 0x00, 0x00, 0x00, 0x00, 0x00, 0x00,
  0x00, 0x00, 0x00, 0x00, 0x00, 0x00, 0x00, 0x00, 0x00, 0x00, 0x00, 0x00, 0x00, 0x00, 0x00, 0x00,
  0x00, 0x00, 0x00, 0x00, 0x00, 0x00, 0x00, 0x00, 0x00, 0x00, 0x00, 0x00, 0x00, 0x00, 0x00, 0x00,
  0x00, 0x00, 0x00, 0x00, 0x00, 0x00, 0x00, 0x00, 0x00, 0x00, 0x00, 0x00, 0x00, 0x00, 0x00, 0x00,
  0x00, 0x00, 0x00, 0x00, 0x00, 0x00, 0x00, 0x00, 0x00, 0x00, 0x00, 0x00, 0x00, 0x00, 0x00, 0x00,
  0x00, 0x00, 0x00, 0x00, 0x00, 0x00, 0x00, 0x00, 0x00, 0x00, 0x00, 0x00, 0x00, 0x00, 0x00, 0x00,
  0x00, 0x00, 0x00, 0x00, 0x00, 0x00, 0x00, 0x00, 0x00, 0x00, 0x00, 0x00, 0x00, 0x00, 0x00, 0x00,
  0x00, 0x00, 0x00, 0x00, 0x00, 0x00, 0x00, 0x00, 0x00, 0x00, 0x00, 0x00, 0x00, 0x00, 0x00, 0x00,
  0x00, 0x00, 0x00, 0x00, 0x00, 0x00, 0x00, 0x00, 0x00, 0x00, 0x00, 0x00, 0x00, 0x00, 0x00, 0x00,
  0x00, 0x00, 0x00, 0x00, 0x00, 0x00, 0x00, 0x00, 0x00, 0x00, 0x00, 0x00, 0x00, 0x00, 0x00, 0x00,
  0x00, 0x00, 0x00, 0x00, 0x00, 0x00, 0x00, 0x00, 0x00, 0x00, 0x00, 0x00, 0x00, 0x00, 0x00, 0x00,
  0x00, 0x00, 0x00, 0x00, 0x00, 0x00, 0x00, 0x00, 0x00, 0x00, 0x00, 0x00, 0x00, 0x00, 0x00, 0x00,
  0x00, 0x00, 0x00, 0x00, 0x00, 0x00, 0x00, 0x00, 0x00, 0x00, 0x00, 0x00, 0x00, 0x00, 0x00, 0x00,
  0x00, 0x00, 0x00, 0x00, 0x00, 0x00, 0x00, 0x00, 0x00, 0x00, 0x00, 0x00, 0x00, 0x00, 0x00, 0x00,
  0x00, 0x00, 0x00, 0x00, 0x00, 0x00, 0x00, 0x00, 0x00, 0x00, 0x00, 0x00, 0x00, 0x00, 0x00, 0x00,
  0x00, 0x00, 0x00, 0x00, 0x00, 0x00, 0x00, 0x00, 0x00, 0x00, 0x00, 0x00, 0x00, 0x00, 0x00, 0x00,
  0x00, 0x00, 0x00, 0x00, 0x00, 0x00, 0x00, 0x00, 0x00, 0x00, 0x00, 0x00, 0x00, 0x00, 0x00, 0x00,
  0x00, 0x00, 0x00, 0x00, 0x00, 0xFF, 0x6F, 0x0E, 0xDF, 0x5F, 0x9B, 0xDF, 0x67, 0xF7, 0xFF, 0x8F,
  0xFF, 0xFF, 0x8F, 0xFF, 0xDF, 0x7F, 0xFF, 0x7E, 0x5F, 0xF6, 0x3E, 0x57, 0x4E, 0x00, 0x00, 0x00,
  0x00, 0x00, 0x00, 0x00, 0x00, 0x00, 0x00, 0x00, 0x00, 0xFF, 0x07, 0x01, 0x1E, 0x87, 0x19, 0x5F,
  0x8F, 0x7C, 0x7F, 0xA7, 0xD7, 0x7F, 0xB7, 0xFA, 0x7F, 0xAF, 0xFF, 0x1F, 0x9F, 0xFF, 0xBF, 0x86,
  0xFF, 0x5F, 0x76, 0xFF, 0x3F, 0x76, 0xFF, 0x1F, 0x7E, 0xFF, 0x1F, 0x7E, 0xFF, 0x1F, 0x86, 0xFF,
  0x3F, 0x96, 0xFF, 0x7F, 0xA6, 0xFF, 0x9F, 0xB6, 0xFD, 0xBF, 0xC6, 0xE4, 0x7F, 0xBE, 0x87, 0x1F,
  0xB6, 0x21, 0xFF, 0xFF, 0x01, 0xBD, 0x43, 0x0F, 0xBF, 0x22, 0xC7, 0xFF, 0x1A, 0xFF, 0x9F, 0x23,
  0xFF, 0xFF, 0x1B, 0xFF, 0x3F, 0x14, 0xFF, 0x7F, 0x1C, 0xFF, 0x9F, 0x1C, 0xFF, 0xBF, 0x24, 0xFF,
  0xBF, 0x2C, 0xFF, 0xBF, 0x3C, 0xD8, 0x9F, 0x54, 0x21, 0x00, 0x00, 0x00, 0x00, 0x00, 0x00, 0x00,
  0x00, 0x00, 0x00, 0x00, 0x00, 0x00, 0x00, 0x00, 0x00, 0x00, 0x00, 0x00, 0x00, 0x00, 0x00, 0x00,
  0x00, 0x00, 0x00, 0x00, 0x00, 0x00, 0x00, 0x00, 0x00, 0x00, 0x00, 0x00, 0x00, 0x00, 0x00, 0x00,
  0x00, 0x00, 0x00, 0x00, 0x00, 0x00, 0x00, 0x00, 0x00, 0x00, 0x00, 0x00, 0x00, 0x00, 0x00, 0x00,
  0x00, 0x00, 0x00, 0x00, 0x00, 0x00, 0x00, 0x00, 0x00, 0x00, 0x00, 0x00, 0x00, 0x00, 0x00, 0x00,
  0x00, 0x00, 0x00, 0x00, 0x00, 0x00, 0x00, 0x00, 0x00, 0x00, 0x00, 0x00, 0x00, 0x00, 0x00, 0x00,
  0x00, 0x00, 0x00, 0x00, 0x00, 0x00, 0x00, 0x00, 0x00, 0x00, 0x00, 0x00, 0x00, 0x00, 0x00, 0x00,
  0x00, 0x00, 0x00, 0x00, 0x00, 0x00, 0x00, 0x00, 0x00, 0x00, 0x00, 0x00, 0x00, 0x00, 0x00, 0x00,
  0x00, 0x00, 0x00, 0x00, 0x00, 0x00, 0x00, 0x00, 0x00, 0x00, 0x00, 0x00, 0x00, 0x00, 0x00, 0x00,
  0x00, 0x00, 0x00, 0x00, 0x00, 0x00, 0x00, 0x00, 0x00, 0x00, 0x00, 0x00, 0x00, 0x00, 0x00, 0x00,
  0x00, 0x00, 0x00, 0x00, 0x00, 0x00, 0x00, 0x00, 0x00, 0x00, 0x00, 0x00, 0x00, 0x00, 0x00, 0x00,
  0x00, 0x00, 0x00, 0x00, 0x00, 0x00, 0x00, 0x00, 0x00, 0x00, 0x00, 0x00, 0x00, 0x00, 0x00, 0x00,
  0x00, 0x00, 0x00, 0x00, 0x00, 0x00, 0x00, 0x00, 0x00, 0x00, 0x00, 0x00, 0x00, 0x00, 0x00, 0x00,
  0x00, 0x00, 0x00, 0x00, 0x00, 0x00, 0x00, 0x00, 0x00, 0x00, 0x00, 0x00, 0x00, 0x00, 0x00, 0x00,
  0x00, 0x00, 0x00, 0x00, 0x00, 0x00, 0x00, 0x00, 0x00, 0x00, 0x00, 0x00, 0x00, 0x00, 0x00, 0x00,
  0x00, 0x00, 0x00, 0x00, 0x00, 0x00, 0x00, 0x00, 0x00, 0x00, 0x00, 0x00, 0x00, 0x00, 0x00, 0x00,
  0x00, 0x00, 0x00, 0x00, 0x00, 0x00, 0x00, 0x00, 0x00, 0x00, 0x00, 0x00, 0x00, 0x00, 0x00, 0x00,
  0x00, 0x00, 0x00, 0x00, 0x00, 0x00, 0x00, 0x00, 0x00, 0x00, 0x00, 0x00, 0x00, 0x00, 0x00, 0x00,
  0x00, 0x00, 0x00, 0x00, 0x00, 0x00, 0x00, 0x00, 0x00, 0x00, 0x00, 0x00, 0x00, 0x00, 0x00, 0x00,
  0x00, 0x00, 0x00, 0x00, 0x00, 0x00, 0x00, 0x00, 0x00, 0x00, 0x00, 0x00, 0x00, 0x00, 0x00, 0x00,
  0x00, 0x00, 0x00, 0x00, 0x00, 0x00, 0x00, 0x00, 0x00, 0x00, 0x00, 0x00, 0x00, 0x00, 0x00, 0x00,
  0x00, 0x00, 0x00, 0x00, 0x00, 0x00, 0x00, 0x00, 0x00, 0x00, 0x00, 0x00, 0x00, 0x00, 0x00, 0x00,
  0x00, 0x00, 0x00, 0x00, 0x00, 0x00, 0x00, 0x00, 0x00, 0x00, 0x00, 0x00, 0x00, 0x00, 0x00, 0x00,
  0x00, 0x00, 0x00, 0x00, 0x00, 0x00, 0x00, 0x00, 0x00, 0x00, 0x00, 0x00, 0x00, 0x00, 0x00, 0x00,
  0x00, 0x00, 0x00, 0x00, 0x00, 0x00, 0x00, 0x00, 0x00, 0x00, 0x00, 0x00, 0x00, 0x00, 0x00, 0x00,
  0x00, 0x00, 0x7D, 0x5F, 0x10, 0xDF, 0x67, 0xBC, 0xFF, 0x97, 0xFE, 0xFF, 0xA7, 0xFF, 0xBF, 0x57,
  0xFF, 0x7F, 0x3F, 0xFF, 0x3E, 0x47, 0xFF, 0x3D, 0x77, 0xFF, 0xDD, 0x46, 0xC6, 0x5F, 0x55, 0x03,
  0x00, 0x00, 0x00, 0x00, 0x00, 0x00, 0x3F, 0x7F, 0x13, 0x1F, 0x77, 0x88, 0x7F, 0x9F, 0xEC, 0xBF,
  0xAF, 0xFF, 0x3F, 0x97, 0xFF, 0x3E, 0x6E, 0xFF, 0x7D, 0x5D, 0xFF, 0x9A, 0x4C, 0xFF, 0xD7, 0x3B,
  0xFF, 0x55, 0x3B, 0xFF, 0x14, 0x33, 0xFF, 0xF3, 0x32, 0xFF, 0x35, 0x3B, 0xFF, 0x97, 0x43, 0xFF,
  0x1B, 0x54, 0xFF, 0xDE, 0x6C, 0xFF, 0x3F, 0x75, 0xFF, 0xBF, 0x8D, 0xFF, 0x5F, 0xB6, 0xFF, 0x5F,
  0xBE, 0xF1, 0x3F, 0x9D, 0xA1, 0x7F, 0x7C, 0x24, 0x7D, 0x4A, 0x10, 0x5E, 0x32, 0x93, 0x9F, 0x1A,
  0xF8, 0x3F, 0x1B, 0xFF, 0xFF, 0x23, 0xFF, 0x3F, 0x1C, 0xFF, 0x7F, 0x1C, 0xFF, 0x7F, 0x1C, 0xFF,
  0x9F, 0x2C, 0xFF, 0x9F, 0x34, 0xFF, 0x3F, 0x34, 0xCE, 0x5D, 0x54, 0x0F, 0x00, 0x00, 0x00, 0x00,
  0x00, 0x00, 0x00, 0x00, 0x00, 0x00, 0x00, 0x00, 0x00, 0x00, 0x00, 0x00, 0x00, 0x00, 0x00, 0x00,
  0x00, 0x00, 0x00, 0x00, 0x00, 0x00, 0x00, 0x00, 0x00, 0x00, 0x00, 0x00, 0x00, 0x00, 0x00, 0x00,
  0x00, 0x00, 0x00, 0x00, 0x00, 0x00, 0x00, 0x00, 0x00, 0x00, 0x00, 0x00, 0x00, 0x00, 0x00, 0x00,
  0x00, 0x00, 0x00, 0x00, 0x00, 0x00, 0x00, 0x00, 0x00, 0x00, 0x00, 0x00, 0x00, 0x00, 0x00, 0x00,
  0x00, 0x00, 0x00, 0x00, 0x00, 0x00, 0x00, 0x00, 0x00, 0x00, 0x00, 0x00, 0x00, 0x00, 0x00, 0x00,
  0x00, 0x00, 0x00, 0x00, 0x00, 0x00, 0x00, 0x00, 0x00, 0x00, 0x00, 0x00, 0x00, 0x00, 0x00, 0x00,
  0x00, 0x00, 0x00, 0x00, 0x00, 0x00, 0x00, 0x00, 0x00, 0x00, 0x00, 0x00, 0x00, 0x00, 0x00, 0x00,
  0x00, 0x00, 0x00, 0x00, 0x00, 0x00, 0x00, 0x00, 0x00, 0x00, 0x00, 0x00, 0x00, 0x00, 0x00, 0x00,
  0x00, 0x00, 0x00, 0x00, 0x00, 0x00, 0x00, 0x00, 0x00, 0x00, 0x00, 0x00, 0x00, 0x00, 0x00, 0x00,
  0x00, 0x00, 0x00, 0x00, 0x00, 0x00, 0x00, 0x00, 0x00, 0x00, 0x00, 0x00, 0x00, 0x00, 0x00, 0x00,
  0x00, 0x00, 0x00, 0x00, 0x00, 0x00, 0x00, 0x00, 0x00, 0x00, 0x00, 0x00, 0x00, 0x00, 0x00, 0x00,
  0x00, 0x00, 0x00, 0x00, 0x00, 0x00, 0x00, 0x00, 0x00, 0x00, 0x00, 0x00, 0x00, 0x00, 0x00, 0x00,
  0x00, 0x00, 0x00, 0x00, 0x00, 0x00, 0x00, 0x00, 0x00, 0x00, 0x00, 0x00, 0x00, 0x00, 0x00, 0x00,
  0x00, 0x00, 0x00, 0x00, 0x00, 0x00, 0x00, 0x00, 0x00, 0x00, 0x00, 0x00, 0x00, 0x00, 0x00, 0x00,
  0x00, 0x00, 0x00, 0x00, 0x00, 0x00, 0x00, 0x00, 0x00, 0x00, 0x00, 0x00, 0x00, 0x00, 0x00, 0x00,
  0x00, 0x00, 0x00, 0x00, 0x00, 0x00, 0x00, 0x00, 0x00, 0x00, 0x00, 0x00, 0x00, 0x00, 0x00, 0x00,
  0x00, 0x00, 0x00, 0x00, 0x00, 0x00, 0x00, 0x00, 0x00, 0x00, 0x00, 0x00, 0x00, 0x00, 0x00, 0x00,
  0x00, 0x00, 0x00, 0x00, 0x00, 0x00, 0x00, 0x00, 0x00, 0x00, 0x00, 0x00, 0x00, 0x00, 0x00, 0x00,
  0x00, 0x00, 0x00, 0x00, 0x00, 0x00, 0x00, 0x00, 0x00, 0x00, 0x00, 0x00, 0x00, 0x00, 0x00, 0x00,
  0x00, 0x00, 0x00, 0x00, 0x00, 0x00, 0x00, 0x00, 0x00, 0x00, 0x00, 0x00, 0x00, 0x00, 0x00, 0x00,
  0x00, 0x00, 0x00, 0x00, 0x00, 0x00, 0x00, 0x00, 0x00, 0x00, 0x00, 0x00, 0x00, 0x00, 0x00, 0x00,
  0x00, 0x00, 0x00, 0x00, 0x00, 0x00, 0x00, 0x00, 0x00, 0x00, 0x00, 0x00, 0x00, 0x00, 0x00, 0x00,
  0x00, 0x00, 0x00, 0x00, 0x00, 0x00, 0x00, 0x00, 0x00, 0x00, 0x00, 0x00, 0x00, 0x00, 0x00, 0x00,
  0x00, 0x00, 0x00, 0x00, 0x00, 0x00, 0x00, 0x00, 0x00, 0x00, 0x00, 0x00, 0x00, 0x00, 0x00, 0xFF,
  0x57, 0x03, 0xBF, 0x5F, 0xA1, 0xDF, 0x8F, 0xFF, 0xFF, 0xAF, 0xFF, 0xDF, 0x6F, 0xFF, 0x7E, 0x37,
  0xFF, 0xFD, 0x2E, 0xFF, 0x7B, 0x2E, 0xFF, 0x5C, 0x2E, 0xFF, 0x5C, 0x2E, 0xC2, 0x55, 0x55, 0x03,
  0x5F, 0x55, 0x03, 0x5F, 0x87, 0x46, 0x5F, 0x87, 0xDB, 0x7F, 0x97, 0xFF, 0x1F, 0x97, 0xFF, 0xBD,
  0x65, 0xFF, 0x18, 0x3C, 0xFF, 0x6F, 0x22, 0xFF, 0x0B, 0x32, 0xFF, 0x4A, 0x42, 0xFF, 0x4A, 0x42,
  0xFF, 0x49, 0x4A, 0xFF, 0x29, 0x42, 0xFF, 0x28, 0x42, 0xFF, 0x69, 0x4A, 0xFF, 0x8B, 0x52, 0xFF,
  0x6B, 0x4A, 0xFF, 0x6D, 0x42, 0xFF, 0xD3, 0x3A, 0xFF, 0xBA, 0x53, 0xFF, 0x9E, 0x6C, 0xFF, 0x1F,
  0x7D, 0xFF, 0x5F, 0x9D, 0xFF, 0xFF, 0x94, 0xED, 0xBF, 0x94, 0x63, 0xFF, 0x7B, 0x06, 0x7D, 0x3A,
  0x49, 0x3F, 0x22, 0xE5, 0x1F, 0x23, 0xFF, 0xDF, 0x23, 0xFF, 0x1F, 0x14, 0xFF, 0x5F, 0x1C, 0xFF,
  0x5F, 0x1C, 0xFF, 0xDF, 0x54, 0xFF, 0x9F, 0x4C, 0xFE, 0x5F, 0x44, 0x84, 0xFF, 0x07, 0x01, 0x00,
  0x00, 0x00, 0x00, 0x00, 0x00, 0x00, 0x00, 0x00, 0x00, 0x00, 0x00, 0x00, 0x00, 0x00, 0x00, 0x00,
  0x00, 0x00, 0x00, 0x00, 0x00, 0x00, 0x00, 0x00, 0x00, 0x00, 0x00, 0x00, 0x00, 0x00, 0x00, 0x00,
  0x00, 0x00, 0x00, 0x00, 0x00, 0x00, 0x00, 0x00, 0x00, 0x00, 0x00, 0x00, 0x00, 0x00, 0x00, 0x00,
  0x00, 0x00, 0x00, 0x00, 0x00, 0x00, 0x00, 0x00, 0x00, 0x00, 0x00, 0x00, 0x00, 0x00, 0x00, 0x00,
  0x00, 0x00, 0x00, 0x00, 0x00, 0x00, 0x00, 0x00, 0x00, 0x00, 0x00, 0x00, 0x00, 0x00, 0x00, 0x00,
  0x00, 0x00, 0x00, 0x00, 0x00, 0x00, 0x00, 0x00, 0x00, 0x00, 0x00, 0x00, 0x00, 0x00, 0x00, 0x00,
  0x00, 0x00, 0x00, 0x00, 0x00, 0x00, 0x00, 0x00, 0x00, 0x00, 0x00, 0x00, 0x00, 0x00, 0x00, 0x00,
  0x00, 0x00, 0x00, 0x00, 0x00, 0x00, 0x00, 0x00, 0x00, 0x00, 0x00, 0x00, 0x00, 0x00, 0x00, 0x00,
  0x00, 0x00, 0x00, 0x00, 0x00, 0x00, 0x00, 0x00, 0x00, 0x00, 0x00, 0x00, 0x00, 0x00, 0x00, 0x00,
  0x00, 0x00, 0x00, 0x00, 0x00, 0x00, 0x00, 0x00, 0x00, 0x00, 0x00, 0x00, 0x00, 0x00, 0x00, 0x00,
  0x00, 0x00, 0x00, 0x00, 0x00, 0x00, 0x00, 0x00, 0x00, 0x00, 0x00, 0x00, 0x00, 0x00, 0x00, 0x00,
  0x00, 0x00, 0x00, 0x00, 0x00, 0x00, 0x00, 0x00, 0x00, 0x00, 0x00, 0x00, 0x00, 0x00, 0x00, 0x00,
  0x00, 0x00, 0x00, 0x00, 0x00, 0x00, 0x00, 0x00, 0x00, 0x00, 0x00, 0x00, 0x00, 0x00, 0x00, 0x00,
  0x00, 0x00, 0x00, 0x00, 0x00, 0x00, 0x00, 0x00, 0x00, 0x00, 0x00, 0x00, 0x00, 0x00, 0x00, 0x00,
  0x00, 0x00, 0x00, 0x00, 0x00, 0x00, 0x00, 0x00, 0x00, 0x00, 0x00, 0x00, 0x00, 0x00, 0x00, 0x00,
  0x00, 0x00, 0x00, 0x00, 0x00, 0x00, 0x00, 0x00, 0x00, 0x00, 0x00, 0x00, 0x00, 0x00, 0x00, 0x00,
  0x00, 0x00, 0x00, 0x00, 0x00, 0x00, 0x00, 0x00, 0x00, 0x00, 0x00, 0x00, 0x00, 0x00, 0x00, 0x00,
  0x00, 0x00, 0x00, 0x00, 0x00, 0x00, 0x00, 0x00, 0x00, 0x00, 0x00, 0x00, 0x00, 0x00, 0x00, 0x00,
  0x00, 0x00, 0x00, 0x00, 0x00, 0x00, 0x00, 0x00, 0x00, 0x00, 0x00, 0x00, 0x00, 0x00, 0x00, 0x00,
  0x00, 0x00, 0x00, 0x00, 0x00, 0x00, 0x00, 0x00, 0x00, 0x00, 0x00, 0x00, 0x00, 0x00, 0x00, 0x00,
  0x00, 0x00, 0x00, 0x00, 0x00, 0x00, 0x00, 0x00, 0x00, 0x00, 0x00, 0x00, 0x00, 0x00, 0x00, 0x00,
  0x00, 0x00, 0x00, 0x00, 0x00, 0x00, 0x00, 0x00, 0x00, 0x00, 0x00, 0x00, 0x00, 0x00, 0x00, 0x00,
  0x00, 0x00, 0x00, 0x00, 0x00, 0x00, 0x00, 0x00, 0x00, 0x00, 0x00, 0x00, 0x00, 0x00, 0x00, 0x00,
  0x00, 0x00, 0x00, 0x00, 0x00, 0x00, 0x00, 0x00, 0x00, 0x00, 0x00, 0x00, 0x00, 0x00, 0x00, 0x9E,
  0x57, 0x41, 0xDF, 0x6F, 0xFA, 0xFF, 0xAF, 0xFF, 0xDF, 0x6F, 0xFF, 0x7E, 0x37, 0xFF, 0xFD, 0x2E,
  0xFF, 0x9B, 0x26, 0xFF, 0x3C, 0x16, 0xFF, 0xDC, 0x15, 0xF5, 0x1C, 0x2E, 0x47, 0x1C, 0x77, 0x09,
  0x5F, 0x6F, 0x8B, 0x7F, 0x87, 0xF9, 0x9F, 0xAF, 0xFF, 0x3E, 0x76, 0xFF, 0xD6, 0x33, 0xFF, 0xCB,
  0x19, 0xFF, 0x6B, 0x42, 0xFF, 0x2C, 0x63, 0xFF, 0xAB, 0x52, 0xFF, 0x45, 0x29, 0xFF, 0x61, 0x08,
  0xFF, 0x41, 0x08, 0xFF, 0x41, 0x08, 0xFF, 0x41, 0x08, 0xFF, 0x41, 0x08, 0xFF, 0x61, 0x08, 0xFF,
  0x61, 0x08, 0xFF, 0xE3, 0x18, 0xFF, 0xE8, 0x39, 0xFF, 0x4A, 0x4A, 0xFF, 0x0E, 0x3A, 0xFF, 0x38,
  0x4B, 0xFF, 0x7E, 0x74, 0xFF, 0xDF, 0x8C, 0xFF, 0x1F, 0x9D, 0xFB, 0x5F, 0x8C, 0xA6, 0xDE, 0x7B,
  0x11, 0x9D, 0x42, 0x25, 0x5E, 0x22, 0xD5, 0x1F, 0x1B, 0xFF, 0xDF, 0x23, 0xFF, 0x1F, 0x1C, 0xFF,
  0x3F, 0x1C, 0xFF, 0x5F, 0x24, 0xFF, 0xDF, 0x6C, 0xFF, 0x3F, 0x4C, 0xF2, 0xFF, 0x4B, 0x26, 0x00,
  0x00, 0x00, 0x00, 0x00, 0x00, 0x00, 0x00, 0x00, 0x00, 0x00, 0x00, 0x00, 0x00, 0x00, 0x00, 0x00,
  0x00, 0x00, 0x00, 0x00, 0x00, 0x00, 0x00, 0x00, 0x00, 0x00, 0x00, 0x00, 0x00, 0x00, 0x00, 0x00,
  0x00, 0x00, 0x00, 0x00, 0x00, 0x00, 0x00, 0x00, 0x00, 0x00, 0x00, 0x00, 0x00, 0x00, 0x00, 0x00,
  0x00, 0x00, 0x00, 0x00, 0x00, 0x00, 0x00, 0x00, 0x00, 0x00, 0x00, 0x00, 0x00, 0x00, 0x00, 0x00,
  0x00, 0x00, 0x00, 0x00, 0x00, 0x00, 0x00, 0x00, 0x00, 0x00, 0x00, 0x00, 0x00, 0x00, 0x00, 0x00,
  0x00, 0x00, 0x00, 0x00, 0x00, 0x00, 0x00, 0x00, 0x00, 0x00, 0x00, 0x00, 0x00, 0x00, 0x00, 0x00,
  0x00, 0x00, 0x00, 0x00, 0x00, 0x00, 0x00, 0x00, 0x00, 0x00, 0x00, 0x00, 0x00, 0x00, 0x00, 0x00,
  0x00, 0x00, 0x00, 0x00, 0x00, 0x00, 0x00, 0x00, 0x00, 0x00, 0x00, 0x00, 0x00, 0x00, 0x00, 0x00,
  0x00, 0x00, 0x00, 0x00, 0x00, 0x00, 0x00, 0x00, 0x00, 0x00, 0x00, 0x00, 0x00, 0x00, 0x00, 0x00,
  0x00, 0x00, 0x00, 0x00, 0x00, 0x00, 0x00, 0x00, 0x00, 0x00, 0x00, 0x00, 0x00, 0x00, 0x00, 0x00,
  0x00, 0x00, 0x00, 0x00, 0x00, 0x00, 0x00, 0x00, 0x00, 0x00, 0x00, 0x00, 0x00, 0x00, 0x00, 0x00,
  0x00, 0x00, 0x00, 0x00, 0x00, 0x00, 0x00, 0x00, 0x00, 0x00, 0x00, 0x00, 0x00, 0x00, 0x00, 0x00,
  0x00, 0x00, 0x00, 0x00, 0x00, 0x00, 0x00, 0x00, 0x00, 0x00, 0x00, 0x00, 0x00, 0x00, 0x00, 0x00,
  0x00, 0x00, 0x00, 0x00, 0x00, 0x00, 0x00, 0x00, 0x00, 0x00, 0x00, 0x00, 0x00, 0x00, 0x00, 0x00,
  0x00, 0x00, 0x00, 0x00, 0x00, 0x00, 0x00, 0x00, 0x00, 0x00, 0x00, 0x00, 0x00, 0x00, 0x00, 0x00,
  0x00, 0x00, 0x00, 0x00, 0x00, 0x00, 0x00, 0x00, 0x00, 0x00, 0x00, 0x00, 0x00, 0x00, 0x00, 0x00,
  0x00, 0x00, 0x00, 0x00, 0x00, 0x00, 0x00, 0x00, 0x00, 0x00, 0x00, 0x00, 0x00, 0x00, 0x00, 0x00,
  0x00, 0x00, 0x00, 0x00, 0x00, 0x00, 0x00, 0x00, 0x00, 0x00, 0x00, 0x00, 0x00, 0x00, 0x00, 0x00,
  0x00, 0x00, 0x00, 0x00, 0x00, 0x00, 0x00, 0x00, 0x00, 0x00, 0x00, 0x00, 0x00, 0x00, 0x00, 0x00,
  0x00, 0x00, 0x00, 0x00, 0x00, 0x00, 0x00, 0x00, 0x00, 0x00, 0x00, 0x00, 0x00, 0x00, 0x00, 0x00,
  0x00, 0x00, 0x00, 0x00, 0x00, 0x00, 0x00, 0x00, 0x00, 0x00, 0x00, 0x00, 0x00, 0x00, 0x00, 0x00,
  0x00, 0x00, 0x00, 0x00, 0x00, 0x00, 0x00, 0x00, 0x00, 0x00, 0x00, 0x00, 0x00, 0x00, 0x00, 0x00,
  0x00, 0x00, 0x00, 0x00, 0x00, 0x00, 0x00, 0x00, 0x00, 0x00, 0x00, 0x00, 0x00, 0x00, 0x00, 0x00,
  0x00, 0x00, 0x00, 0x00, 0x00, 0x00, 0x00, 0x00, 0x00, 0x00, 0x00, 0x00, 0xFF, 0xFF, 0x01, 0xDF,
  0x4F, 0xAD, 0xDF, 0x97, 0xFF, 0xFF, 0x97, 0xFF, 0xBF, 0x3F, 0xFF, 0x1D, 0x2F, 0xFF, 0x9B, 0x26,
  0xFF, 0x3B, 0x16, 0xFF, 0xDC, 0x15, 0xF5, 0xDC, 0x25, 0x54, 0xDF, 0x6E, 0x0E, 0x7F, 0x6F, 0xA7,
  0x9F, 0x9F, 0xFE, 0x1F, 0x8F, 0xFF, 0xDA, 0x44, 0xFF, 0x6F, 0x22, 0xFF, 0x8C, 0x42, 0xFF, 0xAF,
  0x73, 0xFF, 0xEC, 0x5A, 0xFF, 0x04, 0x19, 0xFF, 0x20, 0x00, 0xFF, 0x00, 0x00, 0xFF, 0x20, 0x00,
  0xFF, 0x20, 0x00, 0xFF, 0x00, 0x00, 0xFF, 0x00, 0x00, 0xFF, 0x00, 0x00, 0xFF, 0x20, 0x00, 0xFF,
  0x20, 0x00, 0xFF, 0x20, 0x00, 0xFF, 0x20, 0x00, 0xFF, 0x41, 0x08, 0xFF, 0x04, 0x21, 0xFF, 0xE9,
  0x39, 0xFF, 0x71, 0x42, 0xFF, 0x1D, 0x6C, 0xFF, 0x9F, 0x8C, 0xFF, 0x9F, 0x8C, 0xFF, 0x5F, 0x8C,
  0xC3, 0x5E, 0x8C, 0x18, 0xBD, 0x42, 0x1E, 0x7E, 0x22, 0xD6, 0x3F, 0x23, 0xFF, 0xFF, 0x1B, 0xFF,
  0x1F, 0x14, 0xFF, 0x1F, 0x1C, 0xFF, 0x5F, 0x44, 0xFF, 0xBF, 0x6C, 0xFF, 0xFF, 0x3B, 0x91, 0x00,
  0x00, 0x00, 0x00, 0x00, 0x00, 0x00, 0x00, 0x00, 0x00, 0x00, 0x00, 0x00, 0x00, 0x00, 0x00, 0x00,
  0x00, 0x00, 0x00, 0x00, 0x00, 0x00, 0x00, 0x00, 0x00, 0x00, 0x00, 0x00, 0x00, 0x00, 0x00, 0x00,
  0x00, 0x00, 0x00, 0x00, 0x00, 0x00, 0x00, 0x00, 0x00, 0x00, 0x00, 0x00, 0x00, 0x00, 0x00, 0x00,
  0x00, 0x00, 0x00, 0x00, 0x00, 0x00, 0x00, 0x00, 0x00, 0x00, 0x00, 0x00, 0x00, 0x00, 0x00, 0x00,
  0x00, 0x00, 0x00, 0x00, 0x00, 0x00, 0x00, 0x00, 0x00, 0x00, 0x00, 0x00, 0x00, 0x00, 0x00, 0x00,
  0x00, 0x00, 0x00, 0x00, 0x00, 0x00, 0x00, 0x00, 0x00, 0x00, 0x00, 0x00, 0x00, 0x00, 0x00, 0x00,
  0x00, 0x00, 0x00, 0x00, 0x00, 0x00, 0x00, 0x00, 0x00, 0x00, 0x00, 0x00, 0x00, 0x00, 0x00, 0x00,
  0x00, 0x00, 0x00, 0x00, 0x00, 0x00, 0x00, 0x00, 0x00, 0x00, 0x00, 0x00, 0x00, 0x00, 0x00, 0x00,
  0x00, 0x00, 0x00, 0x00, 0x00, 0x00, 0x00, 0x00, 0x00, 0x00, 0x00, 0x00, 0x00, 0x00, 0x00, 0x00,
  0x00, 0x00, 0x00, 0x00, 0x00, 0x00, 0x00, 0x00, 0x00, 0x00, 0x00, 0x00, 0x00, 0x00, 0x00, 0x00,
  0x00, 0x00, 0x00, 0x00, 0x00, 0x00, 0x00, 0x00, 0x00, 0x00, 0x00, 0x00, 0x00, 0x00, 0x00, 0x00,
  0x00, 0x00, 0x00, 0x00, 0x00, 0x00, 0x00, 0x00, 0x00, 0x00, 0x00, 0x00, 0x00, 0x00, 0x00, 0x00,
  0x00, 0x00, 0x00, 0x00, 0x00, 0x00, 0x00, 0x00, 0x00, 0x00, 0x00, 0x00, 0x00, 0x00, 0x00, 0x00,
  0x00, 0x00, 0x00, 0x00, 0x00, 0x00, 0x00, 0x00, 0x00, 0x00, 0x00, 0x00, 0x00, 0x00, 0x00, 0x00,
  0x00, 0x00, 0x00, 0x00, 0x00, 0x00, 0x00, 0x00, 0x00, 0x00, 0x00, 0x00, 0x00, 0x00, 0x00, 0x00,
  0x00, 0x00, 0x00, 0x00, 0x00, 0x00, 0x00, 0x00, 0x00, 0x00, 0x00, 0x00, 0x00, 0x00, 0x00, 0x00,
  0x00, 0x00, 0x00, 0x00, 0x00, 0x00, 0x00, 0x00, 0x00, 0x00, 0x00, 0x00, 0x00, 0x00, 0x00, 0x00,
  0x00, 0x00, 0x00, 0x00, 0x00, 0x00, 0x00, 0x00, 0x00, 0x00, 0x00, 0x00, 0x00, 0x00, 0x00, 0x00,
  0x00, 0x00, 0x00, 0x00, 0x00, 0x00, 0x00, 0x00, 0x00, 0x00, 0x00, 0x00, 0x00, 0x00, 0x00, 0x00,
  0x00, 0x00, 0x00, 0x00, 0x00, 0x00, 0x00, 0x00, 0x00, 0x00, 0x00, 0x00, 0x00, 0x00, 0x00, 0x00,
  0x00, 0x00, 0x00, 0x00, 0x00, 0x00, 0x00, 0x00, 0x00, 0x00, 0x00, 0x00, 0x00, 0x00, 0x00, 0x00,
  0x00, 0x00, 0x00, 0x00, 0x00, 0x00, 0x00, 0x00, 0x00, 0x00, 0x00, 0x00, 0x00, 0x00, 0x00, 0x00,
  0x00, 0x00, 0x00, 0x00, 0x00, 0x00, 0x00, 0x00, 0x00, 0x00, 0x00, 0x00, 0x00, 0x00, 0x00, 0x00,
  0x00, 0x00, 0x00, 0x00, 0x00, 0x00, 0x00, 0x00, 0x00, 0x00, 0x00, 0x00, 0x5D, 0x4F, 0x0D, 0xDF,
  0x47, 0xE9, 0xFF, 0x9F, 0xFF, 0xDF, 0x67, 0xFF, 0x5E, 0x2F, 0xFF, 0xBC, 0x26, 0xFF, 0x5B, 0x1E,
  0xFF, 0xBC, 0x0D, 0xF9, 0x7B, 0x1D, 0x5D, 0xBD, 0x66, 0x0D, 0x5F, 0x67, 0xB6, 0xBF, 0xA7, 0xFE,
  0xFF, 0x96, 0xFF, 0x58, 0x44, 0xFF, 0xEB, 0x21, 0xFF, 0x4E, 0x63, 0xFF, 0x4D, 0x6B, 0xFF, 0x45,
  0x29, 0xFF, 0x20, 0x00, 0xFF, 0x00, 0x00, 0xFF, 0x00, 0x00, 0xFF, 0x00, 0x00, 0xFF, 0x00, 0x00,
  0xFF, 0x00, 0x00, 0xFF, 0x00, 0x00, 0xFF, 0x00, 0x00, 0xFF, 0x00, 0x00, 0xFF, 0x00, 0x00, 0xFF,
  0x00, 0x00, 0xFF, 0x00, 0x00, 0xFF, 0x00, 0x00, 0xFF, 0x00, 0x00, 0xFF, 0x20, 0x00, 0xFF, 0x41,
  0x08, 0xFF, 0xC3, 0x18, 0xFF, 0x09, 0x19, 0xFF, 0x19, 0x53, 0xFF, 0x3F, 0x84, 0xFF, 0x9F, 0x94,
  0xFF, 0xFF, 0x83, 0xCF, 0x5D, 0x73, 0x1A, 0xBE, 0x42, 0x27, 0x5F, 0x22, 0xE8, 0x5F, 0x1B, 0xFF,
  0xFF, 0x1B, 0xFF, 0x1F, 0x1C, 0xFF, 0x1F, 0x24, 0xFF, 0xDF, 0x7C, 0xFF, 0xFF, 0x43, 0xDE, 0x9C,
  0x53, 0x09, 0x00, 0x00, 0x00, 0x00, 0x00, 0x00, 0x00, 0x00, 0x00, 0x00, 0x00, 0x00, 0x00, 0x00,
  0x00, 0x00, 0x00, 0x00, 0x00, 0x00, 0x00, 0x00, 0x00, 0x00, 0x00, 0x00, 0x00, 0x00, 0x00, 0x00,
  0x00, 0x00, 0x00, 0x00, 0x00, 0x00, 0x00, 0x00, 0x00, 0x00, 0x00, 0x00, 0x00, 0x00, 0x00, 0x00,
  0x00, 0x00, 0x00, 0x00, 0x00, 0x00, 0x00, 0x00, 0x00, 0x00, 0x00, 0x00, 0x00, 0x00, 0x00, 0x00,
  0x00, 0x00, 0x00, 0x00, 0x00, 0x00, 0x00, 0x00, 0x00, 0x00, 0x00, 0x00, 0x00, 0x00, 0x00, 0x00,
  0x00, 0x00, 0x00, 0x00, 0x00, 0x00, 0x00, 0x00, 0x00, 0x00, 0x00, 0x00, 0x00, 0x00, 0x00, 0x00,
  0x00, 0x00, 0x00, 0x00, 0x00, 0x00, 0x00, 0x00, 0x00, 0x00, 0x00, 0x00, 0x00, 0x00, 0x00, 0x00,
  0x00, 0x00, 0x00, 0x00, 0x00, 0x00, 0x00, 0x00, 0x00, 0x00, 0x00, 0x00, 0x00, 0x00, 0x00, 0x00,
  0x00, 0x00, 0x00, 0x00, 0x00, 0x00, 0x00, 0x00, 0x00, 0x00, 0x00, 0x00, 0x00, 0x00, 0x00, 0x00,
  0x00, 0x00, 0x00, 0x00, 0x00, 0x00, 0x00, 0x00, 0x00, 0x00, 0x00, 0x00, 0x00, 0x00, 0x00, 0x00,
  0x00, 0x00, 0x00, 0x00, 0x00, 0x00, 0x00, 0x00, 0x00, 0x00, 0x00, 0x00, 0x00, 0x00, 0x00, 0x00,
  0x00, 0x00, 0x00, 0x00, 0x00, 0x00, 0x00, 0x00, 0x00, 0x00, 0x00, 0x00, 0x00, 0x00, 0x00, 0x00,
  0x00, 0x00, 0x00, 0x00, 0x00, 0x00, 0x00, 0x00, 0x00, 0x00, 0x00, 0x00, 0x00, 0x00, 0x00, 0x00,
  0x00, 0x00, 0x00, 0x00, 0x00, 0x00, 0x00, 0x00, 0x00, 0x00, 0x00, 0x00, 0x00, 0x00, 0x00, 0x00,
  0x00, 0x00, 0x00, 0x00, 0x00, 0x00, 0x00, 0x00, 0x00, 0x00, 0x00, 0x00, 0x00, 0x00, 0x00, 0x00,
  0x00, 0x00, 0x00, 0x00, 0x00, 0x00, 0x00, 0x00, 0x00, 0x00, 0x00, 0x00, 0x00, 0x00, 0x00, 0x00,
  0x00, 0x00, 0x00, 0x00, 0x00, 0x00, 0x00, 0x00, 0x00, 0x00, 0x00, 0x00, 0x00, 0x00, 0x00, 0x00,
  0x00, 0x00, 0x00, 0x00, 0x00, 0x00, 0x00, 0x00, 0x00, 0x00, 0x00, 0x00, 0x00, 0x00, 0x00, 0x00,
  0x00, 0x00, 0x00, 0x00, 0x00, 0x00, 0x00, 0x00, 0x00, 0x00, 0x00, 0x00, 0x00, 0x00, 0x00, 0x00,
  0x00, 0x00, 0x00, 0x00, 0x00, 0x00, 0x00, 0x00, 0x00, 0x00, 0x00, 0x00, 0x00, 0x00, 0x00, 0x00,
  0x00, 0x00, 0x00, 0x00, 0x00, 0x00, 0x00, 0x00, 0x00, 0x00, 0x00, 0x00, 0x00, 0x00, 0x00, 0x00,
  0x00, 0x00, 0x00, 0x00, 0x00, 0x00, 0x00, 0x00, 0x00, 0x00, 0x00, 0x00, 0x00, 0x00, 0x00, 0x00,
  0x00, 0x00, 0x00, 0x00, 0x00, 0x00, 0x00, 0x00, 0x00, 0x00, 0x00, 0x00, 0x00, 0x00, 0x00, 0x00,
  0x00, 0x00, 0x00, 0x00, 0x00, 0x00, 0x00, 0x00, 0x00, 0x00, 0x00, 0x00, 0x9E, 0x5F, 0x17, 0xDF,
  0x4F, 0xF4, 0xDF, 0x7F, 0xFF, 0x7F, 0x2F, 0xFF, 0xDC, 0x26, 0xFF, 0x5B, 0x1E, 0xFF, 0xDC, 0x0D,
  0xFE, 0x9C, 0x1D, 0x89, 0xBF, 0x56, 0x06, 0x3F, 0x67, 0x9E, 0xBF, 0x9F, 0xFE, 0xDE, 0x86, 0xFF,
  0xF6, 0x3B, 0xFF, 0x4B, 0x32, 0xFF, 0xAF, 0x73, 0xFF, 0x6A, 0x4A, 0xFF, 0x61, 0x08, 0xFF, 0x00,
  0x00, 0xFF, 0x00, 0x00, 0xFF, 0x00, 0x00, 0xFF, 0x00, 0x00, 0xFF, 0x00, 0x00, 0xFF, 0x00, 0x00,
  0xFF, 0x00, 0x00, 0xFF, 0x00, 0x00, 0xFF, 0x00, 0x00, 0xFF, 0x00, 0x00, 0xFF, 0x00, 0x00, 0xFF,
  0x00, 0x00, 0xFF, 0x00, 0x00, 0xFF, 0x00, 0x00, 0xFF, 0x00, 0x00, 0xFF, 0x00, 0x00, 0xFF, 0x00,
  0x00, 0xFF, 0x20, 0x00, 0xFF, 0x20, 0x00, 0xFF, 0xC6, 0x10, 0xFF, 0xF9, 0x52, 0xFF, 0x5F, 0x8C,
  0xFF, 0x5F, 0x94, 0xFF, 0xBE, 0x83, 0xBE, 0x9C, 0x8B, 0x0B, 0x5D, 0x3A, 0x51, 0x9F, 0x22, 0xFA,
  0xBF, 0x23, 0xFF, 0xFF, 0x1B, 0xFF, 0xBF, 0x13, 0xFF, 0x3F, 0x5C, 0xFF, 0xBF, 0x43, 0xF7, 0xBD,
  0x43, 0x1E, 0x00, 0x00, 0x00, 0x00, 0x00, 0x00, 0x00, 0x00, 0x00, 0x00, 0x00, 0x00, 0x00, 0x00,
  0x00, 0x00, 0x00, 0x00, 0x00, 0x00, 0x00, 0x00, 0x00, 0x00, 0x00, 0x00, 0x00, 0x00, 0x00, 0x00,
  0x00, 0x00, 0x00, 0x00, 0x00, 0x00, 0x00, 0x00, 0x00, 0x00, 0x00, 0x00, 0x00, 0x00, 0x00, 0x00,
  0x00, 0x00, 0x00, 0x00, 0x00, 0x00, 0x00, 0x00, 0x00, 0x00, 0x00, 0x00, 0x00, 0x00, 0x00, 0x00,
  0x00, 0x00, 0x00, 0x00, 0x00, 0x00, 0x00, 0x00, 0x00, 0x00, 0x00, 0x00, 0x00, 0x00, 0x00, 0x00,
  0x00, 0x00, 0x00, 0x00, 0x00, 0x00, 0x00, 0x00, 0x00, 0x00, 0x00, 0x00, 0x00, 0x00, 0x00, 0x00,
  0x00, 0x00, 0x00, 0x00, 0x00, 0x00, 0x00, 0x00, 0x00, 0x00, 0x00, 0x00, 0x00, 0x00, 0x00, 0x00,
  0x00, 0x00, 0x00, 0x00, 0x00, 0x00, 0x00, 0x00, 0x00, 0x00, 0x00, 0x00, 0x00, 0x00, 0x00, 0x00,
  0x00, 0x00, 0x00, 0x00, 0x00, 0x00, 0x00, 0x00, 0x00, 0x00, 0x00, 0x00, 0x00, 0x00, 0x00, 0x00,
  0x00, 0x00, 0x00, 0x00, 0x00, 0x00, 0x00, 0x00, 0x00, 0x00, 0x00, 0x00, 0x00, 0x00, 0x00, 0x00,
  0x00, 0x00, 0x00, 0x00, 0x00, 0x00, 0x00, 0x00, 0x00, 0x00, 0x00, 0x00, 0x00, 0x00, 0x00, 0x00,
  0x00, 0x00, 0x00, 0x00, 0x00, 0x00, 0x00, 0x00, 0x00, 0x00, 0x00, 0x00, 0x00, 0x00, 0x00, 0x00,
  0x00, 0x00, 0x00, 0x00, 0x00, 0x00, 0x00, 0x00, 0x00, 0x00, 0x00, 0x00, 0x00, 0x00, 0x00, 0x00,
  0x00, 0x00, 0x00, 0x00, 0x00, 0x00, 0x00, 0x00, 0x00, 0x00, 0x00, 0x00, 0x00, 0x00, 0x00, 0x00,
  0x00, 0x00, 0x00, 0x00, 0x00, 0x00, 0x00, 0x00, 0x00, 0x00, 0x00, 0x00, 0x00, 0x00, 0x00, 0x00,
  0x00, 0x00, 0x00, 0x00, 0x00, 0x00, 0x00, 0x00, 0x00, 0x00, 0x00, 0x00, 0x00, 0x00, 0x00, 0x00,
  0x00, 0x00, 0x00, 0x00, 0x00, 0x00, 0x00, 0x00, 0x00, 0x00, 0x00, 0x00, 0x00, 0x00, 0x00, 0x00,
  0x00, 0x00, 0x00, 0x00, 0x00, 0x00, 0x00, 0x00, 0x00, 0x00, 0x00, 0x00, 0x00, 0x00, 0x00, 0x00,
  0x00, 0x00, 0x00, 0x00, 0x00, 0x00, 0x00, 0x00, 0x00, 0x00, 0x00, 0x00, 0x00, 0x00, 0x00, 0x00,
  0x00, 0x00, 0x00, 0x00, 0x00, 0x00, 0x00, 0x00, 0x00, 0x00, 0x00, 0x00, 0x00, 0x00, 0x00, 0x00,
  0x00, 0x00, 0x00, 0x00, 0x00, 0x00, 0x00, 0x00, 0x00, 0x00, 0x00, 0x00, 0x00, 0x00, 0x00, 0x00,
  0x00, 0x00, 0x00, 0x00, 0x00, 0x00, 0x00, 0x00, 0x00, 0x00, 0x00, 0x00, 0x00, 0x00, 0x00, 0x00,
  0x00, 0x00, 0x00, 0x00, 0x00, 0x00, 0x00, 0x00, 0x00, 0x00, 0x00, 0x00, 0x00, 0x00, 0x00, 0x00,
  0x00, 0x00, 0x00, 0x00, 0x00, 0x00, 0x00, 0x00, 0x00, 0x00, 0x00, 0x00, 0xFF, 0x4F, 0x0A, 0x9F,
  0x37, 0xE2, 0x9F, 0x37, 0xFF, 0x3E, 0x2F, 0xFF, 0x9B, 0x26, 0xFF, 0x1C, 0x16, 0xFF, 0x9C, 0x0D,
  0xD1, 0x9A, 0x25, 0x0D, 0xFF, 0x5E, 0x6B, 0x7F, 0x8F, 0xFC, 0x1F, 0x97, 0xFF, 0x58, 0x44, 0xFF,
  0x8C, 0x3A, 0xFF, 0xAE, 0x73, 0xFF, 0x08, 0x42, 0xFF, 0x20, 0x00, 0xFF, 0x00, 0x00, 0xFF, 0x00,
  0x00, 0xFF, 0x00, 0x00, 0xFF, 0x00, 0x00, 0xFF, 0x00, 0x00, 0xFF, 0x00, 0x00, 0xFF, 0x00, 0x00,
  0xFF, 0x00, 0x00, 0xFF, 0x00, 0x00, 0xFF, 0x00, 0x00, 0xFF, 0x00, 0x00, 0xFF, 0x00, 0x00, 0xFF,
  0x00, 0x00, 0xFF, 0x00, 0x00, 0xFF, 0x00, 0x00, 0xFF, 0x00, 0x00, 0xFF, 0x00, 0x00, 0xFF, 0x00,
  0x00, 0xFF, 0x00, 0x00, 0xFF, 0x00, 0x00, 0xFF, 0x61, 0x08, 0xFF, 0xC6, 0x18, 0xFF, 0xD9, 0x52,
  0xFF, 0x3F, 0x8C, 0xFF, 0x5F, 0xA4, 0xFE, 0x3D, 0x83, 0x8E, 0x39, 0x63, 0x05, 0x5E, 0x3A, 0x9F,
  0xDF, 0x22, 0xFF, 0xBF, 0x23, 0xFF, 0x9F, 0x1B, 0xFF, 0xFF, 0x43, 0xFF, 0xDE, 0x4B, 0xFC, 0x9D,
  0x3B, 0x2D, 0x00, 0x00, 0x00, 0x00, 0x00, 0x00, 0x00, 0x00, 0x00, 0x00, 0x00, 0x00, 0x00, 0x00,
  0x00, 0x00, 0x00, 0x00, 0x00, 0x00, 0x00, 0x00, 0x00, 0x00, 0x00, 0x00, 0x00, 0x00, 0x00, 0x00,
  0x00, 0x00, 0x00, 0x00, 0x00, 0x00, 0x00, 0x00, 0x00, 0x00, 0x00, 0x00, 0x00, 0x00, 0x00, 0x00,
  0x00, 0x00, 0x00, 0x00, 0x00, 0x00, 0x00, 0x00, 0x00, 0x00, 0x00, 0x00, 0x00, 0x00, 0x00, 0x00,
  0x00, 0x00, 0x00, 0x00, 0x00, 0x00, 0x00, 0x00, 0x00, 0x00, 0x00, 0x00, 0x00, 0x00, 0x00, 0x00,
  0x00, 0x00, 0x00, 0x00, 0x00, 0x00, 0x00, 0x00, 0x00, 0x00, 0x00, 0x00, 0x00, 0x00, 0x00, 0x00,
  0x00, 0x00, 0x00, 0x00, 0x00, 0x00, 0x00, 0x00, 0x00, 0x00, 0x00, 0x00, 0x00, 0x00, 0x00, 0x00,
  0x00, 0x00, 0x00, 0x00, 0x00, 0x00, 0x00, 0x00, 0x00, 0x00, 0x00, 0x00, 0x00, 0x00, 0x00, 0x00,
  0x00, 0x00, 0x00, 0x00, 0x00, 0x00, 0x00, 0x00, 0x00, 0x00, 0x00, 0x00, 0x00, 0x00, 0x00, 0x00,
  0x00, 0x00, 0x00, 0x00, 0x00, 0x00, 0x00, 0x00, 0x00, 0x00, 0x00, 0x00, 0x00, 0x00, 0x00, 0x00,
  0x00, 0x00, 0x00, 0x00, 0x00, 0x00, 0x00, 0x00, 0x00, 0x00, 0x00, 0x00, 0x00, 0x00, 0x00, 0x00,
  0x00, 0x00, 0x00, 0x00, 0x00, 0x00, 0x00, 0x00, 0x00, 0x00, 0x00, 0x00, 0x00, 0x00, 0x00, 0x00,
  0x00, 0x00, 0x00, 0x00, 0x00, 0x00, 0x00, 0x00, 0x00, 0x00, 0x00, 0x00, 0x00, 0x00, 0x00, 0x00,
  0x00, 0x00, 0x00, 0x00, 0x00, 0x00, 0x00, 0x00, 0x00, 0x00, 0x00, 0x00, 0x00, 0x00, 0x00, 0x00,
  0x00, 0x00, 0x00, 0x00, 0x00, 0x00, 0x00, 0x00, 0x00, 0x00, 0x00, 0x00, 0x00, 0x00, 0x00, 0x00,
  0x00, 0x00, 0x00, 0x00, 0x00, 0x00, 0x00, 0x00, 0x00, 0x00, 0x00, 0x00, 0x00, 0x00, 0x00, 0x00,
  0x00, 0x00, 0x00, 0x00, 0x00, 0x00, 0x00, 0x00, 0x00, 0x00, 0x00, 0x00, 0x00, 0x00, 0x00, 0x00,
  0x00, 0x00, 0x00, 0x00, 0x00, 0x00, 0x00, 0x00, 0x00, 0x00, 0x00, 0x00, 0x00, 0x00, 0x00, 0x00,
  0x00, 0x00, 0x00, 0x00, 0x00, 0x00, 0x00, 0x00, 0x00, 0x00, 0x00, 0x00, 0x00, 0x00, 0x00, 0x00,
  0x00, 0x00, 0x00, 0x00, 0x00, 0x00, 0x00, 0x00, 0x00, 0x00, 0x00, 0x00, 0x00, 0x00, 0x00, 0x00,
  0x00, 0x00, 0x00, 0x00, 0x00, 0x00, 0x00, 0x00, 0x00, 0x00, 0x00, 0x00, 0x00, 0x00, 0x00, 0x00,
  0x00, 0x00, 0x00, 0x00, 0x00, 0x00, 0x00, 0x00, 0x00, 0x00, 0x00, 0x00, 0x00, 0x00, 0x00, 0x00,
  0x00, 0x00, 0x00, 0x00, 0x00, 0x00, 0x00, 0x00, 0x00, 0x00, 0x00, 0x00, 0x00, 0x00, 0x00, 0x00,
  0x00, 0x00, 0x00, 0x00, 0x00, 0x00, 0x00, 0x00, 0x00, 0x00, 0x00, 0x00, 0x00, 0x00, 0x00, 0x5E,
  0x3F, 0x76, 0x3D, 0x37, 0xFD, 0xBC, 0x2E, 0xFF, 0x1B, 0x16, 0xFF, 0x9C, 0x0D, 0xF9, 0x5C, 0x1D,
  0x43, 0xFF, 0x5E, 0x26, 0x3F, 0x77, 0xEF, 0x7F, 0x9F, 0xFF, 0xB9, 0x44, 0xFF, 0x2B, 0x32, 0xFF,
  0xEF, 0x7B, 0xFF, 0x08, 0x42, 0xFF, 0x20, 0x00, 0xFF, 0x00, 0x00, 0xFF, 0x00, 0x00, 0xFF, 0x00,
  0x00, 0xFF, 0x00, 0x00, 0xFF, 0x00, 0x00, 0xFF, 0x00, 0x00, 0xFF, 0x00, 0x00, 0xFF, 0x00, 0x00,
  0xFF, 0x00, 0x00, 0xFF, 0x00, 0x00, 0xFF, 0x00, 0x00, 0xFF, 0x00, 0x00, 0xFF, 0x00, 0x00, 0xFF,
  0x00, 0x00, 0xFF, 0x00, 0x00, 0xFF, 0x00, 0x00, 0xFF, 0x00, 0x00, 0xFF, 0x00, 0x00, 0xFF, 0x00,
  0x00, 0xFF, 0x00, 0x00, 0xFF, 0x00, 0x00, 0xFF, 0x20, 0x00, 0xFF, 0x04, 0x29, 0xFF, 0x08, 0x21,
  0xFF, 0x7C, 0x6B, 0xFF, 0x9F, 0xA4, 0xFF, 0xBF, 0x9B, 0xF9, 0x1D, 0x83, 0x45, 0x9C, 0x4A, 0x1C,
  0xFF, 0x21, 0xEB, 0x1F, 0x2B, 0xFF, 0x3F, 0x23, 0xFF, 0x1E, 0x23, 0xFF, 0x1D, 0x2B, 0xF2, 0x9C,
  0x43, 0x19, 0x00, 0x00, 0x00, 0x00, 0x00, 0x00, 0x00, 0x00, 0x00, 0x00, 0x00, 0x00, 0x00, 0x00,
  0x00, 0x00, 0x00, 0x00, 0x00, 0x00, 0x00, 0x00, 0x00, 0x00, 0x00, 0x00, 0x00, 0x00, 0x00, 0x00,
  0x00, 0x00, 0x00, 0x00, 0x00, 0x00, 0x00, 0x00, 0x00, 0x00, 0x00, 0x00, 0x00, 0x00, 0x00, 0x00,
  0x00, 0x00, 0x00, 0x00, 0x00, 0x00, 0x00, 0x00, 0x00, 0x00, 0x00, 0x00, 0x00, 0x00, 0x00, 0x00,
  0x00, 0x00, 0x00, 0x00, 0x00, 0x00, 0x00, 0x00, 0x00, 0x00, 0x00, 0x00, 0x00, 0x00, 0x00, 0x00,
  0x00, 0x00, 0x00, 0x00, 0x00, 0x00, 0x00, 0x00, 0x00, 0x00, 0x00, 0x00, 0x00, 0x00, 0x00, 0x00,
  0x00, 0x00, 0x00, 0x00, 0x00, 0x00, 0x00, 0x00, 0x00, 0x00, 0x00, 0x00, 0x00, 0x00, 0x00, 0x00,
  0x00, 0x00, 0x00, 0x00, 0x00, 0x00, 0x00, 0x00, 0x00, 0x00, 0x00, 0x00, 0x00, 0x00, 0x00, 0x00,
  0x00, 0x00, 0x00, 0x00, 0x00, 0x00, 0x00, 0x00, 0x00, 0x00, 0x00, 0x00, 0x00, 0x00, 0x00, 0x00,
  0x00, 0x00, 0x00, 0x00, 0x00, 0x00, 0x00, 0x00, 0x00, 0x00, 0x00, 0x00, 0x00, 0x00, 0x00, 0x00,
  0x00, 0x00, 0x00, 0x00, 0x00, 0x00, 0x00, 0x00, 0x00, 0x00, 0x00, 0x00, 0x00, 0x00, 0x00, 0x00,
  0x00, 0x00, 0x00, 0x00, 0x00, 0x00, 0x00, 0x00, 0x00, 0x00, 0x00, 0x00, 0x00, 0x00, 0x00, 0x00,
  0x00, 0x00, 0x00, 0x00, 0x00, 0x00, 0x00, 0x00, 0x00, 0x00, 0x00, 0x00, 0x00, 0x00, 0x00, 0x00,
  0x00, 0x00, 0x00, 0x00, 0x00, 0x00, 0x00, 0x00, 0x00, 0x00, 0x00, 0x00, 0x00, 0x00, 0x00, 0x00,
  0x00, 0x00, 0x00, 0x00, 0x00, 0x00, 0x00, 0x00, 0x00, 0x00, 0x00, 0x00, 0x00, 0x00, 0x00, 0x00,
  0x00, 0x00, 0x00, 0x00, 0x00, 0x00, 0x00, 0x00, 0x00, 0x00, 0x00, 0x00, 0x00, 0x00, 0x00, 0x00,
  0x00, 0x00, 0x00, 0x00, 0x00, 0x00, 0x00, 0x00, 0x00, 0x00, 0x00, 0x00, 0x00, 0x00, 0x00, 0x00,
  0x00, 0x00, 0x00, 0x00, 0x00, 0x00, 0x00, 0x00, 0x00, 0x00, 0x00, 0x00, 0x00, 0x00, 0x00, 0x00,
  0x00, 0x00, 0x00, 0x00, 0x00, 0x00, 0x00, 0x00, 0x00, 0x00, 0x00, 0x00, 0x00, 0x00, 0x00, 0x00,
  0x00, 0x00, 0x00, 0x00, 0x00, 0x00, 0x00, 0x00, 0x00, 0x00, 0x00, 0x00, 0x00, 0x00, 0x00, 0x00,
  0x00, 0x00, 0x00, 0x00, 0x00, 0x00, 0x00, 0x00, 0x00, 0x00, 0x00, 0x00, 0x00, 0x00, 0x00, 0x00,
  0x00, 0x00, 0x00, 0x00, 0x00, 0x00, 0x00, 0x00, 0x00, 0x00, 0x00, 0x00, 0x00, 0x00, 0x00, 0x00,
  0x00, 0x00, 0x00, 0x00, 0x00, 0x00, 0x00, 0x00, 0x00, 0x00, 0x00, 0x00, 0x00, 0x00, 0x00, 0x00,
  0x00, 0x00, 0x00, 0x00, 0x00, 0x00, 0x00, 0x00, 0x00, 0x00, 0x00, 0x00, 0x00, 0x00, 0x00, 0xFF,
  0x57, 0x06, 0xBC, 0x2E, 0x7F, 0x5C, 0x1E, 0xDF, 0xDC, 0x0D, 0xDD, 0x7B, 0x1D, 0x66, 0xFF, 0x7D,
  0x04, 0x1F, 0x77, 0xA8, 0xBF, 0xAF, 0xFF, 0xFD, 0x6D, 0xFF, 0x6E, 0x2A, 0xFF, 0x8E, 0x6B, 0xFF,
  0x8A, 0x52, 0xFF, 0x20, 0x00, 0xFF, 0x00, 0x00, 0xFF, 0x00, 0x00, 0xFF, 0x00, 0x00, 0xFF, 0x00,
  0x00, 0xFF, 0x00, 0x00, 0xFF, 0x00, 0x00, 0xFF, 0x00, 0x00, 0xFF, 0x00, 0x00, 0xFF, 0x00, 0x00,
  0xFF, 0x00, 0x00, 0xFF, 0x00, 0x00, 0xFF, 0x00, 0x00, 0xFF, 0x00, 0x00, 0xFF, 0x00, 0x00, 0xFF,
  0x00, 0x00, 0xFF, 0x00, 0x00, 0xFF, 0x00, 0x00, 0xFF, 0x00, 0x00, 0xFF, 0x00, 0x00, 0xFF, 0x00,
  0x00, 0xFF, 0x00, 0x00, 0xFF, 0x00, 0x00, 0xFF, 0x00, 0x00, 0xFF, 0x20, 0x00, 0xFF, 0xA6, 0x39,
  0xFF, 0x8D, 0x31, 0xFF, 0xBE, 0x83, 0xFF, 0x5F, 0xB4, 0xFF, 0x1E, 0x8B, 0xD1, 0xFC, 0x8A, 0x0B,
  0xFE, 0x39, 0x71, 0x1F, 0x2A, 0xFC, 0x5E, 0x2A, 0xFF, 0x3C, 0x3A, 0xFE, 0xBC, 0x3A, 0xA0, 0xFF,
  0x7B, 0x02, 0x00, 0x00, 0x00, 0x00, 0x00, 0x00, 0x00, 0x00, 0x00, 0x00, 0x00, 0x00, 0x00, 0x00,
  0x00, 0x00, 0x00, 0x00, 0x00, 0x00, 0x00, 0x00, 0x00, 0x00, 0x00, 0x00, 0x00, 0x00, 0x00, 0x00,
  0x00, 0x00, 0x00, 0x00, 0x00, 0x00, 0x00, 0x00, 0x00, 0x00, 0x00, 0x00, 0x00, 0x00, 0x00, 0x00,
  0x00, 0x00, 0x00, 0x00, 0x00, 0x00, 0x00, 0x00, 0x00, 0x00, 0x00, 0x00, 0x00, 0x00, 0x00, 0x00,
  0x00, 0x00, 0x00, 0x00, 0x00, 0x00, 0x00, 0x00, 0x00, 0x00, 0x00, 0x00, 0x00, 0x00, 0x00, 0x00,
  0x00, 0x00, 0x00, 0x00, 0x00, 0x00, 0x00, 0x00, 0x00, 0x00, 0x00, 0x00, 0x00, 0x00, 0x00, 0x00,
  0x00, 0x00, 0x00, 0x00, 0x00, 0x00, 0x00, 0x00, 0x00, 0x00, 0x00, 0x00, 0x00, 0x00, 0x00, 0x00,
  0x00, 0x00, 0x00, 0x00, 0x00, 0x00, 0x00, 0x00, 0x00, 0x00, 0x00, 0x00, 0x00, 0x00, 0x00, 0x00,
  0x00, 0x00, 0x00, 0x00, 0x00, 0x00, 0x00, 0x00, 0x00, 0x00, 0x00, 0x00, 0x00, 0x00, 0x00, 0x00,
  0x00, 0x00, 0x00, 0x00, 0x00, 0x00, 0x00, 0x00, 0x00, 0x00, 0x00, 0x00, 0x00, 0x00, 0x00, 0x00,
  0x00, 0x00, 0x00, 0x00, 0x00, 0x00, 0x00, 0x00, 0x00, 0x00, 0x00, 0x00, 0x00, 0x00, 0x00, 0x00,
  0x00, 0x00, 0x00, 0x00, 0x00, 0x00, 0x00, 0x00, 0x00, 0x00, 0x00, 0x00, 0x00, 0x00, 0x00, 0x00,
  0x00, 0x00, 0x00, 0x00, 0x00, 0x00, 0x00, 0x00, 0x00, 0x00, 0x00, 0x00, 0x00, 0x00, 0x00, 0x00,
  0x00, 0x00, 0x00, 0x00, 0x00, 0x00, 0x00, 0x00, 0x00, 0x00, 0x00, 0x00, 0x00, 0x00, 0x00, 0x00,
  0x00, 0x00, 0x00, 0x00, 0x00, 0x00, 0x00, 0x00, 0x00, 0x00, 0x00, 0x00, 0x00, 0x00, 0x00, 0x00,
  0x00, 0x00, 0x00, 0x00, 0x00, 0x00, 0x00, 0x00, 0x00, 0x00, 0x00, 0x00, 0x00, 0x00, 0x00, 0x00,
  0x00, 0x00, 0x00, 0x00, 0x00, 0x00, 0x00, 0x00, 0x00, 0x00, 0x00, 0x00, 0x00, 0x00, 0x00, 0x00,
  0x00, 0x00, 0x00, 0x00, 0x00, 0x00, 0x00, 0x00, 0x00, 0x00, 0x00, 0x00, 0x00, 0x00, 0x00, 0x00,
  0x00, 0x00, 0x00, 0x00, 0x00, 0x00, 0x00, 0x00, 0x00, 0x00, 0x00, 0x00, 0x00, 0x00, 0x00, 0x00,
  0x00, 0x00, 0x00, 0x00, 0x00, 0x00, 0x00, 0x00, 0x00, 0x00, 0x00, 0x00, 0x00, 0x00, 0x00, 0x00,
  0x00, 0x00, 0x00, 0x00, 0x00, 0x00, 0x00, 0x00, 0x00, 0x00, 0x00, 0x00, 0x00, 0x00, 0x00, 0x00,
  0x00, 0x00, 0x00, 0x00, 0x00, 0x00, 0x00, 0x00, 0x00, 0x00, 0x00, 0x00, 0x00, 0x00, 0x00, 0x00,
  0x00, 0x00, 0x00, 0x00, 0x00, 0x00, 0x00, 0x00, 0x00, 0x00, 0x00, 0x00, 0x00, 0x00, 0x00, 0x00,
  0x00, 0x00, 0x00, 0x00, 0x00, 0x00, 0x00, 0x00, 0x00, 0x00, 0x00, 0x00, 0x00, 0x00, 0x00, 0x00,
  0x00, 0x00, 0x00, 0x00, 0x01, 0xDB, 0x26, 0x07, 0xBB, 0x25, 0x07, 0x00, 0x00, 0x00, 0xDF, 0x6E,
  0x32, 0x5F, 0x8F, 0xF8, 0x1F, 0x9F, 0xFF, 0xF6, 0x3B, 0xFF, 0x0D, 0x5B, 0xFF, 0x4D, 0x6B, 0xFF,
  0x61, 0x08, 0xFF, 0x00, 0x00, 0xFF, 0x00, 0x00, 0xFF, 0x00, 0x00, 0xFF, 0x00, 0x00, 0xFF, 0x00,
  0x00, 0xFF, 0x00, 0x00, 0xFF, 0x00, 0x00, 0xFF, 0x00, 0x00, 0xFF, 0x00, 0x00, 0xFF, 0x00, 0x00,
  0xFF, 0x00, 0x00, 0xFF, 0x00, 0x00, 0xFF, 0x00, 0x00, 0xFF, 0x00, 0x00, 0xFF, 0x00, 0x00, 0xFF,
  0x00, 0x00, 0xFF, 0x00, 0x00, 0xFF, 0x00, 0x00, 0xFF, 0x00, 0x00, 0xFF, 0x00, 0x00, 0xFF, 0x00,
  0x00, 0xFF, 0x00, 0x00, 0xFF, 0x00, 0x00, 0xFF, 0x00, 0x00, 0xFF, 0x00, 0x00, 0xFF, 0xA2, 0x18,
  0xFF, 0xE8, 0x49, 0xFF, 0x56, 0x52, 0xFF, 0xFF, 0x9B, 0xFF, 0x1E, 0xB4, 0xFD, 0x1D, 0x93, 0x5A,
  0xFF, 0x39, 0x04, 0xBC, 0x31, 0x66, 0x9C, 0x39, 0xAE, 0xBA, 0x41, 0x6F, 0x79, 0x4A, 0x0A, 0x00,
  0x00, 0x00, 0x00, 0x00, 0x00, 0x00, 0x00, 0x00, 0x00, 0x00, 0x00, 0x00, 0x00, 0x00, 0x00, 0x00,
  0x00, 0x00, 0x00, 0x00, 0x00, 0x00, 0x00, 0x00, 0x00, 0x00, 0x00, 0x00, 0x00, 0x00, 0x00, 0x00,
  0x00, 0x00, 0x00, 0x00, 0x00, 0x00, 0x00, 0x00, 0x00, 0x00, 0x00, 0x00, 0x00, 0x00, 0x00, 0x00,
  0x00, 0x00, 0x00, 0x00, 0x00, 0x00, 0x00, 0x00, 0x00, 0x00, 0x00, 0x00, 0x00, 0x00, 0x00, 0x00,
  0x00, 0x00, 0x00, 0x00, 0x00, 0x00, 0x00, 0x00, 0x00, 0x00, 0x00, 0x00, 0x00, 0x00, 0x00, 0x00,
  0x00, 0x00, 0x00, 0x00, 0x00, 0x00, 0x00, 0x00, 0x00, 0x00, 0x00, 0x00, 0x00, 0x00, 0x00, 0x00,
  0x00, 0x00, 0x00, 0x00, 0x00, 0x00, 0x00, 0x00, 0x00, 0x00, 0x00, 0x00, 0x00, 0x00, 0x00, 0x00,
  0x00, 0x00, 0x00, 0x00, 0x00, 0x00, 0x00, 0x00, 0x00, 0x00, 0x00, 0x00, 0x00, 0x00, 0x00, 0x00,
  0x00, 0x00, 0x00, 0x00, 0x00, 0x00, 0x00, 0x00, 0x00, 0x00, 0x00, 0x00, 0x00, 0x00, 0x00, 0x00,
  0x00, 0x00, 0x00, 0x00, 0x00, 0x00, 0x00, 0x00, 0x00, 0x00, 0x00, 0x00, 0x00, 0x00, 0x00, 0x00,
  0x00, 0x00, 0x00, 0x00, 0x00, 0x00, 0x00, 0x00, 0x00, 0x00, 0x00, 0x00, 0x00, 0x00, 0x00, 0x00,
  0x00, 0x00, 0x00, 0x00, 0x00, 0x00, 0x00, 0x00, 0x00, 0x00, 0x00, 0x00, 0x00, 0x00, 0x00, 0x00,
  0x00, 0x00, 0x00, 0x00, 0x00, 0x00, 0x00, 0x00, 0x00, 0x00, 0x00, 0x00, 0x00, 0x00, 0x00, 0x00,
  0x00, 0x00, 0x00, 0x00, 0x00, 0x00, 0x00, 0x00, 0x00, 0x00, 0x00, 0x00, 0x00, 0x00, 0x00, 0x00,
  0x00, 0x00, 0x00, 0x00, 0x00, 0x00, 0x00, 0x00, 0x00, 0x00, 0x00, 0x00, 0x00, 0x00, 0x00, 0x00,
  0x00, 0x00, 0x00, 0x00, 0x00, 0x00, 0x00, 0x00, 0x00, 0x00, 0x00, 0x00, 0x00, 0x00, 0x00, 0x00,
  0x00, 0x00, 0x00, 0x00, 0x00, 0x00, 0x00, 0x00, 0x00, 0x00, 0x00, 0x00, 0x00, 0x00, 0x00, 0x00,
  0x00, 0x00, 0x00, 0x00, 0x00, 0x00, 0x00, 0x00, 0x00, 0x00, 0x00, 0x00, 0x00, 0x00, 0x00, 0x00,
  0x00, 0x00, 0x00, 0x00, 0x00, 0x00, 0x00, 0x00, 0x00, 0x00, 0x00, 0x00, 0x00, 0x00, 0x00, 0x00,
  0x00, 0x00, 0x00, 0x00, 0x00, 0x00, 0x00, 0x00, 0x00, 0x00, 0x00, 0x00, 0x00, 0x00, 0x00, 0x00,
  0x00, 0x00, 0x00, 0x00, 0x00, 0x00, 0x00, 0x00, 0x00, 0x00, 0x00, 0x00, 0x00, 0x00, 0x00, 0x00,
  0x00, 0x00, 0x00, 0x00, 0x00, 0x00, 0x00, 0x00, 0x00, 0x00, 0x00, 0x00, 0x00, 0x00, 0x00, 0x00,
  0x00, 0x00, 0x00, 0x00, 0x00, 0x00, 0x00, 0x00, 0x00, 0x00, 0x00, 0x00, 0x00, 0x00, 0x00, 0x00,
  0x00, 0x00, 0x00, 0x00, 0x00, 0x00, 0x00, 0x00, 0x00, 0x00, 0x00, 0x00, 0x00, 0x00, 0x00, 0x00,
  0x00, 0x00, 0xFF, 0x07, 0x01, 0x00, 0x00, 0x00, 0x00, 0x00, 0x00, 0xFF, 0xFF, 0x01, 0xFF, 0x6E,
  0x9E, 0x7F, 0xA7, 0xFF, 0x9D, 0x65, 0xFF, 0x4D, 0x2A, 0xFF, 0xCF, 0x73, 0xFF, 0x65, 0x29, 0xFF,
  0x00, 0x00, 0xFF, 0x00, 0x00, 0xFF, 0x00, 0x00, 0xFF, 0x00, 0x00, 0xFF, 0x00, 0x00, 0xFF, 0x00,
  0x00, 0xFF, 0x00, 0x00, 0xFF, 0x00, 0x00, 0xFF, 0x00, 0x00, 0xFF, 0x00, 0x00, 0xFF, 0x00, 0x00,
  0xFF, 0x00, 0x00, 0xFF, 0x00, 0x00, 0xFF, 0x00, 0x00, 0xFF, 0x00, 0x00, 0xFF, 0x00, 0x00, 0xFF,
  0x00, 0x00, 0xFF, 0x00, 0x00, 0xFF, 0x00, 0x00, 0xFF, 0x00, 0x00, 0xFF, 0x00, 0x00, 0xFF, 0x00,
  0x00, 0xFF, 0x00, 0x00, 0xFF, 0x00, 0x00, 0xFF, 0x00, 0x00, 0xFF, 0x00, 0x00, 0xFF, 0x00, 0x00,
  0xFF, 0xA6, 0x41, 0xFF, 0x8A, 0x39, 0xFF, 0x9D, 0x8B, 0xFF, 0xBE, 0xC4, 0xFF, 0x5D, 0x9B, 0xC9,
  0xBA, 0x7A, 0x06, 0x00, 0x00, 0x00, 0x1F, 0x00, 0x01, 0x00, 0x00, 0x00, 0x00, 0x00, 0x00, 0x00,
  0x00, 0x00, 0x00, 0x00, 0x00, 0x00, 0x00, 0x00, 0x00, 0x00, 0x00, 0x00, 0x00, 0x00, 0x00, 0x00,
  0x00, 0x00, 0x00, 0x00, 0x00, 0x00, 0x00, 0x00, 0x00, 0x00, 0x00, 0x00, 0x00, 0x00, 0x00, 0x00,
  0x00, 0x00, 0x00, 0x00, 0x00, 0x00, 0x00, 0x00, 0x00, 0x00, 0x00, 0x00, 0x00, 0x00, 0x00, 0x00,
  0x00, 0x00, 0x00, 0x00, 0x00, 0x00, 0x00, 0x00, 0x00, 0x00, 0x00, 0x00, 0x00, 0x00, 0x00, 0x00,
  0x00, 0x00, 0x00, 0x00, 0x00, 0x00, 0x00, 0x00, 0x00, 0x00, 0x00, 0x00, 0x00, 0x00, 0x00, 0x00,
  0x00, 0x00, 0x00, 0x00, 0x00, 0x00, 0x00, 0x00, 0x00, 0x00, 0x00, 0x00, 0x00, 0x00, 0x00, 0x00,
  0x00, 0x00, 0x00, 0x00, 0x00, 0x00, 0x00, 0x00, 0x00, 0x00, 0x00, 0x00, 0x00, 0x00, 0x00, 0x00,
  0x00, 0x00, 0x00, 0x00, 0x00, 0x00, 0x00, 0x00, 0x00, 0x00, 0x00, 0x00, 0x00, 0x00, 0x00, 0x00,
  0x00, 0x00, 0x00, 0x00, 0x00, 0x00, 0x00, 0x00, 0x00, 0x00, 0x00, 0x00, 0x00, 0x00, 0x00, 0x00,
  0x00, 0x00, 0x00, 0x00, 0x00, 0x00, 0x00, 0x00, 0x00, 0x00, 0x00, 0x00, 0x00, 0x00, 0x00, 0x00,
  0x00, 0x00, 0x00, 0x00, 0x00, 0x00, 0x00, 0x00, 0x00, 0x00, 0x00, 0x00, 0x00, 0x00, 0x00, 0x00,
  0x00, 0x00, 0x00, 0x9F, 0x6C, 0x07, 0xDE, 0x74, 0x12, 0xFF, 0x07, 0x01, 0x00, 0x00, 0x00, 0x00,
  0x00, 0x00, 0x00, 0x00, 0x00, 0x00, 0x00, 0x00, 0x00, 0x00, 0x00, 0x00, 0x00, 0x00, 0x00, 0x00,
  0x00, 0x00, 0x00, 0x00, 0x00, 0x00, 0x00, 0x00, 0x00, 0x00, 0x00, 0x00, 0x00, 0x00, 0x00, 0x00,
  0x00, 0x00, 0x00, 0x00, 0x00, 0x00, 0x39, 0x9B, 0x05, 0xFB, 0x9B, 0x08, 0x00, 0x00, 0x00, 0x00,
  0x00, 0x00, 0x00, 0x00, 0x00, 0x00, 0x00, 0x00, 0x00, 0x00, 0x00, 0x00, 0x00, 0x00, 0x00, 0x00,
  0x00, 0x00, 0x00, 0x00, 0x00, 0x00, 0x00, 0x00, 0x00, 0x00, 0x00, 0x00, 0x00, 0x00, 0x00, 0x00,
  0x00, 0x00, 0x00, 0x00, 0x00, 0x00, 0x00, 0x00, 0x00, 0x00, 0x00, 0x00, 0x00, 0x00, 0x00, 0x00,
  0x00, 0x00, 0x00, 0x00, 0x00, 0x00, 0x00, 0x00, 0x00, 0x00, 0x00, 0x00, 0x00, 0x00, 0x00, 0x00,
  0x00, 0x00, 0x00, 0x00, 0x00, 0x00, 0x00, 0x00, 0x00, 0x00, 0x00, 0x00, 0x00, 0x00, 0x00, 0x00,
  0x00, 0x00, 0x00, 0x00, 0x00, 0x00, 0x00, 0x00, 0x00, 0x00, 0x00, 0x00, 0x00, 0x00, 0x00, 0x00,
  0x00, 0x00, 0x00, 0x00, 0x00, 0x00, 0x00, 0x00, 0x00, 0x00, 0x00, 0x00, 0x00, 0x00, 0x00, 0x00,
  0x00, 0x00, 0x00, 0x00, 0x00, 0x00, 0x00, 0x00, 0x00, 0x00, 0x00, 0x00, 0x00, 0x00, 0x00, 0x00,
  0x00, 0x00, 0x00, 0x00, 0x00, 0x00, 0x00, 0x00, 0x00, 0xFF, 0x6F, 0x07, 0xDF, 0x6F, 0x40, 0xDF,
  0x77, 0x8D, 0xBE, 0x5F, 0xB0, 0x7E, 0x47, 0x98, 0x1D, 0x57, 0x3D, 0xDE, 0x7E, 0x15, 0xFF, 0x7E,
  0xEB, 0xFF, 0x96, 0xFF, 0xB6, 0x33, 0xFF, 0x8B, 0x4A, 0xFF, 0xEB, 0x5A, 0xFF, 0x20, 0x00, 0xFF,
  0x00, 0x00, 0xFF, 0x00, 0x00, 0xFF, 0x00, 0x00, 0xFF, 0x00, 0x00, 0xFF, 0x00, 0x00, 0xFF, 0x00,
  0x00, 0xFF, 0x00, 0x00, 0xFF, 0x00, 0x00, 0xFF, 0x00, 0x00, 0xFF, 0x00, 0x00, 0xFF, 0x00, 0x00,
  0xFF, 0x00, 0x00, 0xFF, 0x00, 0x00, 0xFF, 0x00, 0x00, 0xFF, 0x00, 0x00, 0xFF, 0x00, 0x00, 0xFF,
  0x00, 0x00, 0xFF, 0x00, 0x00, 0xFF, 0x00, 0x00, 0xFF, 0x00, 0x00, 0xFF, 0x00, 0x00, 0xFF, 0x00,
  0x00, 0xFF, 0x00, 0x00, 0xFF, 0x00, 0x00, 0xFF, 0x00, 0x00, 0xFF, 0x00, 0x00, 0xFF, 0x00, 0x00,
  0xFF, 0x82, 0x10, 0xFF, 0x08, 0x52, 0xFF, 0x76, 0x62, 0xFF, 0xDE, 0xA3, 0xFF, 0x5D, 0xA3, 0xFA,
  0x1D, 0x9B, 0x32, 0x5E, 0xBB, 0x26, 0x9E, 0xC3, 0x79, 0x9E, 0xD3, 0xA1, 0xDE, 0xDB, 0x88, 0x3E,
  0xDC, 0x3F, 0x9F, 0xDC, 0x07, 0x00, 0x00, 0x00, 0x00, 0x00, 0x00, 0x00, 0x00, 0x00, 0x00, 0x00,
  0x00, 0x00, 0x00, 0x00, 0x00, 0x00, 0x00, 0x00, 0x00, 0x00, 0x00, 0x00, 0x00, 0x00, 0x00, 0x00,
  0x00, 0x00, 0x00, 0x00, 0x00, 0x00, 0x3C, 0x37, 0x0A, 0x5E, 0x37, 0x35, 0x5E, 0x37, 0x44, 0x3E,
  0x2F, 0x46, 0x3E, 0x2F, 0x45, 0x5E, 0x2F, 0x44, 0x3E, 0x2F, 0x44, 0x3E, 0x2F, 0x44, 0x1E, 0x2F,
  0x44, 0x1E, 0x2F, 0x44, 0xFE, 0x26, 0x46, 0xDE, 0x26, 0x46, 0xFE, 0x2E, 0x41, 0xBE, 0x2E, 0x2C,
  0xBD, 0x2E, 0x0C, 0x00, 0x00, 0x00, 0x00, 0x00, 0x00, 0x00, 0x00, 0x00, 0x00, 0x00, 0x00, 0x00,
  0x00, 0x00, 0x00, 0x00, 0x00, 0xFF, 0x07, 0x01, 0x00, 0x00, 0x00, 0x00, 0x00, 0x00, 0x00, 0x00,
  0x00, 0x00, 0x00, 0x00, 0x00, 0x00, 0x00, 0x00, 0x00, 0x00, 0x00, 0x00, 0x00, 0x00, 0x00, 0x00,
  0x00, 0x00, 0x00, 0x00, 0x00, 0x00, 0x00, 0x00, 0x00, 0x00, 0x00, 0x00, 0x00, 0x00, 0x00, 0x00,
  0x00, 0x00, 0x00, 0x00, 0x00, 0x00, 0x00, 0x00, 0x00, 0x00, 0x00, 0x00, 0x00, 0x00, 0x00, 0x00,
  0x00, 0x00, 0x00, 0x00, 0x00, 0x00, 0x00, 0x00, 0x00, 0x00, 0x00, 0x00, 0x00, 0x00, 0x00, 0x00,
  0x1F, 0x6D, 0x34, 0x5F, 0x75, 0xCF, 0xBF, 0x6C, 0xEF, 0x5F, 0x6C, 0x58, 0x00, 0x00, 0x00, 0x00,
  0x00, 0x00, 0x00, 0x00, 0x00, 0x00, 0x00, 0x00, 0x00, 0x00, 0x00, 0x00, 0x00, 0x00, 0x00, 0x00,
  0x00, 0x00, 0x00, 0x00, 0x00, 0x00, 0x00, 0x00, 0x00, 0x00, 0x00, 0x00, 0x00, 0x00, 0x00, 0x00,
  0x00, 0x00, 0x00, 0xFD, 0x93, 0x0E, 0x7F, 0xA4, 0xBE, 0xBF, 0xB4, 0xDC, 0x5F, 0xAC, 0x57, 0xFF,
  0x7B, 0x02, 0x00, 0x00, 0x00, 0x00, 0x00, 0x00, 0x00, 0x00, 0x00, 0x00, 0x00, 0x00, 0x00, 0x00,
  0x00, 0x00, 0x00, 0x00, 0x00, 0x00, 0x00, 0x00, 0x00, 0x00, 0x00, 0x00, 0x00, 0x00, 0x00, 0x00,
  0x00, 0x00, 0x00, 0x00, 0x00, 0x00, 0x00, 0x00, 0x00, 0x00, 0x00, 0x00, 0x00, 0x00, 0x00, 0x00,
  0x00, 0x00, 0x00, 0x00, 0x00, 0x00, 0x00, 0x00, 0x00, 0x00, 0x00, 0x00, 0x00, 0x00, 0x00, 0x00,
  0x00, 0x00, 0x00, 0x00, 0x00, 0x00, 0x00, 0x00, 0x00, 0x00, 0x00, 0x00, 0x00, 0x00, 0x00, 0x00,
  0x00, 0x00, 0x00, 0x00, 0x00, 0x00, 0x00, 0x00, 0x00, 0x00, 0x00, 0x00, 0x00, 0x00, 0x00, 0x00,
  0x00, 0x00, 0x00, 0x00, 0x00, 0x00, 0x00, 0x00, 0x00, 0x00, 0x00, 0x00, 0x00, 0x00, 0x00, 0x00,
  0x00, 0x00, 0x00, 0x00, 0x00, 0x00, 0x00, 0x00, 0x00, 0x00, 0x00, 0x00, 0x00, 0x00, 0x00, 0x00,
  0x00, 0x00, 0x00, 0x00, 0x00, 0x00, 0xFF, 0x77, 0x26, 0xFF, 0x5F, 0xC3, 0xDF, 0x6F, 0xFC, 0xFF,
  0xA7, 0xFF, 0xFF, 0x7F, 0xFF, 0xBF, 0x57, 0xFF, 0x1D, 0x37, 0xF9, 0x7E, 0x46, 0xBB, 0x3F, 0x97,
  0xFE, 0x1E, 0x76, 0xFF, 0x4E, 0x22, 0xFF, 0x6E, 0x6B, 0xFF, 0x45, 0x29, 0xFF, 0x00, 0x00, 0xFF,
  0x00, 0x00, 0xFF, 0x00, 0x00, 0xFF, 0x00, 0x00, 0xFF, 0x61, 0x08, 0xFF, 0xE3, 0x18, 0xFF, 0xE3,
  0x18, 0xFF, 0x41, 0x08, 0xFF, 0x00, 0x00, 0xFF, 0x00, 0x00, 0xFF, 0x00, 0x00, 0xFF, 0x00, 0x00,
  0xFF, 0x00, 0x00, 0xFF, 0x00, 0x00, 0xFF, 0x00, 0x00, 0xFF, 0x00, 0x00, 0xFF, 0x00, 0x00, 0xFF,
  0x00, 0x00, 0xFF, 0x00, 0x00, 0xFF, 0x00, 0x00, 0xFF, 0x20, 0x00, 0xFF, 0xC3, 0x18, 0xFF, 0xE3,
  0x18, 0xFF, 0x82, 0x10, 0xFF, 0x00, 0x00, 0xFF, 0x00, 0x00, 0xFF, 0x00, 0x00, 0xFF, 0x00, 0x00,
  0xFF, 0x00, 0x00, 0xFF, 0xC6, 0x49, 0xFF, 0xAD, 0x41, 0xFF, 0xBF, 0x9B, 0xFF, 0x1E, 0xC4, 0xFF,
  0x7D, 0x92, 0xC9, 0x9E, 0xAA, 0xF1, 0x5F, 0xDC, 0xFF, 0x9F, 0xEC, 0xFF, 0x7F, 0xF5, 0xFF, 0x1F,
  0xED, 0xFC, 0xBF, 0xDB, 0xC8, 0x7E, 0xD3, 0x33, 0x00, 0x00, 0x00, 0x00, 0x00, 0x00, 0x00, 0x00,
  0x00, 0x00, 0x00, 0x00, 0x00, 0x00, 0x00, 0x00, 0x00, 0x00, 0x00, 0x00, 0x00, 0x00, 0x00, 0x00,
  0x00, 0x00, 0x00, 0x7E, 0x2F, 0x1D, 0xBF, 0x57, 0xCF, 0xBF, 0x5F, 0xFC, 0x9F, 0x4F, 0xFE, 0x9F,
  0x47, 0xFE, 0x9F, 0x3F, 0xFE, 0x7F, 0x3F, 0xFE, 0x7F, 0x37, 0xFE, 0x7F, 0x37, 0xFE, 0x5F, 0x37,
  0xFE, 0x5F, 0x37, 0xFE, 0x5F, 0x2F, 0xFE, 0x3F, 0x37, 0xFE, 0x3F, 0x37, 0xFE, 0x1F, 0x2F, 0xFB,
  0xDF, 0x1E, 0xE2, 0x9E, 0x2E, 0x66, 0xF7, 0x3D, 0x04, 0x00, 0x00, 0x00, 0x00, 0x00, 0x00, 0xFF,
  0x03, 0x02, 0x1E, 0x36, 0x67, 0x1F, 0x3E, 0xBD, 0xBE, 0x35, 0x65, 0xFF, 0x03, 0x02, 0x00, 0x00,
  0x00, 0x00, 0x00, 0x00, 0x00, 0x00, 0x00, 0x00, 0x00, 0x00, 0x00, 0x00, 0x00, 0x00, 0x00, 0x00,
  0x00, 0x00, 0x00, 0x00, 0x00, 0x00, 0x00, 0x00, 0x00, 0x00, 0x00, 0x00, 0x00, 0x00, 0x00, 0x00,
  0x00, 0x00, 0x00, 0x00, 0x00, 0x00, 0x00, 0x00, 0x00, 0x00, 0x00, 0x00, 0x00, 0x00, 0x00, 0x00,
  0x00, 0x00, 0x00, 0x00, 0x00, 0x00, 0x00, 0x00, 0x00, 0x00, 0x00, 0x00, 0x00, 0xFE, 0x64, 0x3A,
  0x7F, 0x7D, 0xEE, 0xBF, 0x64, 0xFF, 0x1F, 0x54, 0xFF, 0x9D, 0x53, 0x95, 0x00, 0x00, 0x00, 0x00,
  0x00, 0x00, 0x00, 0x00, 0x00, 0x00, 0x00, 0x00, 0x00, 0x00, 0x00, 0x00, 0x00, 0x00, 0x00, 0x00,
  0x00, 0x00, 0x00, 0x00, 0x00, 0x00, 0x00, 0x00, 0x00, 0x00, 0x00, 0x00, 0x00, 0x00, 0x00, 0x00,
  0x00, 0x00, 0x00, 0xBE, 0x8B, 0x29, 0x3F, 0x9C, 0xF9, 0xFF, 0x9B, 0xFF, 0x3F, 0xAC, 0xF9, 0x1F,
  0xAC, 0x69, 0x1F, 0xF8, 0x01, 0x00, 0x00, 0x00, 0x00, 0x00, 0x00, 0x00, 0x00, 0x00, 0x00, 0x00,
  0x00, 0x00, 0x00, 0x00, 0x00, 0x00, 0x00, 0x00, 0x00, 0x00, 0x00, 0x00, 0x00, 0x00, 0x00, 0x00,
  0x00, 0x00, 0x00, 0x00, 0x00, 0x00, 0x00, 0x00, 0x00, 0x00, 0x00, 0x00, 0x00, 0x00, 0x00, 0x00,
  0x00, 0x00, 0x00, 0x00, 0x00, 0x00, 0x00, 0x00, 0x00, 0x00, 0x00, 0x00, 0x00, 0x00, 0x00, 0x00,
  0x00, 0x00, 0x00, 0x00, 0x00, 0x00, 0x00, 0x00, 0x00, 0x00, 0x00, 0x00, 0x00, 0x00, 0x00, 0x00,
  0x00, 0x00, 0x00, 0x00, 0x00, 0x00, 0x00, 0x00, 0x00, 0x00, 0x00, 0x00, 0x00, 0x00, 0x00, 0x00,
  0x00, 0x00, 0x00, 0x00, 0x00, 0x00, 0x00, 0x00, 0x00, 0x00, 0x00, 0x00, 0x00, 0x00, 0x00, 0x00,
  0x00, 0x00, 0x00, 0x00, 0x00, 0x00, 0x00, 0x00, 0x00, 0x00, 0x00, 0x00, 0x00, 0x00, 0x00, 0x00,
  0x00, 0x00, 0x00, 0xFF, 0x6F, 0x29, 0xDF, 0x6F, 0xE3, 0xFF, 0x8F, 0xFF, 0xFF, 0x9F, 0xFF, 0xDF,
  0x67, 0xFF, 0xBF, 0x47, 0xFF, 0x3E, 0x4F, 0xFF, 0x5C, 0x0E, 0xFF, 0x3D, 0x3E, 0xFF, 0x5F, 0xA7,
  0xFF, 0x5D, 0x5D, 0xFF, 0xEA, 0x29, 0xFF, 0x6E, 0x6B, 0xFF, 0x61, 0x08, 0xFF, 0x00, 0x00, 0xFF,
  0x00, 0x00, 0xFF, 0x00, 0x00, 0xFF, 0xE7, 0x39, 0xFF, 0x1C, 0xD7, 0xFF, 0xBF, 0xEF, 0xFF, 0xBF,
  0xEF, 0xFF, 0xBB, 0xCE, 0xFF, 0x24, 0x21, 0xFF, 0x00, 0x00, 0xFF, 0x00, 0x00, 0xFF, 0x00, 0x00,
  0xFF, 0x00, 0x00, 0xFF, 0x00, 0x00, 0xFF, 0x00, 0x00, 0xFF, 0x00, 0x00, 0xFF, 0x00, 0x00, 0xFF,
  0x00, 0x00, 0xFF, 0x00, 0x00, 0xFF, 0x82, 0x10, 0xFF, 0xF7, 0xB5, 0xFF, 0xBE, 0xEF, 0xFF, 0xBF,
  0xEF, 0xFF, 0x7D, 0xE7, 0xFF, 0x6D, 0x6B, 0xFF, 0x00, 0x00, 0xFF, 0x00, 0x00, 0xFF, 0x00, 0x00,
  0xFF, 0x00, 0x00, 0xFF, 0x24, 0x31, 0xFF, 0xA9, 0x41, 0xFF, 0x1C, 0x8B, 0xFF, 0x1E, 0xBC, 0xFF,
  0x5C, 0x9A, 0xFF, 0xDC, 0x91, 0xFF, 0xDF, 0xDC, 0xFF, 0x3F, 0xED, 0xFF, 0xFF, 0xDB, 0xFF, 0xDF,
  0xE3, 0xFF, 0x7F, 0xDB, 0xFF, 0x3F, 0xD3, 0xEA, 0xBF, 0xD3, 0x32, 0x00, 0x00, 0x00, 0x00, 0x00,
  0x00, 0x00, 0x00, 0x00, 0x00, 0x00, 0x00, 0x00, 0x00, 0x00, 0x00, 0x00, 0x00, 0x00, 0x00, 0x00,
  0xFF, 0x07, 0x01, 0x7F, 0x37, 0xA2, 0xDF, 0x77, 0xFF, 0x7F, 0x1F, 0xFF, 0x3E, 0x0F, 0xFF, 0x1E,
  0x0F, 0xFF, 0x1E, 0x0F, 0xFF, 0x1E, 0x0F, 0xFF, 0xFE, 0x06, 0xFF, 0xFE, 0x06, 0xFF, 0xFE, 0x06,
  0xFF, 0xDE, 0x06, 0xFF, 0xDE, 0x06, 0xFF, 0xBE, 0x0E, 0xFF, 0xBE, 0x0E, 0xFF, 0xBF, 0x0E, 0xFF,
  0xDF, 0x1E, 0xFF, 0xBF, 0x3E, 0xFC, 0x3E, 0x2E, 0x79, 0x1F, 0x00, 0x01, 0x00, 0x00, 0x00, 0xDE,
  0x1D, 0x29, 0x9F, 0x56, 0xF8, 0xFF, 0x35, 0xFF, 0xBF, 0x3D, 0xF8, 0xFE, 0x24, 0x28, 0x00, 0x00,
  0x00, 0x00, 0x00, 0x00, 0x00, 0x00, 0x00, 0x00, 0x00, 0x00, 0x00, 0x00, 0x00, 0x00, 0x00, 0x00,
  0x00, 0x00, 0x00, 0x00, 0x00, 0x00, 0x00, 0x00, 0x00, 0x00, 0x00, 0x00, 0x00, 0x00, 0x00, 0x00,
  0x00, 0x00, 0x00, 0x00, 0x00, 0x00, 0x00, 0x00, 0x00, 0x00, 0x00, 0x00, 0x00, 0x00, 0x00, 0x00,
  0x00, 0x00, 0x00, 0x00, 0x00, 0x00, 0x00, 0x00, 0x00, 0x00, 0xDE, 0x5C, 0x19, 0x9F, 0x7D, 0xE1,
  0xDF, 0x64, 0xFF, 0xDE, 0x4B, 0xFF, 0xFC, 0x3A, 0xC7, 0xDC, 0x42, 0x19, 0x00, 0x00, 0x00, 0x00,
  0x00, 0x00, 0x00, 0x00, 0x00, 0x00, 0x00, 0x00, 0x00, 0x00, 0x00, 0x00, 0x00, 0x00, 0x00, 0x00,
  0x00, 0x00, 0x00, 0x00, 0x00, 0x00, 0x00, 0x00, 0x00, 0x00, 0x00, 0x00, 0x00, 0x00, 0x00, 0x00,
  0x00, 0x00, 0x00, 0xF7, 0x7B, 0x04, 0x3D, 0x83, 0x89, 0x7E, 0x8B, 0xFB, 0xFF, 0xA3, 0xFF, 0x5F,
  0xB4, 0xF6, 0xBE, 0xA3, 0x3F, 0x00, 0x00, 0x00, 0x00, 0x00, 0x00, 0x00, 0x00, 0x00, 0x00, 0x00,
  0x00, 0x00, 0x00, 0x00, 0x00, 0x00, 0x00, 0x00, 0x00, 0x00, 0x00, 0x00, 0x00, 0x00, 0x00, 0x00,
  0x00, 0x00, 0x00, 0x00, 0x00, 0x00, 0x00, 0x00, 0x00, 0x00, 0x00, 0x00, 0x00, 0x00, 0x00, 0x00,
  0x00, 0x00, 0x00, 0x00, 0x00, 0x00, 0x00, 0x00, 0x00, 0x00, 0x00, 0x00, 0x00, 0x00, 0x00, 0x00,
  0x00, 0x00, 0x00, 0x00, 0x00, 0x00, 0x00, 0x00, 0x00, 0x00, 0x00, 0x00, 0x00, 0x00, 0x00, 0x00,
  0x00, 0x00, 0x00, 0x00, 0x00, 0x00, 0x00, 0x00, 0x00, 0x00, 0x00, 0x00, 0x00, 0x00, 0x00, 0x00,
  0x00, 0x00, 0x00, 0x00, 0x00, 0x00, 0x00, 0x00, 0x00, 0x00, 0x00, 0x00, 0x00, 0x00, 0x00, 0x00,
  0x00, 0x00, 0x00, 0x00, 0x00, 0x00, 0x00, 0x00, 0x00, 0x00, 0x00, 0x00, 0x00, 0x00, 0x00, 0x00,
  0xFF, 0x67, 0x0A, 0xDF, 0x57, 0xCC, 0xFF, 0x97, 0xFF, 0xFF, 0xB7, 0xFF, 0xFF, 0x97, 0xFF, 0xBF,
  0x37, 0xFF, 0x3D, 0x2F, 0xFF, 0xBD, 0x3E, 0xFF, 0x7A, 0x05, 0xFF, 0x5E, 0x5E, 0xFF, 0x3F, 0xA7,
  0xFF, 0x9A, 0x4C, 0xFF, 0x6B, 0x42, 0xFF, 0xAA, 0x52, 0xFF, 0x00, 0x00, 0xFF, 0x00, 0x00, 0xFF,
  0x00, 0x00, 0xFF, 0x20, 0x00, 0xFF, 0x79, 0xC6, 0xFF, 0xFF, 0xF7, 0xFF, 0xFF, 0xF7, 0xFF, 0xFF,
  0xF7, 0xFF, 0xFF, 0xF7, 0xFF, 0x96, 0xAD, 0xFF, 0x00, 0x00, 0xFF, 0x00, 0x00, 0xFF, 0x00, 0x00,
  0xFF, 0x00, 0x00, 0xFF, 0x00, 0x00, 0xFF, 0x00, 0x00, 0xFF, 0x00, 0x00, 0xFF, 0x00, 0x00, 0xFF,
  0x00, 0x00, 0xFF, 0x00, 0x00, 0xFF, 0xEF, 0x73, 0xFF, 0xFF, 0xF7, 0xFF, 0xFF, 0xF7, 0xFF, 0xFF,
  0xF7, 0xFF, 0xFF, 0xF7, 0xFF, 0x7D, 0xE7, 0xFF, 0xA2, 0x10, 0xFF, 0x00, 0x00, 0xFF, 0x00, 0x00,
  0xFF, 0x00, 0x00, 0xFF, 0x82, 0x18, 0xFF, 0xE8, 0x51, 0xFF, 0x77, 0x6A, 0xFF, 0xFE, 0xB3, 0xFF,
  0xBC, 0xA2, 0xFF, 0x58, 0x71, 0xFF, 0xBF, 0xC3, 0xFF, 0x7F, 0xDC, 0xFF, 0x5F, 0xD3, 0xFF, 0x3F,
  0xD3, 0xFF, 0xBF, 0xDB, 0xFF, 0xFF, 0xE3, 0xFF, 0x5E, 0xCB, 0xD3, 0x3D, 0xCB, 0x0F, 0x00, 0x00,
  0x00, 0x00, 0x00, 0x00, 0x00, 0x00, 0x00, 0x00, 0x00, 0x00, 0x00, 0x00, 0x00, 0x00, 0x00, 0x00,
  0xF7, 0x3D, 0x04, 0x7E, 0x37, 0xD4, 0x9F, 0x3F, 0xFF, 0x1E, 0x0F, 0xFF, 0x3B, 0x0E, 0xFC, 0xDA,
  0x05, 0xF2, 0xFA, 0x05, 0xF1, 0xDA, 0x05, 0xF2, 0xBA, 0x05, 0xF2, 0xBA, 0x05, 0xF1, 0xBA, 0x05,
  0xF0, 0x9A, 0x05, 0xF1, 0x7A, 0x05, 0xF2, 0x7A, 0x05, 0xF2, 0x9B, 0x05, 0xF4, 0x3D, 0x06, 0xFE,
  0x9E, 0x0E, 0xFF, 0x9F, 0x16, 0xFF, 0x5E, 0x2E, 0xF0, 0xDD, 0x25, 0x1A, 0x00, 0x00, 0x00, 0xDE,
  0x25, 0x3F, 0x7F, 0x56, 0xFE, 0xBF, 0x25, 0xFF, 0x5E, 0x35, 0xFE, 0xBD, 0x1C, 0x43, 0x00, 0x00,
  0x00, 0x00, 0x00, 0x00, 0x00, 0x00, 0x00, 0x00, 0x00, 0x00, 0x00, 0x00, 0x00, 0x00, 0x00, 0x00,
  0x00, 0x00, 0x00, 0x00, 0x00, 0x00, 0x00, 0x00, 0x00, 0x00, 0x00, 0x00, 0x00, 0x00, 0x00, 0x00,
  0x00, 0x00, 0x00, 0x00, 0x00, 0x00, 0x00, 0x00, 0x00, 0x00, 0x00, 0x00, 0x00, 0x00, 0x00, 0x00,
  0x00, 0x00, 0x00, 0x00, 0x00, 0x00, 0x00, 0xFF, 0x7B, 0x02, 0x3F, 0x6D, 0xA1, 0x5F, 0x75, 0xFF,
  0x1F, 0x4C, 0xFF, 0x3D, 0x43, 0xCA, 0x5C, 0x4B, 0x11, 0x00, 0x00, 0x00, 0x00, 0x00, 0x00, 0x00,
  0x00, 0x00, 0x00, 0x00, 0x00, 0x00, 0x00, 0x00, 0x00, 0x00, 0x00, 0x00, 0x00, 0x00, 0x00, 0x00,
  0x00, 0x00, 0x00, 0x00, 0x00, 0x00, 0x00, 0x00, 0x00, 0x00, 0x00, 0x00, 0x00, 0x00, 0x00, 0x00,
  0x00, 0x00, 0x00, 0x00, 0x00, 0x00, 0xBF, 0xAA, 0x03, 0xFE, 0x7A, 0x80, 0x7F, 0x93, 0xFD, 0xFF,
  0xA3, 0xFF, 0x3F, 0xB4, 0xD3, 0x5D, 0xAB, 0x0C, 0x00, 0x00, 0x00, 0x00, 0x00, 0x00, 0x00, 0x00,
  0x00, 0x00, 0x00, 0x00, 0x00, 0x00, 0x00, 0x00, 0x00, 0x00, 0x00, 0x00, 0x00, 0x00, 0x00, 0x00,
  0x00, 0x00, 0x00, 0x00, 0x00, 0x00, 0x00, 0x00, 0x00, 0x00, 0x00, 0x00, 0x00, 0x00, 0x00, 0x00,
  0x00, 0x00, 0x00, 0x00, 0x00, 0x00, 0x00, 0x00, 0x00, 0x00, 0x00, 0x00, 0x00, 0x00, 0x00, 0x00,
  0x00, 0x00, 0x00, 0x00, 0x00, 0x00, 0x00, 0x00, 0x00, 0x00, 0x00, 0x00, 0x00, 0x00, 0x00, 0x00,
  0x00, 0x00, 0x00, 0x00, 0x00, 0x00, 0x00, 0x00, 0x00, 0x00, 0x00, 0x00, 0x00, 0x00, 0x00, 0x00,
  0x00, 0x00, 0x00, 0x00, 0x00, 0x00, 0x00, 0x00, 0x00, 0x00, 0x00, 0x00, 0x00, 0x00, 0x00, 0x00,
  0x00, 0x00, 0x00, 0x00, 0x00, 0x00, 0x00, 0x00, 0x00, 0x00, 0x00, 0x00, 0x00, 0x00, 0x00, 0x00,
  0xDF, 0x5F, 0x56, 0xDF, 0x67, 0xFD, 0xFF, 0xB7, 0xFF, 0xFF, 0xA7, 0xFF, 0xDF, 0x57, 0xFF, 0x7E,
  0x2F, 0xFF, 0xDC, 0x26, 0xFF, 0x3C, 0x26, 0xFF, 0x19, 0x0D, 0xFF, 0x9E, 0x76, 0xFF, 0xDF, 0x96,
  0xFF, 0xB6, 0x3B, 0xFF, 0x8B, 0x4A, 0xFF, 0xA6, 0x31, 0xFF, 0x00, 0x00, 0xFF, 0x00, 0x00, 0xFF,
  0x00, 0x00, 0xFF, 0x41, 0x08, 0xFF, 0x3C, 0xDF, 0xFF, 0xFF, 0xF7, 0xFF, 0xFF, 0xF7, 0xFF, 0xFF,
  0xF7, 0xFF, 0xFF, 0xF7, 0xFF, 0xFB, 0xD6, 0xFF, 0x20, 0x00, 0xFF, 0x00, 0x00, 0xFF, 0x00, 0x00,
  0xFF, 0x00, 0x00, 0xFF, 0x00, 0x00, 0xFF, 0x00, 0x00, 0xFF, 0x00, 0x00, 0xFF, 0x00, 0x00, 0xFF,
  0x00, 0x00, 0xFF, 0x00, 0x00, 0xFF, 0x14, 0x9D, 0xFF, 0xFF, 0xF7, 0xFF, 0xFF, 0xF7, 0xFF, 0xFF,
  0xF7, 0xFF, 0xFF, 0xF7, 0xFF, 0xDF, 0xEF, 0xFF, 0x65, 0x29, 0xFF, 0x00, 0x00, 0xFF, 0x00, 0x00,
  0xFF, 0x00, 0x00, 0xFF, 0x20, 0x08, 0xFF, 0x07, 0x52, 0xFF, 0xF2, 0x51, 0xFF, 0xBE, 0xA3, 0xFF,
  0x1D, 0xAB, 0xFF, 0xF4, 0x58, 0xFF, 0xDE, 0xB2, 0xFF, 0x1F, 0xD4, 0xFF, 0x1F, 0xCB, 0xFF, 0x1F,
  0xCB, 0xFF, 0x5F, 0xCB, 0xFF, 0x9F, 0xEC, 0xFF, 0xFE, 0xD3, 0xFE, 0x3D, 0xC3, 0x72, 0x00, 0x00,
  0x00, 0x00, 0x00, 0x00, 0x00, 0x00, 0x00, 0x00, 0x00, 0x00, 0x00, 0x00, 0x00, 0x00, 0x00, 0x00,
  0xFF, 0x07, 0x04, 0x7E, 0x2F, 0xD9, 0x7F, 0x2F, 0xFF, 0xFD, 0x0E, 0xFF, 0xDA, 0x15, 0xC1, 0x17,
  0x1D, 0x13, 0x38, 0x0D, 0x11, 0x58, 0x0D, 0x12, 0x38, 0x0D, 0x11, 0x79, 0x0D, 0x10, 0xF7, 0x0C,
  0x10, 0x38, 0x0D, 0x11, 0xD7, 0x0C, 0x12, 0xD7, 0x0C, 0x12, 0x38, 0x15, 0x17, 0xDC, 0x0D, 0x84,
  0x7E, 0x0E, 0xFE, 0x7F, 0x0E, 0xFF, 0x5E, 0x2E, 0xFE, 0x9D, 0x1D, 0x54, 0x00, 0x00, 0x00, 0xBE,
  0x1D, 0x40, 0x5F, 0x46, 0xFE, 0x9F, 0x1D, 0xFF, 0x3E, 0x2D, 0xFE, 0x9D, 0x1C, 0x44, 0x00, 0x00,
  0x00, 0x00, 0x00, 0x00, 0x00, 0x00, 0x00, 0x00, 0x00, 0x00, 0x00, 0x00, 0x00, 0x00, 0x00, 0x00,
  0x00, 0x00, 0x00, 0x00, 0x00, 0x00, 0x00, 0x00, 0x00, 0x00, 0x00, 0x00, 0x00, 0x00, 0x00, 0x00,
  0x00, 0x00, 0x00, 0x00, 0x00, 0x00, 0x00, 0x00, 0x00, 0x00, 0x00, 0x00, 0x00, 0x00, 0x00, 0x00,
  0x00, 0x00, 0x00, 0x00, 0x00, 0x00, 0x00, 0xFF, 0x5C, 0x2A, 0x7F, 0x75, 0xF7, 0x5F, 0x54, 0xFF,
  0x7D, 0x43, 0xF2, 0x3C, 0x43, 0x2A, 0x00, 0x00, 0x00, 0x00, 0x00, 0x00, 0x00, 0x00, 0x00, 0x00,
  0x00, 0x00, 0x00, 0x00, 0x00, 0x00, 0x00, 0x00, 0x00, 0x00, 0x00, 0x00, 0x00, 0x00, 0x00, 0x00,
  0x00, 0x00, 0x00, 0x00, 0x00, 0x00, 0x00, 0x00, 0x00, 0x00, 0x00, 0x00, 0x00, 0x00, 0x00, 0x00,
  0x00, 0x00, 0x00, 0x00, 0x00, 0x00, 0x00, 0x00, 0x00, 0x7B, 0x6B, 0x07, 0x5E, 0x8B, 0xBB, 0xBF,
  0x9B, 0xFF, 0x1F, 0xAC, 0xFE, 0x9E, 0xA3, 0x63, 0x00, 0x00, 0x00, 0x00, 0x00, 0x00, 0x00, 0x00,
  0x00, 0x00, 0x00, 0x00, 0x00, 0x00, 0x00, 0x00, 0x00, 0x00, 0x00, 0x00, 0x00, 0x00, 0x00, 0x00,
  0x00, 0x00, 0x00, 0x00, 0x00, 0x00, 0x00, 0x00, 0x00, 0x00, 0x00, 0x00, 0x00, 0x00, 0x00, 0x00,
  0x00, 0x00, 0x00, 0x00, 0x00, 0x00, 0x00, 0x00, 0x00, 0x00, 0x00, 0x00, 0x00, 0x00, 0x00, 0x00,
  0x00, 0x00, 0x00, 0x00, 0x00, 0x00, 0x00, 0x00, 0x00, 0x00, 0x00, 0x00, 0x00, 0x00, 0x00, 0x00,
  0x00, 0x00, 0x00, 0x00, 0x00, 0x00, 0x00, 0x00, 0x00, 0x00, 0x00, 0x00, 0x00, 0x00, 0x00, 0x00,
  0x00, 0x00, 0x00, 0x00, 0x00, 0x00, 0x00, 0x00, 0x00, 0x00, 0x00, 0x00, 0x00, 0x00, 0x00, 0x00,
  0x00, 0x00, 0x00, 0x00, 0x00, 0x00, 0x00, 0x00, 0x00, 0x00, 0x00, 0x00, 0x00, 0x00, 0x00, 0x00,
  0xDF, 0x4F, 0xBF, 0xFF, 0x8F, 0xFF, 0xFF, 0xB7, 0xFF, 0xFF, 0x87, 0xFF, 0xBF, 0x37, 0xFF, 0x5E,
  0x2F, 0xFF, 0xBC, 0x2E, 0xFF, 0x1C, 0x1E, 0xFF, 0xD9, 0x0C, 0xFF, 0x7F, 0x76, 0xFF, 0x7F, 0x86,
  0xFF, 0xF3, 0x32, 0xFF, 0xAB, 0x52, 0xFF, 0x04, 0x21, 0xFF, 0x00, 0x00, 0xFF, 0x00, 0x00, 0xFF,
  0x00, 0x00, 0xFF, 0x20, 0x08, 0xFF, 0xFB, 0xD6, 0xFF, 0xFF, 0xF7, 0xFF, 0xFF, 0xF7, 0xFF, 0xFF,
  0xF7, 0xFF, 0xFF, 0xF7, 0xFF, 0x9A, 0xC6, 0xFF, 0x20, 0x00, 0xFF, 0x00, 0x00, 0xFF, 0x00, 0x00,
  0xFF, 0x00, 0x00, 0xFF, 0x00, 0x00, 0xFF, 0x00, 0x00, 0xFF, 0x00, 0x00, 0xFF, 0x00, 0x00, 0xFF,
  0x00, 0x00, 0xFF, 0x00, 0x00, 0xFF, 0xF3, 0x94, 0xFF, 0xFF, 0xF7, 0xFF, 0xFF, 0xF7, 0xFF, 0xFF,
  0xF7, 0xFF, 0xFF, 0xF7, 0xFF, 0xDF, 0xEF, 0xFF, 0x24, 0x21, 0xFF, 0x00, 0x00, 0xFF, 0x00, 0x00,
  0xFF, 0x00, 0x00, 0xFF, 0x20, 0x00, 0xFF, 0x07, 0x52, 0xFF, 0xAF, 0x49, 0xFF, 0x9E, 0x9B, 0xFF,
  0x7D, 0xB3, 0xFF, 0xF3, 0x50, 0xFF, 0x5D, 0xA2, 0xFF, 0x3F, 0xD4, 0xFF, 0x1F, 0xC3, 0xFF, 0x1F,
  0xC3, 0xFF, 0x1F, 0xC3, 0xFF, 0x3F, 0xDC, 0xFF, 0x3E, 0xDC, 0xFF, 0xBC, 0xB2, 0xD3, 0x00, 0x00,
  0x00, 0x00, 0x00, 0x00, 0x00, 0x00, 0x00, 0x00, 0x00, 0x00, 0x00, 0x00, 0x00, 0x00, 0x00, 0x00,
  0xFF, 0x07, 0x04, 0x5E, 0x27, 0xD9, 0x5E, 0x27, 0xFF, 0xFD, 0x0E, 0xFF, 0x3B, 0x16, 0xBB, 0xFF,
  0x07, 0x01, 0x00, 0x00, 0x00, 0x00, 0x00, 0x00, 0x00, 0x00, 0x00, 0x00, 0x00, 0x00, 0x00, 0x00,
  0x00, 0x00, 0x00, 0x00, 0x00, 0x00, 0x00, 0x00, 0x00, 0x00, 0x00, 0x00, 0x00, 0x3C, 0x26, 0x16,
  0x9E, 0x1E, 0xF3, 0x7F, 0x16, 0xFF, 0x1E, 0x26, 0xFF, 0x5C, 0x15, 0x6E, 0x00, 0x00, 0x00, 0x9E,
  0x25, 0x3F, 0x3F, 0x46, 0xFE, 0x7F, 0x1D, 0xFF, 0x1E, 0x2D, 0xFE, 0x7D, 0x1C, 0x45, 0x00, 0x00,
  0x00, 0x00, 0x00, 0x00, 0x00, 0x00, 0x00, 0xFF, 0x07, 0x01, 0x3E, 0x45, 0x23, 0x5E, 0x55, 0x61,
  0x1E, 0x55, 0x86, 0x1E, 0x55, 0x89, 0x1F, 0x55, 0x89, 0xFE, 0x4C, 0x8A, 0xDF, 0x4C, 0x8A, 0xFF,
  0x5C, 0x87, 0xFF, 0x5C, 0x72, 0x9E, 0x4C, 0x3C, 0x9F, 0x4C, 0x07, 0x00, 0x00, 0x00, 0x00, 0x00,
  0x00, 0x00, 0x00, 0x00, 0x00, 0x00, 0x00, 0xFF, 0x5C, 0x93, 0x1F, 0x6D, 0xFF, 0xFF, 0x4B, 0xFF,
  0x1D, 0x3B, 0x94, 0x1F, 0x00, 0x01, 0x00, 0x00, 0x00, 0x00, 0x00, 0x00, 0x00, 0x00, 0x00, 0x00,
  0x00, 0x00, 0x3F, 0x7C, 0x11, 0x5E, 0x74, 0x4D, 0x7F, 0x84, 0x77, 0x7F, 0x8C, 0x7F, 0x5F, 0x8C,
  0x7F, 0x3E, 0x8C, 0x80, 0x1E, 0x8C, 0x81, 0x1F, 0x94, 0x74, 0xDE, 0x93, 0x48, 0xFF, 0x93, 0x0E,
  0x00, 0x00, 0x00, 0x00, 0x00, 0x00, 0x00, 0x00, 0x00, 0x00, 0x00, 0x00, 0x3E, 0x8B, 0x38, 0x7F,
  0x93, 0xFA, 0xBF, 0xA3, 0xFF, 0xDE, 0xAB, 0xCE, 0x3F, 0x9B, 0x05, 0x00, 0x00, 0x00, 0x00, 0x00,
  0x00, 0x00, 0x00, 0x00, 0x00, 0x00, 0x00, 0xDE, 0xAB, 0x13, 0xFF, 0xB3, 0x4F, 0x3F, 0xC4, 0x77,
  0x3F, 0xC4, 0x80, 0x3F, 0xC4, 0x81, 0xFF, 0xC3, 0x82, 0x1F, 0xC4, 0x81, 0x5F, 0xCC, 0x79, 0x1E,
  0xC4, 0x57, 0xDE, 0xC3, 0x21, 0xFF, 0x7B, 0x02, 0x00, 0x00, 0x00, 0x00, 0x00, 0x00, 0x00, 0x00,
  0x00, 0x00, 0x00, 0x00, 0x00, 0x00, 0x00, 0x00, 0x00, 0x00, 0x00, 0x00, 0x00, 0x00, 0x00, 0x00,
  0x00, 0x00, 0x00, 0x00, 0x00, 0x00, 0x00, 0x00, 0x00, 0x00, 0x00, 0x00, 0x00, 0x00, 0x00, 0x00,
  0x00, 0x00, 0x00, 0x00, 0x00, 0x00, 0x00, 0x00, 0x00, 0x00, 0x00, 0x00, 0x00, 0x00, 0x00, 0x00,
  0x00, 0x00, 0x00, 0x00, 0x00, 0x00, 0x00, 0x00, 0x00, 0x00, 0x00, 0x00, 0x00, 0x00, 0x00, 0x00,
  0xDF, 0x47, 0xEB, 0xFF, 0x97, 0xFF, 0xFF, 0xA7, 0xFF, 0xDF, 0x57, 0xFF, 0x9F, 0x2F, 0xFF, 0x3D,
  0x2F, 0xFF, 0xBC, 0x3E, 0xFF, 0x1C, 0x16, 0xFF, 0x98, 0x0C, 0xFF, 0x3F, 0x66, 0xFF, 0x3F, 0x7E,
  0xFF, 0xB1, 0x2A, 0xFF, 0xCB, 0x52, 0xFF, 0xA2, 0x10, 0xFF, 0x00, 0x00, 0xFF, 0x00, 0x00, 0xFF,
  0x00, 0x00, 0xFF, 0x00, 0x00, 0xFF, 0x71, 0x84, 0xFF, 0xFF, 0xEF, 0xFF, 0xFF, 0xF7, 0xFF, 0xFF,
  0xF7, 0xFF, 0xFF, 0xEF, 0xFF, 0xAE, 0x6B, 0xFF, 0x61, 0x08, 0xFF, 0x08, 0x3A, 0xFF, 0xE7, 0x39,
  0xFF, 0x00, 0x00, 0xFF, 0x00, 0x00, 0xFF, 0x00, 0x00, 0xFF, 0x00, 0x00, 0xFF, 0x86, 0x29, 0xFF,
  0x28, 0x42, 0xFF, 0xA2, 0x10, 0xFF, 0x28, 0x42, 0xFF, 0xBE, 0xEF, 0xFF, 0xFF, 0xF7, 0xFF, 0xFF,
  0xF7, 0xFF, 0xFF, 0xF7, 0xFF, 0x38, 0xBE, 0xFF, 0x20, 0x00, 0xFF, 0x00, 0x00, 0xFF, 0x00, 0x00,
  0xFF, 0x00, 0x00, 0xFF, 0x00, 0x00, 0xFF, 0x07, 0x52, 0xFF, 0x8E, 0x41, 0xFF, 0x9E, 0x9B, 0xFF,
  0x9D, 0xB3, 0xFF, 0xF3, 0x50, 0xFF, 0x1D, 0xA2, 0xFF, 0x9F, 0xD4, 0xFF, 0xFF, 0xC2, 0xFF, 0x1F,
  0xC3, 0xFF, 0xDF, 0xC2, 0xFF, 0x7E, 0xCB, 0xFF, 0x3E, 0xDC, 0xFF, 0xDB, 0xB2, 0xF5, 0x00, 0x00,
  0x00, 0x00, 0x00, 0x00, 0x00, 0x00, 0x00, 0x00, 0x00, 0x00, 0x00, 0x00, 0x00, 0x00, 0x00, 0x00,
  0xFF, 0x07, 0x04, 0x3E, 0x1F, 0xDA, 0x5E, 0x1F, 0xFF, 0xFD, 0x16, 0xFF, 0x3B, 0x16, 0xBB, 0xFF,
  0x07, 0x01, 0x00, 0x00, 0x00, 0x00, 0x00, 0x00, 0x00, 0x00, 0x00, 0x00, 0x00, 0x00, 0x00, 0x00,
  0x00, 0x00, 0x00, 0x00, 0x00, 0x00, 0x00, 0x00, 0x00, 0x00, 0x00, 0x00, 0x00, 0x3D, 0x26, 0x1F,
  0xDF, 0x3E, 0xF6, 0x5F, 0x16, 0xFF, 0xBD, 0x0D, 0xFF, 0xFB, 0x14, 0x5D, 0x00, 0x00, 0x00, 0x9E,
  0x25, 0x3F, 0x1F, 0x3E, 0xFE, 0x5F, 0x1D, 0xFF, 0x1E, 0x2D, 0xFE, 0x7D, 0x1C, 0x45, 0x00, 0x00,
  0x00, 0x00, 0x00, 0x00, 0x1C, 0x2D, 0x0B, 0x9F, 0x55, 0x93, 0xDF, 0x65, 0xF5, 0x9F, 0x55, 0xFF,
  0x3F, 0x45, 0xFF, 0xFF, 0x44, 0xFF, 0xFF, 0x44, 0xFF, 0xDF, 0x44, 0xFF, 0xDF, 0x4C, 0xFF, 0xDF,
  0x4C, 0xFF, 0xBF, 0x4C, 0xFF, 0x9F, 0x4C, 0xFC, 0x7F, 0x54, 0xC6, 0x5E, 0x5C, 0x21, 0x00, 0x00,
  0x00, 0x00, 0x00, 0x00, 0x7F, 0x54, 0x09, 0x1F, 0x65, 0xE0, 0x9F, 0x5C, 0xFF, 0xBE, 0x4B, 0xF9,
  0x5C, 0x43, 0x2B, 0x00, 0x00, 0x00, 0x00, 0x00, 0x00, 0x00, 0x00, 0x00, 0xFF, 0x7B, 0x02, 0x9F,
  0x74, 0x63, 0x1F, 0x8D, 0xE5, 0xFF, 0x8C, 0xFE, 0x7F, 0x84, 0xFF, 0x3F, 0x7C, 0xFF, 0x1F, 0x7C,
  0xFF, 0x1F, 0x84, 0xFF, 0x1F, 0x8C, 0xFF, 0x1F, 0x94, 0xFF, 0xFF, 0x93, 0xFE, 0xDF, 0x93, 0xDF,
  0x9E, 0x93, 0x51, 0x1F, 0xF8, 0x01, 0x00, 0x00, 0x00, 0x00, 0x00, 0x00, 0xBA, 0x7A, 0x06, 0x5E,
  0x93, 0xD0, 0x9F, 0x9B, 0xFF, 0xFF, 0xB3, 0xF8, 0x5E, 0xA3, 0x24, 0x00, 0x00, 0x00, 0x00, 0x00,
  0x00, 0xEF, 0x7B, 0x02, 0x5F, 0xBC, 0x58, 0x7F, 0xBC, 0xE7, 0x5F, 0xBC, 0xFE, 0xFF, 0xBB, 0xFF,
  0xFF, 0xBB, 0xFF, 0xDF, 0xBB, 0xFF, 0xDF, 0xC3, 0xFF, 0xDF, 0xC3, 0xFF, 0xDF, 0xC3, 0xFF, 0xDF,
  0xC3, 0xFE, 0xDF, 0xCB, 0xF5, 0xDF, 0xCB, 0x97, 0x5D, 0xBB, 0x0C, 0x00, 0x00, 0x00, 0x00, 0x00,
  0x00, 0x00, 0x00, 0x00, 0x00, 0x00, 0x00, 0x00, 0x00, 0x00, 0x00, 0x00, 0x00, 0x00, 0x00, 0x00,
  0x00, 0x00, 0x00, 0x00, 0x00, 0x00, 0x00, 0x00, 0x00, 0x00, 0x00, 0x00, 0x00, 0x00, 0x00, 0x00,
  0x00, 0x00, 0x00, 0x00, 0x00, 0x00, 0x00, 0x00, 0x00, 0x00, 0x00, 0x00, 0x00, 0x00, 0x00, 0x00,
  0x00, 0x00, 0x00, 0x00, 0x00, 0x00, 0x00, 0x00, 0x00, 0x00, 0x00, 0x00, 0x00, 0x00, 0x00, 0x00,
  0xDF, 0x47, 0xF2, 0xFF, 0x6F, 0xFF, 0xFF, 0x97, 0xFF, 0xDF, 0x3F, 0xFF, 0x7E, 0x2F, 0xFF, 0x1D,
  0x2F, 0xFF, 0xBC, 0x3E, 0xFF, 0x1B, 0x16, 0xFF, 0x57, 0x0C, 0xFF, 0xFF, 0x5D, 0xFF, 0xFF, 0x75,
  0xFF, 0xD2, 0x2A, 0xFF, 0x8B, 0x4A, 0xFF, 0x82, 0x10, 0xFF, 0x00, 0x00, 0xFF, 0x00, 0x00, 0xFF,
  0x00, 0x00, 0xFF, 0x00, 0x00, 0xFF, 0x20, 0x00, 0xFF, 0xCB, 0x52, 0xFF, 0x51, 0x84, 0xFF, 0x51,
  0x84, 0xFF, 0xAA, 0x52, 0xFF, 0x20, 0x00, 0xFF, 0x0C, 0x5B, 0xFF, 0xFF, 0xEF, 0xFF, 0xDF, 0xEF,
  0xFF, 0x4D, 0x63, 0xFF, 0x00, 0x00, 0xFF, 0x00, 0x00, 0xFF, 0xA6, 0x31, 0xFF, 0x9E, 0xE7, 0xFF,
  0xFF, 0xEF, 0xFF, 0x71, 0x84, 0xFF, 0x00, 0x00, 0xFF, 0xE7, 0x39, 0xFF, 0x30, 0x7C, 0xFF, 0x51,
  0x84, 0xFF, 0xCF, 0x73, 0xFF, 0xA2, 0x10, 0xFF, 0x00, 0x00, 0xFF, 0x00, 0x00, 0xFF, 0x00, 0x00,
  0xFF, 0x00, 0x00, 0xFF, 0x00, 0x00, 0xFF, 0x07, 0x52, 0xFF, 0x8E, 0x41, 0xFF, 0x7E, 0x9B, 0xFF,
  0x7D, 0xB3, 0xFF, 0xF3, 0x50, 0xFF, 0x1D, 0xA2, 0xFF, 0xDF, 0xD4, 0xFF, 0xFF, 0xC2, 0xFF, 0xDF,
  0xBA, 0xFF, 0xBE, 0xBA, 0xFF, 0x5D, 0xC3, 0xFF, 0x5D, 0xDC, 0xFF, 0xB9, 0xAA, 0xFE, 0x00, 0x00,
  0x00, 0x00, 0x00, 0x00, 0xFF, 0xFF, 0x01, 0x00, 0x00, 0x00, 0x00, 0x00, 0x00, 0x00, 0x00, 0x00,
  0xFF, 0x07, 0x04, 0x3E, 0x1F, 0xDA, 0x5E, 0x1F, 0xFF, 0xFD, 0x0E, 0xFF, 0x1B, 0x16, 0xBB, 0xFF,
  0x07, 0x01, 0xBE, 0x1E, 0x1A, 0xDE, 0x26, 0x31, 0xBD, 0x1E, 0x32, 0xBE, 0x1E, 0x31, 0x9D, 0x1E,
  0x32, 0x9D, 0x1E, 0x32, 0x7E, 0x1E, 0x33, 0x7E, 0x26, 0x33, 0x7E, 0x26, 0x3E, 0xBF, 0x36, 0xB8,
  0xDF, 0x46, 0xFF, 0xFE, 0x0D, 0xFF, 0x3C, 0x05, 0xF5, 0xDA, 0x14, 0x23, 0x00, 0x00, 0x00, 0x7E,
  0x1D, 0x3E, 0xFF, 0x3D, 0xFE, 0x5F, 0x1D, 0xFF, 0xFE, 0x2C, 0xFE, 0x7D, 0x1C, 0x43, 0x00, 0x00,
  0x00, 0xFF, 0x3D, 0x04, 0x3F, 0x3D, 0xA8, 0xFF, 0x65, 0xFE, 0x1F, 0x3D, 0xFF, 0x9F, 0x2C, 0xFF,
  0x3E, 0x24, 0xFF, 0xFE, 0x23, 0xFF, 0xFE, 0x23, 0xFF, 0xFE, 0x23, 0xFF, 0xFE, 0x2B, 0xFF, 0xFF,
  0x2B, 0xFF, 0x1F, 0x34, 0xFF, 0x5F, 0x44, 0xFF, 0x9F, 0x5C, 0xFF, 0x7F, 0x64, 0xD4, 0x7D, 0x4B,
  0x10, 0x00, 0x00, 0x00, 0x5E, 0x4C, 0x25, 0x3F, 0x6D, 0xF9, 0x3F, 0x54, 0xFF, 0x7E, 0x43, 0xDA,
  0xFF, 0x53, 0x06, 0x00, 0x00, 0x00, 0x00, 0x00, 0x00, 0x00, 0x00, 0x00, 0x7E, 0x64, 0x65, 0x5F,
  0x8D, 0xFB, 0x5F, 0x6C, 0xFF, 0xBF, 0x63, 0xFF, 0x5E, 0x5B, 0xFF, 0x3E, 0x5B, 0xFF, 0x3E, 0x63,
  0xFF, 0x3E, 0x6B, 0xFF, 0x3E, 0x6B, 0xFF, 0x3E, 0x73, 0xFF, 0x7F, 0x7B, 0xFF, 0x9F, 0x8B, 0xFF,
  0xDF, 0x9B, 0xF6, 0x5D, 0x8B, 0x40, 0x00, 0x00, 0x00, 0x00, 0x00, 0x00, 0x00, 0x00, 0x00, 0x3E,
  0x8B, 0x85, 0x9F, 0x9B, 0xFF, 0xBF, 0xAB, 0xFF, 0x5E, 0xA3, 0x61, 0x00, 0x00, 0x00, 0x00, 0x00,
  0x00, 0xFF, 0xAB, 0x4E, 0xDF, 0xC4, 0xF8, 0xFF, 0xB3, 0xFF, 0x5F, 0xAB, 0xFF, 0xFE, 0xA2, 0xFF,
  0xDE, 0xA2, 0xFF, 0xDE, 0xA2, 0xFF, 0xDE, 0xA2, 0xFF, 0xDE, 0xAA, 0xFF, 0xDE, 0xAA, 0xFF, 0x3F,
  0xB3, 0xFF, 0x9F, 0xBB, 0xFF, 0x3F, 0xD4, 0xFE, 0xDF, 0xCB, 0xAA, 0x3F, 0xCB, 0x05, 0x00, 0x00,
  0x00, 0x00, 0x00, 0x00, 0x00, 0x00, 0x00, 0x00, 0x00, 0x00, 0x00, 0x00, 0x00, 0x00, 0x00, 0x00,
  0x00, 0x00, 0x00, 0x00, 0x00, 0x00, 0x00, 0x00, 0x00, 0x00, 0x00, 0x00, 0x00, 0x00, 0x00, 0x00,
  0x00, 0x00, 0x00, 0x00, 0x00, 0x00, 0x00, 0x00, 0x00, 0x00, 0x00, 0x00, 0x00, 0x00, 0x00, 0x00,
  0x00, 0x00, 0x00, 0x00, 0x00, 0x00, 0x00, 0x00, 0x00, 0x00, 0x00, 0x00, 0x00, 0x00, 0x00, 0x00,
  0xBF, 0x47, 0xE3, 0xDF, 0x37, 0xFF, 0xDF, 0x47, 0xFF, 0xBF, 0x2F, 0xFF, 0x7E, 0x2F, 0xFF, 0x3D,
  0x2F, 0xFF, 0xBC, 0x3E, 0xFF, 0xFB, 0x1D, 0xFF, 0x57, 0x0C, 0xFF, 0xDF, 0x55, 0xFF, 0xFF, 0x75,
  0xFF, 0x13, 0x33, 0xFF, 0x05, 0x19, 0xFF, 0x61, 0x08, 0xFF, 0x00, 0x00, 0xFF, 0x00, 0x00, 0xFF,
  0x00, 0x00, 0xFF, 0x00, 0x00, 0xFF, 0x00, 0x00, 0xFF, 0x00, 0x00, 0xFF, 0x00, 0x00, 0xFF, 0x00,
  0x00, 0xFF, 0x00, 0x00, 0xFF, 0x00, 0x00, 0xFF, 0x0C, 0x5B, 0xFF, 0xFF, 0xF7, 0xFF, 0xFF, 0xF7,
  0xFF, 0xDF, 0xEF, 0xFF, 0x96, 0xAD, 0xFF, 0xD3, 0x94, 0xFF, 0x9E, 0xE7, 0xFF, 0xFF, 0xF7, 0xFF,
  0xFF, 0xF7, 0xFF, 0x72, 0x8C, 0xFF, 0x00, 0x00, 0xFF, 0x00, 0x00, 0xFF, 0x00, 0x00, 0xFF, 0x00,
  0x00, 0xFF, 0x00, 0x00, 0xFF, 0x00, 0x00, 0xFF, 0x00, 0x00, 0xFF, 0x00, 0x00, 0xFF, 0x00, 0x00,
  0xFF, 0x00, 0x00, 0xFF, 0x20, 0x00, 0xFF, 0x07, 0x52, 0xFF, 0xF0, 0x51, 0xFF, 0x7E, 0xA3, 0xFF,
  0x3C, 0xAB, 0xFF, 0xD2, 0x50, 0xFF, 0x3D, 0xA2, 0xFF, 0xBF, 0xD4, 0xFF, 0xDF, 0xBA, 0xFF, 0xBF,
  0xBA, 0xFF, 0x7E, 0xB2, 0xFF, 0x5C, 0xC3, 0xFF, 0x3C, 0xD4, 0xFF, 0x79, 0xA2, 0xF4, 0x00, 0x00,
  0x00, 0x00, 0x00, 0x00, 0x00, 0x00, 0x00, 0x00, 0x00, 0x00, 0x00, 0x00, 0x00, 0x00, 0x00, 0x00,
  0xFF, 0x05, 0x04, 0x3E, 0x1F, 0xD9, 0x3E, 0x1F, 0xFF, 0xDD, 0x0E, 0xFF, 0xFB, 0x15, 0xBC, 0x9D,
  0x16, 0x38, 0x3E, 0x3F, 0xEE, 0x1F, 0x37, 0xFC, 0x1F, 0x37, 0xFC, 0x1F, 0x37, 0xFC, 0x1F, 0x2F,
  0xFC, 0xFF, 0x2E, 0xFC, 0xDF, 0x2E, 0xFD, 0xDF, 0x2E, 0xFD, 0xBF, 0x2E, 0xFD, 0xBF, 0x2E, 0xFF,
  0x3F, 0x0E, 0xFF, 0x5D, 0x05, 0xFE, 0xBA, 0x0C, 0x92, 0xFF, 0x07, 0x01, 0x00, 0x00, 0x00, 0x7E,
  0x25, 0x3E, 0xFF, 0x35, 0xFE, 0x3F, 0x1D, 0xFF, 0xDE, 0x24, 0xFE, 0x1C, 0x1C, 0x45, 0x00, 0x00,
  0x00, 0xFE, 0x34, 0x43, 0xDF, 0x65, 0xFB, 0xFF, 0x34, 0xFF, 0x5E, 0x24, 0xFF, 0x7C, 0x1B, 0xDE,
  0x1C, 0x13, 0x95, 0xFC, 0x12, 0x87, 0xFC, 0x12, 0x86, 0xFC, 0x1A, 0x85, 0xDC, 0x1A, 0x86, 0xDC,
  0x1A, 0x8A, 0x5D, 0x23, 0xBB, 0xDF, 0x33, 0xFC, 0x3F, 0x3C, 0xFF, 0x5F, 0x5C, 0xFE, 0x7E, 0x43,
  0x6C, 0x00, 0x00, 0x00, 0x5E, 0x44, 0x4B, 0x3F, 0x6D, 0xFE, 0x1F, 0x4C, 0xFF, 0x3D, 0x3B, 0xB0,
  0x1F, 0x00, 0x01, 0x00, 0x00, 0x00, 0x00, 0x00, 0x00, 0xFF, 0x5B, 0x14, 0x3F, 0x7D, 0xE9, 0x5F,
  0x6C, 0xFF, 0x9F, 0x5B, 0xFF, 0xBC, 0x4A, 0xE8, 0x7B, 0x42, 0x99, 0x7B, 0x4A, 0x84, 0x7B, 0x52,
  0x82, 0x5B, 0x52, 0x84, 0x3B, 0x4A, 0x86, 0x5C, 0x5A, 0x98, 0xDD, 0x6A, 0xE8, 0x5F, 0x83, 0xFF,
  0x9F, 0x93, 0xFF, 0x7E, 0x93, 0xC2, 0xBF, 0xAA, 0x03, 0x00, 0x00, 0x00, 0x00, 0x00, 0x00, 0x3F,
  0x93, 0x4C, 0x7F, 0x9B, 0xFE, 0x9F, 0xA3, 0xFF, 0x5E, 0xA3, 0x95, 0x00, 0x00, 0x00, 0xFB, 0x9A,
  0x08, 0x5F, 0xB4, 0xD5, 0x1F, 0xB4, 0xFF, 0x3F, 0xA3, 0xFF, 0x9D, 0x92, 0xF0, 0x3B, 0x82, 0xA7,
  0x1A, 0x82, 0x8A, 0x3A, 0x82, 0x89, 0x3A, 0x82, 0x88, 0xFA, 0x81, 0x8B, 0x3A, 0x8A, 0x95, 0x7C,
  0x9A, 0xD8, 0xFE, 0xAA, 0xFF, 0x5F, 0xBB, 0xFF, 0x1E, 0xCC, 0xFC, 0x7D, 0xBB, 0x4F, 0x00, 0x00,
  0x00, 0x00, 0x00, 0x00, 0x00, 0x00, 0x00, 0x00, 0x00, 0x00, 0x00, 0x00, 0x00, 0x00, 0x00, 0x00,
  0x00, 0x00, 0x00, 0x00, 0x00, 0x00, 0x00, 0x00, 0x00, 0x00, 0x00, 0x00, 0x00, 0x00, 0x00, 0x00,
  0x00, 0x00, 0x00, 0x00, 0x00, 0x00, 0x00, 0x00, 0x00, 0x00, 0x00, 0x00, 0x00, 0x00, 0x00, 0x00,
  0x00, 0x00, 0x00, 0x00, 0x00, 0x00, 0x00, 0x00, 0x00, 0x00, 0x00, 0x00, 0x00, 0x00, 0x00, 0x00,
  0x9F, 0x47, 0xA7, 0xBF, 0x2F, 0xFF, 0xBF, 0x2F, 0xFF, 0x9F, 0x2F, 0xFF, 0x7E, 0x2F, 0xFF, 0x3D,
  0x2F, 0xFF, 0xBB, 0x2E, 0xFF, 0xFB, 0x25, 0xFF, 0x78, 0x04, 0xFF, 0xBF, 0x55, 0xFF, 0xBF, 0x65,
  0xFF, 0x76, 0x3B, 0xFF, 0x42, 0x00, 0xFF, 0x00, 0x00, 0xFF, 0x00, 0x00, 0xFF, 0x00, 0x00, 0xFF,
  0x00, 0x00, 0xFF, 0x00, 0x00, 0xFF, 0x00, 0x00, 0xFF, 0x00, 0x00, 0xFF, 0x00, 0x00, 0xFF, 0x00,
  0x00, 0xFF, 0x00, 0x00, 0xFF, 0x00, 0x00, 0xFF, 0xA2, 0x10, 0xFF, 0xFB, 0xD6, 0xFF, 0xFF, 0xF7,
  0xFF, 0xFF, 0xF7, 0xFF, 0xFF, 0xF7, 0xFF, 0xFF, 0xF7, 0xFF, 0xFF, 0xF7, 0xFF, 0xFF, 0xF7, 0xFF,
  0x7D, 0xE7, 0xFF, 0xA6, 0x31, 0xFF, 0x00, 0x00, 0xFF, 0x00, 0x00, 0xFF, 0x00, 0x00, 0xFF, 0x00,
  0x00, 0xFF, 0x00, 0x00, 0xFF, 0x00, 0x00, 0xFF, 0x00, 0x00, 0xFF, 0x00, 0x00, 0xFF, 0x00, 0x00,
  0xFF, 0x00, 0x00, 0xFF, 0x40, 0x08, 0xFF, 0x07, 0x52, 0xFF, 0x12, 0x5A, 0xFF, 0x5D, 0xA3, 0xFF,
  0xDB, 0xA2, 0xFF, 0xB2, 0x50, 0xFF, 0x5E, 0xAA, 0xFF, 0x1F, 0xCC, 0xFF, 0xBF, 0xBA, 0xFF, 0x9E,
  0xB2, 0xFF, 0x5D, 0xA2, 0xFF, 0x7B, 0xAA, 0xFF, 0x79, 0xA2, 0xFF, 0x98, 0x9A, 0xC4, 0x00, 0x00,
  0x00, 0x00, 0x00, 0x00, 0x00, 0x00, 0x00, 0x00, 0x00, 0x00, 0x00, 0x00, 0x00, 0x00, 0x00, 0x00,
  0xFF, 0x05, 0x04, 0x1E, 0x17, 0xDA, 0x3E, 0x1F, 0xFF, 0xDD, 0x0E, 0xFF, 0xDA, 0x15, 0xBC, 0x9D,
  0x16, 0x7A, 0xFE, 0x26, 0xFF, 0xBE, 0x0E, 0xFF, 0x9E, 0x0E, 0xFF, 0x9E, 0x0E, 0xFF, 0x7E, 0x0E,
  0xFF, 0x7E, 0x0E, 0xFF, 0x5E, 0x0E, 0xFF, 0x3E, 0x0E, 0xFF, 0x3E, 0x0E, 0xFF, 0x1E, 0x0E, 0xFF,
  0xFE, 0x0D, 0xFF, 0x9D, 0x25, 0xF8, 0x5D, 0x25, 0x4C, 0x00, 0x00, 0x00, 0x00, 0x00, 0x00, 0x7E,
  0x25, 0x3E, 0xBF, 0x2D, 0xFE, 0x3F, 0x1D, 0xFF, 0x9E, 0x24, 0xFE, 0xFC, 0x13, 0x45, 0x00, 0x00,
  0x00, 0x3F, 0x35, 0xA0, 0xDF, 0x5D, 0xFF, 0xBF, 0x24, 0xFF, 0xDD, 0x1B, 0xE1, 0x9C, 0x1B, 0x19,
  0xFF, 0x7B, 0x02, 0xFF, 0x7B, 0x02, 0xFF, 0x7B, 0x02, 0xFF, 0x7B, 0x02, 0xFF, 0x7B, 0x02, 0xFF,
  0x7B, 0x02, 0xFF, 0x2B, 0x06, 0xDE, 0x2B, 0xAE, 0x1F, 0x3C, 0xFF, 0x1F, 0x4C, 0xFF, 0x9E, 0x4B,
  0xAE, 0x1F, 0x00, 0x01, 0x5E, 0x44, 0x67, 0xDF, 0x64, 0xFF, 0xFF, 0x4B, 0xFF, 0x3D, 0x43, 0x8E,
  0x00, 0x00, 0x00, 0x00, 0x00, 0x00, 0x00, 0x00, 0x00, 0x1F, 0x54, 0x54, 0x1F, 0x85, 0xFE, 0xFF,
  0x63, 0xFF, 0x5E, 0x5B, 0xF0, 0xBB, 0x52, 0x29, 0xFF, 0x7B, 0x02, 0xFF, 0x7B, 0x02, 0xFF, 0x7B,
  0x02, 0xFF, 0x7B, 0x02, 0xFF, 0x7B, 0x02, 0xFF, 0x7B, 0x02, 0xBD, 0x6A, 0x39, 0x5F, 0x83, 0xFA,
  0x7F, 0x8B, 0xFF, 0x5E, 0x93, 0xF1, 0xFE, 0x82, 0x13, 0x00, 0x00, 0x00, 0x00, 0x00, 0x00, 0x1F,
  0x93, 0x2E, 0x9F, 0x9B, 0xFC, 0x7F, 0xA3, 0xFF, 0x1E, 0x9B, 0xB9, 0x1F, 0x00, 0x01, 0x7F, 0xA3,
  0x27, 0x5F, 0xB4, 0xFA, 0x7F, 0xAB, 0xFF, 0xDE, 0x9A, 0xFC, 0x5B, 0x8A, 0x4A, 0x1F, 0x00, 0x01,
  0x00, 0x00, 0x00, 0x00, 0x00, 0x00, 0x00, 0x00, 0x00, 0x00, 0x00, 0x00, 0x00, 0x00, 0x00, 0xBB,
  0x9A, 0x0F, 0xBE, 0xA2, 0xC8, 0x5F, 0xBB, 0xFF, 0x9F, 0xC3, 0xFF, 0x7D, 0xBB, 0xBA, 0x00, 0x00,
  0x00, 0x00, 0x00, 0x00, 0x00, 0x00, 0x00, 0x00, 0x00, 0x00, 0x00, 0x00, 0x00, 0x00, 0x00, 0x00,
  0x00, 0x00, 0x00, 0x00, 0x00, 0x00, 0x00, 0x00, 0x00, 0x00, 0x00, 0x00, 0x00, 0x00, 0x00, 0x00,
  0x00, 0x00, 0x00, 0x00, 0x00, 0x00, 0x00, 0x00, 0x00, 0x00, 0x00, 0x00, 0x00, 0x00, 0x00, 0x00,
  0x00, 0x00, 0x00, 0x00, 0x00, 0x00, 0x00, 0x00, 0x00, 0x00, 0x00, 0x00, 0x00, 0x00, 0x00, 0x00,
  0x5E, 0x4F, 0x3C, 0x5E, 0x3F, 0xF9, 0x7E, 0x37, 0xFF, 0x5E, 0x2F, 0xFF, 0x5E, 0x27, 0xFF, 0x1D,
  0x27, 0xFF, 0x9B, 0x26, 0xFF, 0x1A, 0x2E, 0xFF, 0xD9, 0x04, 0xFF, 0x3E, 0x45, 0xFF, 0x7F, 0x5D,
  0xFF, 0x3B, 0x44, 0xFF, 0x63, 0x00, 0xFF, 0x00, 0x00, 0xFF, 0x00, 0x00, 0xFF, 0x00, 0x00, 0xFF,
  0x00, 0x00, 0xFF, 0x00, 0x00, 0xFF, 0x00, 0x00, 0xFF, 0x00, 0x00, 0xFF, 0x00, 0x00, 0xFF, 0x00,
  0x00, 0xFF, 0x00, 0x00, 0xFF, 0x00, 0x00, 0xFF, 0x00, 0x00, 0xFF, 0x04, 0x21, 0xFF, 0xF7, 0xB5,
  0xFF, 0xBE, 0xEF, 0xFF, 0xFF, 0xEF, 0xFF, 0xFF, 0xEF, 0xFF, 0xDF, 0xEF, 0xFF, 0x79, 0xC6, 0xFF,
  0xC7, 0x31, 0xFF, 0x00, 0x00, 0xFF, 0x00, 0x00, 0xFF, 0x00, 0x00, 0xFF, 0x00, 0x00, 0xFF, 0x00,
  0x00, 0xFF, 0x00, 0x00, 0xFF, 0x00, 0x00, 0xFF, 0x00, 0x00, 0xFF, 0x00, 0x00, 0xFF, 0x00, 0x00,
  0xFF, 0x00, 0x00, 0xFF, 0x61, 0x10, 0xFF, 0x45, 0x31, 0xFF, 0xD7, 0x7A, 0xFF, 0x5C, 0xAB, 0xFF,
  0x5A, 0x92, 0xFF, 0xB3, 0x58, 0xFF, 0xDE, 0xAA, 0xFF, 0x1F, 0xBB, 0xFF, 0x7E, 0xAA, 0xFF, 0x5D,
  0xA2, 0xFF, 0x3B, 0x9A, 0xFF, 0x19, 0x9A, 0xFF, 0x18, 0x92, 0xFD, 0x77, 0x92, 0x60, 0x00, 0x00,
  0x00, 0x00, 0x00, 0x00, 0x00, 0x00, 0x00, 0x00, 0x00, 0x00, 0x00, 0x00, 0x00, 0x00, 0x00, 0x00,
  0xFF, 0x05, 0x04, 0x1E, 0x17, 0xD9, 0x1E, 0x17, 0xFF, 0xBD, 0x06, 0xFF, 0x9A, 0x0D, 0xBD, 0x3B,
  0x1E, 0x27, 0xDB, 0x05, 0xDC, 0x9A, 0x05, 0xF5, 0x5A, 0x05, 0xF6, 0x5A, 0x05, 0xF6, 0x3A, 0x05,
  0xF6, 0x3A, 0x05, 0xF6, 0x1A, 0x05, 0xF6, 0x1A, 0x05, 0xF6, 0x1A, 0x05, 0xF7, 0x7C, 0x05, 0xFE,
  0xDE, 0x0D, 0xFF, 0xFF, 0x1D, 0xFF, 0xBE, 0x35, 0xF0, 0x5D, 0x25, 0x2A, 0x00, 0x00, 0x00, 0x3E,
  0x25, 0x3F, 0x9F, 0x25, 0xFE, 0x3F, 0x1D, 0xFF, 0x9E, 0x24, 0xFE, 0xFD, 0x1B, 0x44, 0x5F, 0x55,
  0x03, 0x1F, 0x35, 0xCE, 0x5F, 0x45, 0xFF, 0xBF, 0x24, 0xFF, 0x9F, 0x2C, 0xF0, 0xDF, 0x44, 0xC8,
  0xDF, 0x44, 0xC7, 0xBF, 0x44, 0xC7, 0xBF, 0x4C, 0xC7, 0x7F, 0x44, 0xC7, 0x7F, 0x4C, 0xC7, 0x7F,
  0x4C, 0xC6, 0x7F, 0x4C, 0xC7, 0x9F, 0x54, 0xE3, 0x7F, 0x54, 0xFF, 0xBF, 0x43, 0xFF, 0x1D, 0x33,
  0xB8, 0x1F, 0x00, 0x01, 0x1E, 0x44, 0x71, 0xBF, 0x64, 0xFF, 0xFF, 0x53, 0xFF, 0x3D, 0x43, 0x85,
  0x00, 0x00, 0x00, 0x00, 0x00, 0x00, 0x00, 0x00, 0x00, 0x1F, 0x5C, 0x88, 0xDF, 0x74, 0xFF, 0xDF,
  0x63, 0xFF, 0xDF, 0x6B, 0xF5, 0x1F, 0x7C, 0xC6, 0x1F, 0x7C, 0xC5, 0xFF, 0x83, 0xC6, 0x1F, 0x84,
  0xC5, 0x1F, 0x8C, 0xC4, 0xFF, 0x8B, 0xC5, 0xBF, 0x8B, 0xC7, 0x9F, 0x8B, 0xCD, 0x1F, 0x9C, 0xFC,
  0x3F, 0x83, 0xFF, 0xFE, 0x82, 0xF5, 0xFD, 0x7A, 0x18, 0x00, 0x00, 0x00, 0x00, 0x00, 0x00, 0x1E,
  0x8B, 0x27, 0xBF, 0x9B, 0xFA, 0x5F, 0x9B, 0xFF, 0x1E, 0x9B, 0xC6, 0xFF, 0x7B, 0x02, 0x1E, 0x9B,
  0x43, 0x1F, 0xAC, 0xFE, 0x5F, 0xA3, 0xFF, 0xDE, 0xA2, 0xF0, 0xDC, 0x92, 0x11, 0x00, 0x00, 0x00,
  0x00, 0x00, 0x00, 0x00, 0x00, 0x00, 0x00, 0x00, 0x00, 0x00, 0x00, 0x00, 0x00, 0x00, 0x00, 0x00,
  0x00, 0x00, 0x3E, 0xAB, 0x60, 0x5F, 0xBB, 0xFF, 0x5F, 0xBB, 0xFF, 0x3D, 0xBB, 0xE8, 0x00, 0x00,
  0x00, 0x00, 0x00, 0x00, 0x00, 0x00, 0x00, 0x00, 0x00, 0x00, 0x00, 0x00, 0x00, 0x00, 0x00, 0x00,
  0x00, 0x00, 0x00, 0x00, 0x00, 0x00, 0x00, 0x00, 0x00, 0x00, 0x00, 0x00, 0x00, 0x00, 0x00, 0x00,
  0x00, 0x00, 0x00, 0x00, 0x00, 0x00, 0x00, 0x00, 0x00, 0x00, 0x00, 0x00, 0x00, 0x00, 0x00, 0x00,
  0x00, 0x00, 0x00, 0x00, 0x00, 0x00, 0x00, 0x00, 0x00, 0x00, 0x00, 0x00, 0x00, 0x00, 0x00, 0x00,
  0xF7, 0x3D, 0x04, 0xFD, 0x46, 0xA7, 0x1D, 0x37, 0xFF, 0x1D, 0x2F, 0xFF, 0xFD, 0x2E, 0xFF, 0xDC,
  0x2E, 0xFF, 0x5B, 0x26, 0xFF, 0xDA, 0x25, 0xFF, 0x98, 0x04, 0xFF, 0x7B, 0x2C, 0xFF, 0x5F, 0x55,
  0xFF, 0xDE, 0x54, 0xFF, 0x08, 0x11, 0xFF, 0x00, 0x00, 0xFF, 0x00, 0x00, 0xFF, 0x00, 0x00, 0xFF,
  0x00, 0x00, 0xFF, 0x00, 0x00, 0xFF, 0x00, 0x00, 0xFF, 0x00, 0x00, 0xFF, 0x00, 0x00, 0xFF, 0x00,
  0x00, 0xFF, 0x00, 0x00, 0xFF, 0x00, 0x00, 0xFF, 0x00, 0x00, 0xFF, 0x00, 0x00, 0xFF, 0x20, 0x00,
  0xFF, 0xE3, 0x18, 0xFF, 0xA6, 0x31, 0xFF, 0xA6, 0x31, 0xFF, 0x24, 0x21, 0xFF, 0x20, 0x00, 0xFF,
  0x00, 0x00, 0xFF, 0x00, 0x00, 0xFF, 0x00, 0x00, 0xFF, 0x00, 0x00, 0xFF, 0x00, 0x00, 0xFF, 0x00,
  0x00, 0xFF, 0x00, 0x00, 0xFF, 0x00, 0x00, 0xFF, 0x00, 0x00, 0xFF, 0x00, 0x00, 0xFF, 0x00, 0x00,
  0xFF, 0x00, 0x00, 0xFF, 0x20, 0x08, 0xFF, 0x65, 0x18, 0xFF, 0x5C, 0x9B, 0xFF, 0x5C, 0xAB, 0xFF,
  0xB7, 0x79, 0xFF, 0xD4, 0x60, 0xFF, 0x5E, 0xA2, 0xFF, 0x9E, 0xAA, 0xFF, 0x5D, 0xA2, 0xFF, 0x1B,
  0x9A, 0xFF, 0xF9, 0x91, 0xFF, 0x17, 0x92, 0xFF, 0x77, 0x9A, 0xC6, 0x76, 0x9A, 0x0A, 0x00, 0x00,
  0x00, 0x00, 0x00, 0x00, 0x00, 0x00, 0x00, 0x00, 0x00, 0x00, 0x00, 0x00, 0x00, 0x00, 0x00, 0x00,
  0xFF, 0x05, 0x04, 0xFE, 0x0E, 0xD9, 0x1E, 0x0F, 0xFF, 0x9D, 0x06, 0xFF, 0x9A, 0x0D, 0xBB, 0xFF,
  0x07, 0x01, 0x17, 0x15, 0x0B, 0xF9, 0x14, 0x18, 0xF9, 0x14, 0x18, 0xF9, 0x14, 0x18, 0xF9, 0x14,
  0x18, 0xD8, 0x14, 0x19, 0x76, 0x14, 0x19, 0x78, 0x14, 0x19, 0xB8, 0x14, 0x1B, 0xFB, 0x0C, 0x64,
  0x7E, 0x0D, 0xF8, 0xBF, 0x0D, 0xFF, 0x9E, 0x25, 0xFF, 0xFD, 0x1C, 0x9E, 0x00, 0x00, 0x01, 0x1E,
  0x1D, 0x40, 0x7F, 0x1D, 0xFE, 0x1F, 0x1D, 0xFF, 0x7E, 0x24, 0xFE, 0xFD, 0x1B, 0x44, 0xDF, 0x34,
  0x05, 0xDF, 0x24, 0xDB, 0xFF, 0x34, 0xFF, 0xBF, 0x24, 0xFF, 0x9F, 0x2C, 0xFF, 0x9F, 0x2C, 0xFF,
  0x9F, 0x2C, 0xFF, 0x7F, 0x34, 0xFF, 0x5F, 0x34, 0xFF, 0x3F, 0x34, 0xFF, 0x3F, 0x3C, 0xFF, 0x1F,
  0x3C, 0xFF, 0x1F, 0x3C, 0xFF, 0x1F, 0x3C, 0xFF, 0xBF, 0x3B, 0xFF, 0x5E, 0x33, 0xFF, 0xDC, 0x32,
  0x7A, 0x00, 0x00, 0x00, 0x3E, 0x4C, 0x69, 0x7F, 0x5C, 0xFF, 0xDF, 0x53, 0xFF, 0x1D, 0x43, 0x8B,
  0x00, 0x00, 0x00, 0x00, 0x00, 0x00, 0x00, 0x00, 0x00, 0xDF, 0x53, 0x97, 0x5F, 0x6C, 0xFF, 0xDF,
  0x5B, 0xFF, 0xBF, 0x63, 0xFF, 0xBF, 0x6B, 0xFF, 0xBF, 0x73, 0xFF, 0x9F, 0x73, 0xFF, 0x9F, 0x73,
  0xFF, 0x7F, 0x7B, 0xFF, 0x7F, 0x7B, 0xFF, 0x5F, 0x83, 0xFF, 0x5F, 0x83, 0xFF, 0x1F, 0x83, 0xFF,
  0xDE, 0x7A, 0xFF, 0x5D, 0x6A, 0xD7, 0xFB, 0x59, 0x08, 0x00, 0x00, 0x00, 0x00, 0x00, 0x00, 0x1F,
  0x93, 0x29, 0xFF, 0xA3, 0xFB, 0x5F, 0x9B, 0xFF, 0xDD, 0x9A, 0xC4, 0xFF, 0x7B, 0x02, 0xFE, 0x9A,
  0x48, 0xFF, 0xAB, 0xFE, 0x5F, 0xAB, 0xFF, 0x1E, 0xAB, 0xEF, 0xBB, 0x9A, 0x0F, 0x00, 0x00, 0x00,
  0x00, 0x00, 0x00, 0x00, 0x00, 0x00, 0x00, 0x00, 0x00, 0x00, 0x00, 0x00, 0x00, 0x00, 0x00, 0x00,
  0x00, 0x00, 0x1E, 0xAB, 0x45, 0xBF, 0xBB, 0xFE, 0x3F, 0xBB, 0xFF, 0x3D, 0xBB, 0xF6, 0x00, 0x00,
  0x00, 0x00, 0x00, 0x00, 0x00, 0x00, 0x00, 0x00, 0x00, 0x00, 0x00, 0x00, 0x00, 0x00, 0x00, 0x00,
  0x00, 0x00, 0x00, 0x00, 0x00, 0x00, 0x00, 0x00, 0x00, 0x00, 0x00, 0x00, 0x00, 0x00, 0x00, 0x00,
  0x00, 0x00, 0x00, 0x00, 0x00, 0x00, 0x00, 0x00, 0x00, 0x00, 0x00, 0x00, 0x00, 0x00, 0x00, 0x00,
  0x00, 0x00, 0x00, 0x00, 0x00, 0x00, 0x00, 0x00, 0x00, 0x00, 0x00, 0x00, 0x00, 0x00, 0x00, 0x00,
  0x00, 0x00, 0x00, 0xDC, 0x4E, 0x14, 0x7B, 0x36, 0xCA, 0x9B, 0x2E, 0xFF, 0x7B, 0x2E, 0xFF, 0x3A,
  0x26, 0xFF, 0xD9, 0x1D, 0xFF, 0x58, 0x15, 0xFF, 0x58, 0x04, 0xFF, 0xF9, 0x1B, 0xFE, 0x5F, 0x5D,
  0xFF, 0x1F, 0x55, 0xFF, 0x50, 0x2A, 0xFF, 0x21, 0x00, 0xFF, 0x00, 0x00, 0xFF, 0x00, 0x00, 0xFF,
  0x00, 0x00, 0xFF, 0x00, 0x00, 0xFF, 0x00, 0x00, 0xFF, 0x00, 0x00, 0xFF, 0x00, 0x00, 0xFF, 0x00,
  0x00, 0xFF, 0x00, 0x00, 0xFF, 0x00, 0x00, 0xFF, 0x00, 0x00, 0xFF, 0x00, 0x00, 0xFF, 0x00, 0x00,
  0xFF, 0x00, 0x00, 0xFF, 0x00, 0x00, 0xFF, 0x00, 0x00, 0xFF, 0x00, 0x00, 0xFF, 0x00, 0x00, 0xFF,
  0x00, 0x00, 0xFF, 0x00, 0x00, 0xFF, 0x00, 0x00, 0xFF, 0x00, 0x00, 0xFF, 0x00, 0x00, 0xFF, 0x00,
  0x00, 0xFF, 0x00, 0x00, 0xFF, 0x00, 0x00, 0xFF, 0x00, 0x00, 0xFF, 0x00, 0x00, 0xFF, 0x00, 0x00,
  0xFF, 0x00, 0x00, 0xFF, 0x21, 0x00, 0xFF, 0x2C, 0x39, 0xFF, 0x1D, 0x9B, 0xFF, 0x7A, 0x92, 0xFF,
  0x33, 0x61, 0xFE, 0xD5, 0x68, 0xFF, 0x1B, 0x9A, 0xFF, 0x3B, 0x9A, 0xFF, 0x1A, 0x92, 0xFF, 0xF8,
  0x89, 0xFF, 0xF6, 0x89, 0xFF, 0x15, 0x8A, 0xDB, 0xB7, 0x9A, 0x23, 0x00, 0x00, 0x00, 0x00, 0x00,
  0x00, 0x00, 0x00, 0x00, 0x00, 0x00, 0x00, 0x00, 0x00, 0x00, 0x00, 0x00, 0x00, 0x00, 0x00, 0x00,
  0xFF, 0x05, 0x04, 0xDD, 0x0E, 0xDA, 0xFE, 0x0E, 0xFF, 0x9D, 0x0E, 0xFF, 0x9A, 0x0D, 0xBC, 0xFF,
  0x07, 0x01, 0x00, 0x00, 0x00, 0x00, 0x00, 0x00, 0x00, 0x00, 0x00, 0x00, 0x00, 0x00, 0x00, 0x00,
  0x00, 0x00, 0x00, 0x00, 0x00, 0x00, 0x00, 0x00, 0x00, 0x00, 0x00, 0x00, 0x00, 0x55, 0x05, 0x03,
  0x9E, 0x0D, 0xC2, 0xBF, 0x0D, 0xFF, 0x7E, 0x15, 0xFF, 0xDD, 0x24, 0xD5, 0xF7, 0x03, 0x04, 0x1E,
  0x1D, 0x3F, 0x5F, 0x1D, 0xFE, 0xFF, 0x1C, 0xFF, 0x5E, 0x24, 0xFE, 0xBC, 0x13, 0x45, 0xD9, 0x34,
  0x05, 0xBF, 0x1C, 0xD8, 0xDF, 0x2C, 0xFF, 0x7F, 0x24, 0xFF, 0xDD, 0x1B, 0xFF, 0x9D, 0x13, 0xFE,
  0x9D, 0x1B, 0xFE, 0x7D, 0x1B, 0xFE, 0x5D, 0x1B, 0xFE, 0x5D, 0x1B, 0xFE, 0x3D, 0x1B, 0xFE, 0x3D,
  0x23, 0xFE, 0x1D, 0x23, 0xFE, 0x1D, 0x23, 0xFE, 0xFD, 0x22, 0xFA, 0xDC, 0x2A, 0xB5, 0xDB, 0x32,
  0x0E, 0x00, 0x00, 0x00, 0xDE, 0x3B, 0x56, 0x1F, 0x44, 0xFF, 0xDF, 0x4B, 0xFF, 0x5E, 0x4B, 0xA9,
  0x00, 0x00, 0x00, 0x00, 0x00, 0x00, 0x00, 0x00, 0x00, 0xBF, 0x53, 0x93, 0x1F, 0x5C, 0xFF, 0xBF,
  0x5B, 0xFF, 0x1E, 0x53, 0xFF, 0xBD, 0x4A, 0xFD, 0x9D, 0x52, 0xFD, 0x9D, 0x52, 0xFD, 0x7D, 0x52,
  0xFD, 0x7D, 0x5A, 0xFD, 0x7D, 0x5A, 0xFD, 0x7D, 0x62, 0xFD, 0x5D, 0x62, 0xFD, 0x3C, 0x62, 0xFC,
  0x1B, 0x62, 0xE1, 0xF9, 0x59, 0x41, 0x00, 0x00, 0x00, 0x00, 0x00, 0x00, 0x00, 0x00, 0x00, 0x5F,
  0x9B, 0x3D, 0x1F, 0xAC, 0xFD, 0x3F, 0x9B, 0xFF, 0x7D, 0x92, 0xB0, 0x1F, 0x00, 0x01, 0xFE, 0x9A,
  0x48, 0xDF, 0xAB, 0xFE, 0x5F, 0xA3, 0xFF, 0x1E, 0xA3, 0xEF, 0xBD, 0x9A, 0x0F, 0x00, 0x00, 0x00,
  0x00, 0x00, 0x00, 0x00, 0x00, 0x00, 0x00, 0x00, 0x00, 0x00, 0x00, 0x00, 0x00, 0x00, 0x00, 0x00,
  0x00, 0x00, 0x1E, 0xB3, 0x52, 0xFF, 0xC3, 0xFF, 0x3F, 0xBB, 0xFF, 0x1C, 0xB3, 0xF0, 0x00, 0x00,
  0x00, 0x00, 0x00, 0x00, 0x00, 0x00, 0x00, 0x00, 0x00, 0x00, 0x00, 0x00, 0x00, 0x00, 0x00, 0x00,
  0x00, 0x00, 0x00, 0x00, 0x00, 0x00, 0x00, 0x00, 0x00, 0x00, 0x00, 0x00, 0x00, 0x00, 0x00, 0x00,
  0x00, 0x00, 0x00, 0x00, 0x00, 0x00, 0x00, 0x00, 0x00, 0x00, 0x00, 0x00, 0x00, 0x00, 0x00, 0x00,
  0x00, 0x00, 0x00, 0x00, 0x00, 0x00, 0x00, 0x00, 0x00, 0x00, 0x00, 0x00, 0x00, 0x00, 0x00, 0x00,
  0x00, 0x00, 0x00, 0x00, 0x00, 0x00, 0x3A, 0x46, 0x12, 0x3A, 0x46, 0x94, 0xF9, 0x35, 0xF2, 0x78,
  0x25, 0xFE, 0xF9, 0x14, 0xFF, 0x7A, 0x0C, 0xFF, 0x98, 0x03, 0xF9, 0x58, 0x1B, 0x92, 0x3F, 0x5D,
  0xF1, 0x1F, 0x5D, 0xFF, 0xFA, 0x4B, 0xFF, 0x84, 0x08, 0xFF, 0x00, 0x00, 0xFF, 0x00, 0x00, 0xFF,
  0x00, 0x00, 0xFF, 0x00, 0x00, 0xFF, 0x00, 0x00, 0xFF, 0x00, 0x00, 0xFF, 0x00, 0x00, 0xFF, 0x00,
  0x00, 0xFF, 0x00, 0x00, 0xFF, 0x00, 0x00, 0xFF, 0x00, 0x00, 0xFF, 0x00, 0x00, 0xFF, 0x00, 0x00,
  0xFF, 0x00, 0x00, 0xFF, 0x00, 0x00, 0xFF, 0x00, 0x00, 0xFF, 0x00, 0x00, 0xFF, 0x00, 0x00, 0xFF,
  0x00, 0x00, 0xFF, 0x00, 0x00, 0xFF, 0x00, 0x00, 0xFF, 0x00, 0x00, 0xFF, 0x00, 0x00, 0xFF, 0x00,
  0x00, 0xFF, 0x00, 0x00, 0xFF, 0x00, 0x00, 0xFF, 0x00, 0x00, 0xFF, 0x00, 0x00, 0xFF, 0x00, 0x00,
  0xFF, 0x00, 0x00, 0xFF, 0x63, 0x10, 0xFF, 0x96, 0x7A, 0xFF, 0xBC, 0x92, 0xFF, 0x18, 0x8A, 0xFC,
  0x91, 0x71, 0x84, 0x10, 0x71, 0xED, 0xB4, 0x91, 0xFE, 0xD4, 0x99, 0xFF, 0xD4, 0x81, 0xFF, 0x14,
  0x82, 0xF6, 0x55, 0x92, 0xAA, 0xB6, 0x92, 0x1B, 0x00, 0x00, 0x00, 0x00, 0x00, 0x00, 0x00, 0x00,
  0x00, 0x00, 0x00, 0x00, 0x00, 0x00, 0x00, 0x00, 0x00, 0x00, 0x00, 0x00, 0x00, 0x00, 0x00, 0x00,
  0xFF, 0x05, 0x04, 0xBD, 0x0E, 0xDA, 0xDE, 0x0E, 0xFF, 0x7D, 0x06, 0xFF, 0x7A, 0x0D, 0xBC, 0xFF,
  0x07, 0x01, 0x00, 0x00, 0x00, 0x00, 0x00, 0x00, 0x00, 0x00, 0x00, 0x00, 0x00, 0x00, 0x00, 0x00,
  0x00, 0x00, 0x00, 0x00, 0x00, 0x00, 0x00, 0x00, 0x00, 0x00, 0x00, 0x00, 0x00, 0xFF, 0x03, 0x02,
  0xDE, 0x1D, 0xC2, 0xBF, 0x1D, 0xFF, 0x5E, 0x15, 0xFF, 0x7C, 0x14, 0xDA, 0x39, 0x03, 0x05, 0xFE,
  0x24, 0x3E, 0x3F, 0x1D, 0xFE, 0xFF, 0x1C, 0xFF, 0x3E, 0x1C, 0xFE, 0xBC, 0x13, 0x44, 0xFF, 0x03,
  0x02, 0x9F, 0x24, 0xC2, 0xBF, 0x2C, 0xFF, 0x7F, 0x24, 0xFF, 0xBD, 0x23, 0xD7, 0x1A, 0x1B, 0x46,
  0x1C, 0x1B, 0x43, 0xDB, 0x1A, 0x45, 0xDB, 0x1A, 0x45, 0xBB, 0x1A, 0x44, 0x9B, 0x1A, 0x44, 0x9B,
  0x1A, 0x43, 0x9B, 0x22, 0x44, 0xBB, 0x22, 0x42, 0xBB, 0x2A, 0x2A, 0x39, 0x33, 0x05, 0x00, 0x00,
  0x00, 0x00, 0x00, 0x00, 0xDE, 0x3B, 0x33, 0xFF, 0x43, 0xFC, 0xFF, 0x4B, 0xFF, 0x9E, 0x5B, 0xD3,
  0xFF, 0x3B, 0x04, 0x00, 0x00, 0x00, 0x00, 0x00, 0x00, 0xBF, 0x53, 0x71, 0xDF, 0x5B, 0xFF, 0xBF,
  0x5B, 0xFF, 0x5E, 0x63, 0xE0, 0x3B, 0x42, 0x3E, 0x1B, 0x42, 0x3B, 0x1B, 0x4A, 0x3B, 0x1A, 0x4A,
  0x3B, 0x1A, 0x4A, 0x3A, 0x1A, 0x52, 0x3A, 0xFA, 0x51, 0x3D, 0xDA, 0x51, 0x3C, 0xFA, 0x51, 0x33,
  0x59, 0x5A, 0x0E, 0x00, 0x00, 0x00, 0x00, 0x00, 0x00, 0x00, 0x00, 0x00, 0x00, 0x00, 0x00, 0x7E,
  0x9B, 0x6A, 0xFF, 0xAB, 0xFF, 0xFE, 0x9A, 0xFF, 0x5D, 0x8A, 0x83, 0x00, 0x00, 0x00, 0xFE, 0x92,
  0x49, 0x7F, 0xA3, 0xFE, 0x3F, 0xA3, 0xFF, 0xFE, 0xA2, 0xEF, 0xBD, 0x9A, 0x0F, 0x00, 0x00, 0x00,
  0x00, 0x00, 0x00, 0x00, 0x00, 0x00, 0x00, 0x00, 0x00, 0x00, 0x00, 0x00, 0x00, 0x00, 0x00, 0x1F,
  0xF8, 0x01, 0xDF, 0xBB, 0x90, 0xDF, 0xC3, 0xFF, 0xDE, 0xB2, 0xFF, 0x9B, 0xA2, 0xD4, 0x00, 0x00,
  0x00, 0x00, 0x00, 0x00, 0x00, 0x00, 0x00, 0x00, 0x00, 0x00, 0x00, 0x00, 0x00, 0x00, 0x00, 0x00,
  0x00, 0x00, 0x00, 0x00, 0x00, 0x00, 0x00, 0x00, 0x00, 0x00, 0x00, 0x00, 0x00, 0x00, 0x00, 0x00,
  0x00, 0x00, 0x00, 0x00, 0x00, 0x00, 0x00, 0x00, 0x00, 0x00, 0x00, 0x00, 0x00, 0x00, 0x00, 0x00,
  0x00, 0x00, 0x00, 0x00, 0x00, 0x00, 0x00, 0x00, 0x00, 0x00, 0x00, 0x00, 0x00, 0x00, 0x00, 0x00,
  0x00, 0x00, 0x00, 0x00, 0x00, 0x00, 0x00, 0x00, 0x00, 0xFF, 0xFF, 0x01, 0x98, 0x45, 0x1E, 0x17,
  0x35, 0x5E, 0xB9, 0x2C, 0x7E, 0x5A, 0x1C, 0x73, 0x99, 0x1B, 0x42, 0xBC, 0x2A, 0x32, 0x7E, 0x4C,
  0xD0, 0xFF, 0x54, 0xFF, 0xBE, 0x54, 0xFF, 0xCD, 0x21, 0xFF, 0x62, 0x08, 0xFF, 0x00, 0x00, 0xFF,
  0x00, 0x00, 0xFF, 0x00, 0x00, 0xFF, 0x00, 0x00, 0xFF, 0x00, 0x00, 0xFF, 0x00, 0x00, 0xFF, 0x00,
  0x00, 0xFF, 0x00, 0x00, 0xFF, 0x00, 0x00, 0xFF, 0x00, 0x00, 0xFF, 0x00, 0x00, 0xFF, 0x00, 0x00,
  0xFF, 0x00, 0x00, 0xFF, 0x00, 0x00, 0xFF, 0x00, 0x00, 0xFF, 0x00, 0x00, 0xFF, 0x00, 0x00, 0xFF,
  0x00, 0x00, 0xFF, 0x00, 0x00, 0xFF, 0x00, 0x00, 0xFF, 0x00, 0x00, 0xFF, 0x00, 0x00, 0xFF, 0x00,
  0x00, 0xFF, 0x00, 0x00, 0xFF, 0x00, 0x00, 0xFF, 0x00, 0x00, 0xFF, 0x00, 0x00, 0xFF, 0x00, 0x00,
  0xFF, 0x41, 0x08, 0xFF, 0xC8, 0x28, 0xFF, 0xFC, 0x92, 0xFF, 0x5A, 0x8A, 0xFF, 0x36, 0x8A, 0xD9,
  0x76, 0x9A, 0x0A, 0xCF, 0x81, 0x1B, 0xD0, 0x91, 0x5D, 0xD0, 0x89, 0x7C, 0x33, 0x82, 0x60, 0x53,
  0x8A, 0x25, 0xB5, 0xAA, 0x03, 0x00, 0x00, 0x00, 0x00, 0x00, 0x00, 0x00, 0x00, 0x00, 0x00, 0x00,
  0x00, 0x00, 0x00, 0x00, 0x00, 0x00, 0x00, 0x00, 0x00, 0x00, 0x00, 0x00, 0x00, 0x00, 0x00, 0x00,
  0xFF, 0x05, 0x04, 0x9D, 0x0E, 0xDA, 0xBE, 0x06, 0xFF, 0x7D, 0x06, 0xFF, 0xDB, 0x15, 0xC4, 0xFC,
  0x15, 0x23, 0x1D, 0x16, 0x22, 0x1D, 0x1E, 0x21, 0x1D, 0x1E, 0x21, 0x1C, 0x1E, 0x21, 0x1D, 0x1E,
  0x21, 0xDD, 0x15, 0x22, 0xDD, 0x1D, 0x21, 0xDD, 0x15, 0x21, 0xBE, 0x1D, 0x23, 0xFE, 0x25, 0x65,
  0x7F, 0x4E, 0xF7, 0x9F, 0x1D, 0xFF, 0xDD, 0x0C, 0xFF, 0x3B, 0x14, 0xBE, 0xFF, 0x07, 0x01, 0xDE,
  0x24, 0x3D, 0x1F, 0x1D, 0xFD, 0xDF, 0x1C, 0xFF, 0x3E, 0x1C, 0xFE, 0xBC, 0x13, 0x44, 0x00, 0x00,
  0x00, 0x3E, 0x1C, 0x84, 0x7F, 0x24, 0xFF, 0x7F, 0x2C, 0xFF, 0x9F, 0x4C, 0xFA, 0xFE, 0x33, 0x79,
  0x1E, 0x34, 0x1D, 0x3E, 0x34, 0x13, 0xDE, 0x33, 0x13, 0xDE, 0x33, 0x13, 0xDE, 0x43, 0x13, 0xDE,
  0x43, 0x13, 0xFE, 0x43, 0x12, 0xFF, 0x43, 0x12, 0x7D, 0x4B, 0x10, 0xFF, 0x7B, 0x02, 0x00, 0x00,
  0x00, 0x00, 0x00, 0x00, 0xDE, 0x4B, 0x11, 0xDF, 0x43, 0xED, 0xDF, 0x4B, 0xFF, 0xBE, 0x5B, 0xF5,
  0x3D, 0x4B, 0x1E, 0x00, 0x00, 0x00, 0x00, 0x00, 0x00, 0x5E, 0x4B, 0x37, 0x9F, 0x53, 0xFB, 0xBF,
  0x63, 0xFF, 0xBF, 0x73, 0xFC, 0x3E, 0x6B, 0x80, 0x9F, 0x7B, 0x19, 0x7F, 0x7B, 0x10, 0x5E, 0x7B,
  0x11, 0x5E, 0x7B, 0x11, 0x5E, 0x7B, 0x11, 0x5E, 0x83, 0x11, 0x7F, 0x8B, 0x10, 0xFD, 0x7A, 0x10,
  0xF7, 0x79, 0x04, 0x00, 0x00, 0x00, 0x00, 0x00, 0x00, 0x00, 0x00, 0x00, 0x1F, 0xF8, 0x01, 0xDF,
  0xA3, 0xB2, 0x9F, 0xA3, 0xFF, 0xDE, 0x92, 0xFD, 0x9C, 0x8A, 0x45, 0x00, 0x00, 0x00, 0xDF, 0x92,
  0x49, 0x5F, 0xA3, 0xFE, 0x3F, 0xA3, 0xFF, 0xFE, 0xA2, 0xEF, 0xBB, 0x9A, 0x0F, 0xBF, 0xAA, 0x03,
  0x1E, 0xAB, 0x12, 0x7E, 0xAB, 0x15, 0x5F, 0xBB, 0x16, 0x1E, 0xB3, 0x17, 0x7E, 0xBB, 0x1C, 0x7E,
  0xBB, 0x6A, 0x1F, 0xC4, 0xF6, 0x3F, 0xBB, 0xFF, 0xBD, 0xAA, 0xFF, 0x7A, 0x9A, 0x88, 0x00, 0x00,
  0x00, 0x00, 0x00, 0x00, 0x00, 0x00, 0x00, 0x00, 0x00, 0x00, 0x00, 0x00, 0x00, 0x00, 0x00, 0x00,
  0x00, 0x00, 0x00, 0x00, 0x00, 0x00, 0x00, 0x00, 0x00, 0x00, 0x00, 0x00, 0x00, 0x00, 0x00, 0x00,
  0x00, 0x00, 0x00, 0x00, 0x00, 0x00, 0x00, 0x00, 0x00, 0x00, 0x00, 0x00, 0x00, 0x00, 0x00, 0x00,
  0x00, 0x00, 0x00, 0x00, 0x00, 0x00, 0x00, 0x00, 0x00, 0x00, 0x00, 0x00, 0x00, 0x00, 0x00, 0x00,
  0x00, 0x00, 0x00, 0x00, 0x00, 0x00, 0x00, 0x00, 0x00, 0x00, 0x00, 0x00, 0x00, 0x00, 0x00, 0x00,
  0x00, 0x00, 0x5F, 0x55, 0x06, 0x5F, 0x24, 0x76, 0x7F, 0x0B, 0xE6, 0x1F, 0x0B, 0xFB, 0xDF, 0x12,
  0xFE, 0xFF, 0x5C, 0xFF, 0xFF, 0x5C, 0xFF, 0xF9, 0x53, 0xFF, 0xC5, 0x10, 0xFF, 0x41, 0x08, 0xFF,
  0x00, 0x00, 0xFF, 0x00, 0x00, 0xFF, 0x00, 0x00, 0xFF, 0x00, 0x00, 0xFF, 0x00, 0x00, 0xFF, 0x00,
  0x00, 0xFF, 0x00, 0x00, 0xFF, 0x00, 0x00, 0xFF, 0x00, 0x00, 0xFF, 0x00, 0x00, 0xFF, 0x00, 0x00,
  0xFF, 0x00, 0x00, 0xFF, 0x00, 0x00, 0xFF, 0x00, 0x00, 0xFF, 0x00, 0x00, 0xFF, 0x00, 0x00, 0xFF,
  0x00, 0x00, 0xFF, 0x00, 0x00, 0xFF, 0x00, 0x00, 0xFF, 0x00, 0x00, 0xFF, 0x00, 0x00, 0xFF, 0x00,
  0x00, 0xFF, 0x00, 0x00, 0xFF, 0x00, 0x00, 0xFF, 0x00, 0x00, 0xFF, 0x00, 0x00, 0xFF, 0x41, 0x08,
  0xFF, 0x83, 0x18, 0xFF, 0x95, 0x72, 0xFF, 0xBB, 0x92, 0xFF, 0x57, 0x92, 0xFF, 0xED, 0x99, 0xD8,
  0x68, 0xBA, 0xAB, 0x29, 0xE3, 0x7C, 0x2C, 0xEC, 0x19, 0x00, 0x00, 0x00, 0x00, 0x00, 0x00, 0x00,
  0x00, 0x00, 0x00, 0x00, 0x00, 0x00, 0x00, 0x00, 0x00, 0x00, 0x00, 0x00, 0x00, 0x00, 0x00, 0x00,
  0x00, 0x00, 0x00, 0x00, 0x00, 0x00, 0x00, 0x00, 0x00, 0x00, 0x00, 0x00, 0x00, 0x00, 0x00, 0x00,
  0xF7, 0x05, 0x04, 0x7D, 0x06, 0xD6, 0x9E, 0x06, 0xFF, 0x7D, 0x06, 0xFF, 0x5D, 0x16, 0xFE, 0x9E,
  0x2E, 0xF9, 0x9E, 0x36, 0xF9, 0x9E, 0x2E, 0xF9, 0x7E, 0x2E, 0xF9, 0x5E, 0x26, 0xF9, 0x5E, 0x2E,
  0xF9, 0x3E, 0x2E, 0xF9, 0x3E, 0x26, 0xF9, 0x1E, 0x26, 0xF9, 0x1F, 0x26, 0xF9, 0x1F, 0x2E, 0xFE,
  0xBF, 0x25, 0xFF, 0x1E, 0x0D, 0xFF, 0x7C, 0x0C, 0xFE, 0xFA, 0x13, 0x64, 0x00, 0x00, 0x00, 0xBD,
  0x1C, 0x3D, 0xFF, 0x1C, 0xFD, 0xBF, 0x1C, 0xFF, 0x1E, 0x24, 0xFE, 0x9C, 0x1B, 0x43, 0x00, 0x00,
  0x00, 0xFD, 0x23, 0x20, 0x1E, 0x24, 0xEE, 0x3F, 0x24, 0xFF, 0x5F, 0x2C, 0xFF, 0x5F, 0x3C, 0xFE,
  0x7F, 0x44, 0xF7, 0x7F, 0x44, 0xF2, 0x7F, 0x44, 0xF2, 0x5F, 0x4C, 0xF2, 0x5F, 0x4C, 0xF2, 0x5F,
  0x54, 0xF2, 0x5F, 0x54, 0xF1, 0x3F, 0x54, 0xF2, 0x1F, 0x54, 0xEE, 0x9E, 0x4B, 0x90, 0xFF, 0x7B,
  0x02, 0x00, 0x00, 0x00, 0xEF, 0x03, 0x02, 0x9E, 0x3B, 0xB6, 0xDF, 0x4B, 0xFF, 0xFF, 0x5B, 0xFF,
  0x7E, 0x5B, 0x75, 0x00, 0x00, 0x00, 0x00, 0x00, 0x00, 0xBF, 0x52, 0x06, 0x3E, 0x4B, 0xC3, 0x5F,
  0x5B, 0xFF, 0x7F, 0x63, 0xFF, 0xBF, 0x73, 0xFE, 0xDF, 0x7B, 0xF4, 0xDF, 0x83, 0xF0, 0xBF, 0x83,
  0xF0, 0xBF, 0x8B, 0xF0, 0xBF, 0x8B, 0xF0, 0xBF, 0x8B, 0xF0, 0x9F, 0x93, 0xF0, 0x7F, 0x93, 0xEF,
  0x5E, 0x93, 0xB2, 0x3C, 0x7B, 0x0A, 0x00, 0x00, 0x00, 0x00, 0x00, 0x00, 0x3E, 0x93, 0x1B, 0x1F,
  0xAC, 0xF0, 0x3F, 0x9B, 0xFF, 0x7D, 0x8A, 0xEE, 0x9C, 0x82, 0x13, 0x00, 0x00, 0x00, 0xBE, 0x92,
  0x49, 0x3F, 0xA3, 0xFE, 0x1F, 0xA3, 0xFF, 0xDE, 0x9A, 0xEF, 0xDB, 0x9A, 0x17, 0x5E, 0xAB, 0xAB,
  0xBF, 0xBB, 0xF0, 0xBF, 0xBB, 0xF4, 0xBF, 0xBB, 0xF5, 0x9F, 0xC3, 0xF5, 0x7F, 0xC3, 0xF7, 0x7F,
  0xC3, 0xFE, 0x1F, 0xBB, 0xFF, 0xBE, 0xAA, 0xFF, 0x7A, 0x9A, 0xE8, 0xB9, 0x92, 0x1B, 0x00, 0x00,
  0x00, 0x00, 0x00, 0x00, 0x00, 0x00, 0x00, 0x00, 0x00, 0x00, 0x00, 0x00, 0x00, 0x00, 0x00, 0x00,
  0x00, 0x00, 0x00, 0x00, 0x00, 0x00, 0x00, 0x00, 0x00, 0x00, 0x00, 0x00, 0x00, 0x00, 0x00, 0x00,
  0x00, 0x00, 0x00, 0x00, 0x00, 0x00, 0x00, 0x00, 0x00, 0x00, 0x00, 0x00, 0x00, 0x00, 0x00, 0x00,
  0x00, 0x00, 0x00, 0x00, 0x00, 0x00, 0x00, 0x00, 0x00, 0x00, 0x00, 0x00, 0x00, 0x00, 0x00, 0x00,
  0x00, 0x00, 0x00, 0x00, 0x00, 0x00, 0x00, 0x00, 0x00, 0x00, 0x00, 0x00, 0x00, 0x00, 0x00, 0xFF,
  0x3B, 0x04, 0x7F, 0x44, 0x95, 0xDF, 0x14, 0xFD, 0xFF, 0x2C, 0xFF, 0xDF, 0x13, 0xFF, 0x7F, 0x02,
  0xFF, 0xBF, 0x33, 0xFF, 0xDF, 0x5C, 0xFF, 0xDE, 0x64, 0xFF, 0x71, 0x32, 0xFF, 0x83, 0x10, 0xFF,
  0x41, 0x00, 0xFF, 0x00, 0x00, 0xFF, 0x00, 0x00, 0xFF, 0x00, 0x00, 0xFF, 0x00, 0x00, 0xFF, 0x00,
  0x00, 0xFF, 0x00, 0x00, 0xFF, 0x00, 0x00, 0xFF, 0x00, 0x00, 0xFF, 0x00, 0x00, 0xFF, 0x00, 0x00,
  0xFF, 0x00, 0x00, 0xFF, 0x00, 0x00, 0xFF, 0x00, 0x00, 0xFF, 0x00, 0x00, 0xFF, 0x00, 0x00, 0xFF,
  0x00, 0x00, 0xFF, 0x00, 0x00, 0xFF, 0x00, 0x00, 0xFF, 0x00, 0x00, 0xFF, 0x00, 0x00, 0xFF, 0x00,
  0x00, 0xFF, 0x00, 0x00, 0xFF, 0x00, 0x00, 0xFF, 0x00, 0x00, 0xFF, 0x41, 0x08, 0xFF, 0x82, 0x18,
  0xFF, 0x6C, 0x41, 0xFF, 0xDC, 0x92, 0xFF, 0x38, 0x8A, 0xFF, 0xF1, 0x99, 0xFF, 0xE6, 0xB1, 0xFF,
  0xE9, 0xEB, 0xFF, 0x8A, 0xFC, 0xFF, 0x8B, 0xFC, 0xE5, 0x0B, 0xF4, 0x45, 0x00, 0x00, 0x00, 0x00,
  0x00, 0x00, 0x00, 0x00, 0x00, 0x00, 0x00, 0x00, 0x00, 0x00, 0x00, 0x00, 0x00, 0x00, 0x00, 0x00,
  0x00, 0x00, 0x00, 0x00, 0x00, 0x00, 0x00, 0x00, 0x00, 0x00, 0x00, 0x00, 0x00, 0x00, 0x00, 0x00,
  0x00, 0x00, 0x00, 0x1C, 0x0E, 0x99, 0x3D, 0x06, 0xFF, 0x3D, 0x06, 0xFF, 0x1D, 0x06, 0xFF, 0x1D,
  0x06, 0xFF, 0xFD, 0x05, 0xFF, 0xFD, 0x05, 0xFF, 0xDD, 0x05, 0xFF, 0xDD, 0x05, 0xFF, 0xBD, 0x05,
  0xFF, 0x9D, 0x05, 0xFF, 0x7D, 0x0D, 0xFF, 0x7E, 0x0D, 0xFF, 0x7E, 0x0D, 0xFF, 0x3E, 0x0D, 0xFF,
  0xDD, 0x0C, 0xFF, 0x5B, 0x0C, 0xFF, 0x1A, 0x14, 0xBC, 0x78, 0x1C, 0x09, 0x00, 0x00, 0x00, 0x7D,
  0x1C, 0x36, 0xBF, 0x1C, 0xFC, 0x7F, 0x1C, 0xFF, 0xFD, 0x1B, 0xFD, 0xBC, 0x1B, 0x3A, 0x00, 0x00,
  0x00, 0x00, 0x00, 0x00, 0xDC, 0x2B, 0x57, 0xBD, 0x1B, 0xF4, 0xDE, 0x23, 0xFF, 0xDF, 0x23, 0xFF,
  0xDF, 0x2B, 0xFF, 0xDF, 0x2B, 0xFF, 0xDF, 0x2B, 0xFF, 0xBF, 0x33, 0xFF, 0x9F, 0x33, 0xFF, 0x9F,
  0x33, 0xFF, 0x9F, 0x3B, 0xFF, 0x9F, 0x3B, 0xFF, 0x5F, 0x3B, 0xFF, 0x5E, 0x43, 0xEF, 0xFD, 0x3A,
  0x10, 0x00, 0x00, 0x00, 0x00, 0x00, 0x00, 0x7E, 0x3B, 0x4C, 0xBF, 0x43, 0xFD, 0xBF, 0x53, 0xFF,
  0xDF, 0x63, 0xE5, 0x1C, 0x53, 0x15, 0x00, 0x00, 0x00, 0x00, 0x00, 0x00, 0x1C, 0x53, 0x24, 0xFD,
  0x4A, 0xDA, 0xFE, 0x52, 0xFF, 0x1F, 0x63, 0xFF, 0x1F, 0x63, 0xFF, 0x1F, 0x6B, 0xFF, 0x1F, 0x6B,
  0xFF, 0x1F, 0x73, 0xFF, 0xFF, 0x72, 0xFF, 0xFF, 0x72, 0xFF, 0xDF, 0x7A, 0xFF, 0xDF, 0x7A, 0xFF,
  0xBE, 0x7A, 0xFB, 0x5D, 0x72, 0x2D, 0x00, 0x00, 0x00, 0x1F, 0xF8, 0x01, 0xDF, 0xA3, 0x88, 0xDF,
  0xA3, 0xFF, 0xBE, 0x92, 0xFF, 0x3B, 0x82, 0xA3, 0x1F, 0xF8, 0x01, 0x00, 0x00, 0x00, 0xDE, 0x9A,
  0x48, 0x3F, 0xA3, 0xFE, 0x1F, 0xA3, 0xFF, 0x7D, 0x92, 0xF0, 0x7C, 0x92, 0x34, 0x1E, 0xA3, 0xF9,
  0xDF, 0xA2, 0xFF, 0xDF, 0xA2, 0xFF, 0xDF, 0xA2, 0xFF, 0xBF, 0xAA, 0xFF, 0xBE, 0xAA, 0xFF, 0x9E,
  0xAA, 0xFF, 0x7D, 0x9A, 0xFF, 0x3A, 0x8A, 0xEE, 0x38, 0x8A, 0x46, 0x00, 0x00, 0x00, 0x00, 0x00,
  0x00, 0x00, 0x00, 0x00, 0x00, 0x00, 0x00, 0x00, 0x00, 0x00, 0x00, 0x00, 0x00, 0x00, 0x00, 0x00,
  0x00, 0x00, 0x00, 0x00, 0x00, 0x00, 0x00, 0x00, 0x00, 0x00, 0x00, 0x00, 0x00, 0x00, 0x00, 0x00,
  0x00, 0x00, 0x00, 0x00, 0x00, 0x00, 0x00, 0x00, 0x00, 0x00, 0x00, 0x00, 0x00, 0x00, 0x00, 0x00,
  0x00, 0x00, 0x00, 0x00, 0x00, 0x00, 0x00, 0x00, 0x00, 0x00, 0x00, 0x00, 0x00, 0x00, 0x00, 0x00,
  0x00, 0x00, 0x00, 0x00, 0x00, 0x00, 0x00, 0x00, 0x00, 0x00, 0x00, 0x00, 0x00, 0x00, 0x00, 0x7F,
  0x5C, 0x4E, 0xFF, 0x3C, 0xFB, 0x7F, 0x86, 0xFF, 0x9F, 0x5D, 0xFF, 0xFF, 0x1B, 0xFF, 0xBF, 0x02,
  0xFF, 0x1F, 0x0A, 0xFF, 0x3F, 0x4C, 0xFF, 0xBF, 0x5C, 0xFF, 0x5D, 0x5C, 0xFF, 0x8C, 0x21, 0xFF,
  0x82, 0x10, 0xFF, 0x41, 0x08, 0xFF, 0x00, 0x00, 0xFF, 0x00, 0x00, 0xFF, 0x00, 0x00, 0xFF, 0x00,
  0x00, 0xFF, 0x00, 0x00, 0xFF, 0x00, 0x00, 0xFF, 0x00, 0x00, 0xFF, 0x00, 0x00, 0xFF, 0x00, 0x00,
  0xFF, 0x00, 0x00, 0xFF, 0x00, 0x00, 0xFF, 0x00, 0x00, 0xFF, 0x00, 0x00, 0xFF, 0x00, 0x00, 0xFF,
  0x00, 0x00, 0xFF, 0x00, 0x00, 0xFF, 0x00, 0x00, 0xFF, 0x00, 0x00, 0xFF, 0x00, 0x00, 0xFF, 0x00,
  0x00, 0xFF, 0x00, 0x00, 0xFF, 0x00, 0x00, 0xFF, 0x41, 0x08, 0xFF, 0x82, 0x10, 0xFF, 0xE6, 0x28,
  0xFF, 0xDA, 0x8A, 0xFF, 0x59, 0x8A, 0xFF, 0x35, 0x9A, 0xFF, 0x67, 0x89, 0xFF, 0x09, 0xEC, 0xFF,
  0xAE, 0xFD, 0xFF, 0xEF, 0xFD, 0xFF, 0x0A, 0xFD, 0xFF, 0x6A, 0xFC, 0xEC, 0xAD, 0xF4, 0x24, 0x00,
  0x00, 0x00, 0x00, 0x00, 0x00, 0x00, 0x00, 0x00, 0x00, 0x00, 0x00, 0x00, 0x00, 0x00, 0x00, 0x00,
  0x00, 0x00, 0x00, 0x00, 0x00, 0x00, 0x00, 0x00, 0x00, 0x00, 0x00, 0x00, 0x00, 0x00, 0x00, 0x00,
  0x00, 0x00, 0x00, 0xDA, 0x15, 0x16, 0x7A, 0x0D, 0xBF, 0x39, 0x05, 0xF7, 0x19, 0x05, 0xFB, 0xF9,
  0x04, 0xFB, 0xD9, 0x04, 0xFB, 0xD9, 0x04, 0xFB, 0xB9, 0x04, 0xFA, 0xB9, 0x04, 0xFB, 0x99, 0x04,
  0xFB, 0x99, 0x04, 0xFB, 0x79, 0x04, 0xFA, 0x5A, 0x04, 0xFA, 0x59, 0x04, 0xFB, 0x39, 0x04, 0xF9,
  0x19, 0x04, 0xE7, 0xD8, 0x0B, 0x8E, 0xB7, 0x23, 0x0F, 0x00, 0x00, 0x00, 0x00, 0x00, 0x00, 0x5A,
  0x24, 0x0D, 0x1C, 0x14, 0xCB, 0xBB, 0x13, 0xFA, 0x59, 0x13, 0xCF, 0x79, 0x23, 0x0E, 0x00, 0x00,
  0x00, 0x00, 0x00, 0x00, 0x1F, 0x00, 0x01, 0x7A, 0x23, 0x35, 0x3A, 0x1B, 0xB3, 0x1B, 0x1B, 0xEB,
  0xFB, 0x1A, 0xF6, 0xFB, 0x1A, 0xF8, 0xDB, 0x1A, 0xF8, 0xDB, 0x1A, 0xF8, 0xBA, 0x1A, 0xF8, 0xBB,
  0x22, 0xF8, 0xBB, 0x22, 0xF8, 0xBB, 0x2A, 0xF8, 0x9B, 0x2A, 0xF4, 0x9A, 0x32, 0x98, 0xFF, 0x7B,
  0x02, 0x00, 0x00, 0x00, 0x00, 0x00, 0x00, 0x7F, 0x4B, 0x07, 0x7E, 0x43, 0xCB, 0x9F, 0x4B, 0xFF,
  0xBF, 0x63, 0xFF, 0x9E, 0x63, 0x9F, 0x39, 0x63, 0x05, 0x00, 0x00, 0x00, 0x00, 0x00, 0x00, 0x9B,
  0x42, 0x16, 0x7A, 0x42, 0x8A, 0x7B, 0x4A, 0xDC, 0x5B, 0x4A, 0xF1, 0x5B, 0x4A, 0xF4, 0x5B, 0x52,
  0xF4, 0x3B, 0x52, 0xF4, 0x3B, 0x52, 0xF4, 0x3B, 0x5A, 0xF4, 0x3B, 0x5A, 0xF4, 0x1A, 0x5A, 0xF3,
  0xFA, 0x59, 0xB9, 0x37, 0x5A, 0x0B, 0x00, 0x00, 0x00, 0x7F, 0x9B, 0x3D, 0x3F, 0xAC, 0xF4, 0xFE,
  0x92, 0xFF, 0x5C, 0x82, 0xF5, 0x3A, 0x72, 0x2D, 0x00, 0x00, 0x00, 0x00, 0x00, 0x00, 0xDE, 0x92,
  0x48, 0x1F, 0xA3, 0xFE, 0xFF, 0xA2, 0xFF, 0x7D, 0x92, 0xEF, 0x7B, 0x92, 0x17, 0x7B, 0x8A, 0xB4,
  0x1A, 0x7A, 0xF2, 0x1A, 0x7A, 0xF3, 0x1A, 0x7A, 0xF3, 0xFA, 0x81, 0xF3, 0xF9, 0x81, 0xF1, 0xF9,
  0x81, 0xE0, 0xF7, 0x81, 0x9D, 0x37, 0x7A, 0x28, 0x00, 0x00, 0x00, 0x00, 0x00, 0x00, 0x00, 0x00,
  0x00, 0x00, 0x00, 0x00, 0x00, 0x00, 0x00, 0x00, 0x00, 0x00, 0x00, 0x00, 0x00, 0x00, 0x00, 0x00,
  0x00, 0x00, 0x00, 0x00, 0x00, 0x00, 0x00, 0x00, 0x00, 0x00, 0x00, 0x00, 0x00, 0x00, 0x00, 0x00,
  0x00, 0x00, 0x00, 0x00, 0x00, 0x00, 0x00, 0x00, 0x00, 0x00, 0x00, 0x00, 0x00, 0x00, 0x00, 0x00,
  0x00, 0x00, 0x00, 0x00, 0x00, 0x00, 0x00, 0x00, 0x00, 0x00, 0x00, 0x00, 0x00, 0x00, 0x00, 0x00,
  0x00, 0x00, 0x00, 0x00, 0x00, 0x00, 0x00, 0x00, 0x00, 0x00, 0x00, 0x00, 0xFF, 0x7B, 0x02, 0x9F,
  0x44, 0xB9, 0x5F, 0x76, 0xFF, 0xBF, 0x96, 0xFF, 0xDF, 0x14, 0xFF, 0x1F, 0x14, 0xFF, 0x3F, 0x03,
  0xFF, 0x3F, 0x02, 0xFF, 0x7F, 0x1A, 0xFF, 0x5F, 0x4C, 0xFF, 0x9F, 0x64, 0xFF, 0xFC, 0x5B, 0xFF,
  0x29, 0x19, 0xFF, 0x82, 0x10, 0xFF, 0x41, 0x08, 0xFF, 0x20, 0x00, 0xFF, 0x00, 0x00, 0xFF, 0x00,
  0x00, 0xFF, 0x00, 0x00, 0xFF, 0x00, 0x00, 0xFF, 0x00, 0x00, 0xFF, 0x00, 0x00, 0xFF, 0x00, 0x00,
  0xFF, 0x00, 0x00, 0xFF, 0x00, 0x00, 0xFF, 0x00, 0x00, 0xFF, 0x00, 0x00, 0xFF, 0x00, 0x00, 0xFF,
  0x00, 0x00, 0xFF, 0x00, 0x00, 0xFF, 0x00, 0x00, 0xFF, 0x00, 0x00, 0xFF, 0x00, 0x00, 0xFF, 0x00,
  0x00, 0xFF, 0x20, 0x00, 0xFF, 0x61, 0x08, 0xFF, 0xA2, 0x10, 0xFF, 0xE6, 0x28, 0xFF, 0xB7, 0x82,
  0xFF, 0x5A, 0x8A, 0xFF, 0x35, 0x92, 0xFF, 0x4B, 0x81, 0xFF, 0x26, 0xCB, 0xFF, 0x8D, 0xFD, 0xFF,
  0x30, 0xFE, 0xFF, 0x8B, 0xFD, 0xFF, 0x8D, 0xFD, 0xFF, 0x4E, 0xFD, 0xFF, 0x6B, 0xFC, 0x9E, 0xFF,
  0xFF, 0x01, 0x00, 0x00, 0x00, 0x00, 0x00, 0x00, 0x00, 0x00, 0x00, 0x00, 0x00, 0x00, 0x00, 0x00,
  0x00, 0x00, 0x00, 0x00, 0x00, 0x00, 0x00, 0x00, 0x00, 0x00, 0x00, 0x00, 0x00, 0x00, 0x00, 0x00,
  0x00, 0x00, 0x00, 0x00, 0x00, 0x00, 0xD9, 0x34, 0x05, 0xD7, 0x1C, 0x1E, 0x76, 0x1C, 0x27, 0x36,
  0x14, 0x28, 0x36, 0x14, 0x28, 0x56, 0x1C, 0x27, 0x56, 0x1C, 0x27, 0x16, 0x1C, 0x27, 0x16, 0x1C,
  0x27, 0x16, 0x1C, 0x27, 0x37, 0x1C, 0x26, 0xF6, 0x1B, 0x26, 0xF6, 0x1B, 0x27, 0xF6, 0x1B, 0x22,
  0xB8, 0x23, 0x0D, 0x00, 0x00, 0x01, 0x00, 0x00, 0x00, 0x00, 0x00, 0x00, 0x00, 0x00, 0x00, 0x00,
  0x00, 0x00, 0x9A, 0x2B, 0x0B, 0x78, 0x1B, 0x27, 0x57, 0x2B, 0x0C, 0x00, 0x00, 0x00, 0x00, 0x00,
  0x00, 0x00, 0x00, 0x00, 0x00, 0x00, 0x00, 0x00, 0x00, 0x00, 0xEF, 0x03, 0x02, 0x18, 0x23, 0x0D,
  0xD8, 0x2A, 0x19, 0xF7, 0x2A, 0x1E, 0xF8, 0x2A, 0x1E, 0xF8, 0x2A, 0x1E, 0xB8, 0x2A, 0x1E, 0xB8,
  0x2A, 0x1D, 0xB8, 0x2A, 0x1D, 0x99, 0x32, 0x1C, 0x77, 0x2A, 0x17, 0xB5, 0x52, 0x03, 0x00, 0x00,
  0x00, 0x00, 0x00, 0x00, 0x00, 0x00, 0x00, 0x00, 0x00, 0x00, 0x5D, 0x43, 0x39, 0x5E, 0x43, 0xF5,
  0x7F, 0x53, 0xFF, 0xBF, 0x63, 0xFD, 0x5E, 0x63, 0x92, 0xBC, 0x52, 0x09, 0x00, 0x00, 0x00, 0x00,
  0x00, 0x00, 0x00, 0x00, 0x00, 0x56, 0x4A, 0x07, 0x38, 0x52, 0x12, 0x37, 0x42, 0x16, 0x37, 0x52,
  0x16, 0x37, 0x52, 0x16, 0xD7, 0x51, 0x16, 0x37, 0x52, 0x16, 0x37, 0x52, 0x16, 0xF7, 0x59, 0x14,
  0xF7, 0x79, 0x04, 0x1F, 0x00, 0x01, 0x5E, 0x9B, 0x41, 0xFF, 0xA3, 0xE7, 0x3F, 0x9B, 0xFF, 0x5D,
  0x82, 0xFE, 0x1A, 0x72, 0x8A, 0x1F, 0xF8, 0x01, 0x00, 0x00, 0x00, 0x00, 0x00, 0x00, 0xDE, 0x9A,
  0x48, 0x1F, 0x9B, 0xFE, 0xFF, 0xA2, 0xFF, 0x9D, 0x9A, 0xEF, 0xBB, 0x9A, 0x0F, 0x99, 0x61, 0x05,
  0x17, 0x7A, 0x13, 0x77, 0x72, 0x14, 0xF6, 0x71, 0x14, 0xF6, 0x71, 0x14, 0x37, 0x7A, 0x12, 0xF7,
  0x79, 0x08, 0x00, 0x00, 0x01, 0x00, 0x00, 0x00, 0x00, 0x00, 0x00, 0x00, 0x00, 0x00, 0x00, 0x00,
  0x00, 0x00, 0x00, 0x00, 0x00, 0x00, 0x00, 0x00, 0x00, 0x00, 0x00, 0x00, 0x00, 0x00, 0x00, 0x00,
  0x00, 0x00, 0x00, 0x00, 0x00, 0x00, 0x00, 0x00, 0x00, 0x00, 0x00, 0x00, 0x00, 0x00, 0x00, 0x00,
  0x00, 0x00, 0x00, 0x00, 0x00, 0x00, 0x00, 0x00, 0x00, 0x00, 0x00, 0x00, 0x00, 0x00, 0x00, 0x00,
  0x00, 0x00, 0x00, 0x00, 0x00, 0x00, 0x00, 0x00, 0x00, 0x00, 0x00, 0x00, 0x00, 0x00, 0x00, 0x00,
  0x00, 0x00, 0x00, 0x00, 0x00, 0x00, 0x00, 0x00, 0x00, 0x00, 0x00, 0x00, 0xDF, 0x64, 0x0A, 0x7F,
  0x2C, 0xE7, 0x5F, 0x7E, 0xFF, 0x5F, 0x86, 0xFF, 0x9F, 0x0C, 0xFF, 0x5F, 0x1C, 0xFF, 0xDF, 0x1B,
  0xFF, 0xDF, 0x02, 0xFF, 0xFF, 0x01, 0xFF, 0xDF, 0x2A, 0xFF, 0x3F, 0x54, 0xFF, 0x7E, 0x64, 0xFF,
  0xBB, 0x53, 0xFF, 0x4A, 0x19, 0xFF, 0xA3, 0x10, 0xFF, 0x62, 0x08, 0xFF, 0x41, 0x08, 0xFF, 0x00,
  0x00, 0xFF, 0x00, 0x00, 0xFF, 0x00, 0x00, 0xFF, 0x00, 0x00, 0xFF, 0x00, 0x00, 0xFF, 0x00, 0x00,
  0xFF, 0x00, 0x00, 0xFF, 0x00, 0x00, 0xFF, 0x00, 0x00, 0xFF, 0x00, 0x00, 0xFF, 0x00, 0x00, 0xFF,
  0x00, 0x00, 0xFF, 0x00, 0x00, 0xFF, 0x00, 0x00, 0xFF, 0x00, 0x00, 0xFF, 0x20, 0x00, 0xFF, 0x41,
  0x08, 0xFF, 0x61, 0x08, 0xFF, 0x82, 0x10, 0xFF, 0xC5, 0x28, 0xFF, 0xB7, 0x82, 0xFF, 0x7A, 0x8A,
  0xFF, 0xF5, 0x89, 0xFF, 0x6D, 0x81, 0xFF, 0x66, 0xB2, 0xFF, 0x6D, 0xFD, 0xFF, 0xD5, 0xFE, 0xFF,
  0xEE, 0xFD, 0xFF, 0x6B, 0xFD, 0xFF, 0x8E, 0xFD, 0xFF, 0xB0, 0xFD, 0xFF, 0x2A, 0xFC, 0xE5, 0xCC,
  0xFC, 0x0A, 0x00, 0x00, 0x00, 0x00, 0x00, 0x00, 0x00, 0x00, 0x00, 0x00, 0x00, 0x00, 0x00, 0x00,
  0x00, 0x00, 0x00, 0x00, 0x00, 0x00, 0x00, 0x00, 0x00, 0x00, 0x00, 0x00, 0x00, 0x00, 0x00, 0x00,
  0x00, 0x00, 0x00, 0x00, 0x00, 0x00, 0x00, 0x00, 0x00, 0x00, 0x00, 0x00, 0x00, 0x00, 0x00, 0x00,
  0x00, 0x00, 0x00, 0x00, 0x00, 0x00, 0x00, 0x00, 0x00, 0x00, 0x00, 0x00, 0x00, 0x00, 0x00, 0x00,
  0x00, 0x00, 0x00, 0x00, 0x00, 0x00, 0x00, 0x00, 0x00, 0x00, 0x00, 0x00, 0x00, 0x00, 0x00, 0x00,
  0x00, 0x00, 0x00, 0x00, 0x00, 0x00, 0x00, 0x00, 0x00, 0x00, 0x00, 0x00, 0x00, 0x00, 0x00, 0x00,
  0x00, 0x00, 0x00, 0x00, 0x00, 0x00, 0x00, 0x00, 0x00, 0x00, 0x00, 0x00, 0x00, 0x00, 0x00, 0x00,
  0x00, 0x00, 0x00, 0x00, 0x00, 0x00, 0x00, 0x00, 0x00, 0x00, 0x00, 0x00, 0x00, 0x00, 0x00, 0x00,
  0x00, 0x00, 0x00, 0x00, 0x00, 0x00, 0x00, 0x00, 0x00, 0x00, 0x00, 0x00, 0x00, 0x00, 0x00, 0x00,
  0x00, 0x00, 0x00, 0x00, 0x00, 0x00, 0x00, 0x00, 0x00, 0x00, 0x00, 0x00, 0x00, 0x00, 0x00, 0x00,
  0x00, 0x00, 0x00, 0x00, 0x00, 0x00, 0x00, 0x00, 0x00, 0x00, 0x1F, 0x00, 0x01, 0x1C, 0x3B, 0x6C,
  0x1D, 0x43, 0xFA, 0x5F, 0x53, 0xFF, 0x9F, 0x6B, 0xFE, 0x7E, 0x6B, 0x7E, 0x00, 0x00, 0x00, 0x00,
  0x00, 0x00, 0x00, 0x00, 0x00, 0x00, 0x00, 0x00, 0x00, 0x00, 0x00, 0x00, 0x00, 0x00, 0x00, 0x00,
  0x00, 0x00, 0x00, 0x00, 0x00, 0x00, 0x00, 0x00, 0x00, 0x00, 0x00, 0x00, 0x00, 0x00, 0x00, 0x00,
  0x00, 0x00, 0x00, 0x5E, 0x93, 0x1F, 0x1F, 0xA4, 0xF1, 0x1F, 0x93, 0xFF, 0x5D, 0x82, 0xFF, 0x3A,
  0x72, 0xB6, 0x79, 0x7A, 0x0A, 0x00, 0x00, 0x00, 0x00, 0x00, 0x00, 0x00, 0x00, 0x00, 0xDE, 0x9A,
  0x48, 0xFF, 0x9A, 0xFE, 0xDF, 0xA2, 0xFF, 0xBC, 0x9A, 0xEF, 0xB9, 0x8A, 0x0F, 0x00, 0x00, 0x00,
  0x00, 0x00, 0x00, 0x00, 0x00, 0x00, 0x00, 0x00, 0x00, 0x00, 0x00, 0x00, 0x00, 0x00, 0x00, 0x00,
  0x00, 0x00, 0x00, 0x00, 0x00, 0x00, 0x00, 0x00, 0x00, 0x00, 0x00, 0x00, 0x00, 0x00, 0x00, 0x00,
  0x00, 0x00, 0x00, 0x00, 0x00, 0x00, 0x00, 0x00, 0x00, 0x00, 0x00, 0x00, 0x00, 0x00, 0x00, 0x00,
  0x00, 0x00, 0x00, 0x00, 0x00, 0x00, 0x00, 0x00, 0x00, 0x00, 0x00, 0x00, 0x00, 0x00, 0x00, 0x00,
  0x00, 0x00, 0x00, 0x00, 0x00, 0x00, 0x00, 0x00, 0x00, 0x00, 0x00, 0x00, 0x00, 0x00, 0x00, 0x00,
  0x00, 0x00, 0x00, 0x00, 0x00, 0x00, 0x00, 0x00, 0x00, 0x00, 0x00, 0x00, 0x00, 0x00, 0x00, 0x00,
  0x00, 0x00, 0x00, 0x00, 0x00, 0x00, 0x00, 0x00, 0x00, 0x00, 0x00, 0x00, 0xDF, 0x64, 0x0A, 0x7F,
  0x2C, 0xE7, 0x7F, 0x45, 0xFF, 0xDF, 0x65, 0xFF, 0x9F, 0x0C, 0xFF, 0x3F, 0x0C, 0xFF, 0x3F, 0x34,
  0xFF, 0x7F, 0x0B, 0xFF, 0x9F, 0x02, 0xFF, 0xDF, 0x01, 0xFF, 0xDE, 0x2A, 0xFF, 0x1E, 0x54, 0xFF,
  0x5E, 0x64, 0xFF, 0xDC, 0x63, 0xFF, 0x8D, 0x21, 0xFF, 0xA3, 0x10, 0xFF, 0x82, 0x10, 0xFF, 0x61,
  0x08, 0xFF, 0x41, 0x08, 0xFF, 0x20, 0x00, 0xFF, 0x00, 0x00, 0xFF, 0x00, 0x00, 0xFF, 0x00, 0x00,
  0xFF, 0x00, 0x00, 0xFF, 0x00, 0x00, 0xFF, 0x00, 0x00, 0xFF, 0x00, 0x00, 0xFF, 0x00, 0x00, 0xFF,
  0x00, 0x00, 0xFF, 0x00, 0x00, 0xFF, 0x20, 0x00, 0xFF, 0x41, 0x08, 0xFF, 0x61, 0x08, 0xFF, 0x82,
  0x10, 0xFF, 0xC3, 0x20, 0xFF, 0x08, 0x31, 0xFF, 0xB8, 0x82, 0xFF, 0x5A, 0x8A, 0xFF, 0x16, 0x92,
  0xFF, 0x8F, 0x89, 0xFF, 0xC5, 0x91, 0xFF, 0xEA, 0xF4, 0xFF, 0x93, 0xFE, 0xFF, 0x50, 0xFE, 0xFF,
  0x8A, 0xFD, 0xFF, 0x2A, 0xFD, 0xFF, 0x0B, 0xFD, 0xFF, 0x4F, 0xFD, 0xFF, 0xEA, 0xFB, 0xEF, 0xEB,
  0xEB, 0x10, 0x00, 0x00, 0x00, 0x00, 0x00, 0x00, 0x00, 0x00, 0x00, 0x00, 0x00, 0x00, 0x00, 0x00,
  0x00, 0x00, 0x00, 0x00, 0x00, 0x00, 0x00, 0x00, 0x00, 0x00, 0x00, 0x00, 0x00, 0x00, 0x00, 0x00,
  0x00, 0x00, 0x00, 0x00, 0x00, 0x00, 0x00, 0x00, 0x00, 0x00, 0x00, 0x00, 0x00, 0x00, 0x00, 0x00,
  0x00, 0x00, 0x00, 0x00, 0x00, 0x00, 0x00, 0x00, 0x00, 0x00, 0x00, 0x00, 0x00, 0x00, 0x00, 0x00,
  0x00, 0x00, 0x00, 0x00, 0x00, 0x00, 0x00, 0x00, 0x00, 0x00, 0x00, 0x00, 0x00, 0x00, 0x00, 0x00,
  0x00, 0x00, 0x00, 0x00, 0x00, 0x00, 0x00, 0x00, 0x00, 0x00, 0x00, 0x00, 0x00, 0x00, 0x00, 0x00,
  0x00, 0x00, 0x00, 0x00, 0x00, 0x00, 0x00, 0x00, 0x00, 0x00, 0x00, 0x00, 0x00, 0x00, 0x00, 0x00,
  0x00, 0x00, 0x00, 0x00, 0x00, 0x00, 0x00, 0x00, 0x00, 0x00, 0x00, 0x00, 0x00, 0x00, 0x00, 0x00,
  0x00, 0x00, 0x00, 0x00, 0x00, 0x00, 0x00, 0x00, 0x00, 0x00, 0x00, 0x00, 0x00, 0x00, 0x00, 0x00,
  0x00, 0x00, 0x00, 0x00, 0x00, 0x00, 0x00, 0x00, 0x00, 0x00, 0x00, 0x00, 0x00, 0x00, 0x00, 0x00,
  0x00, 0x00, 0x00, 0x00, 0x00, 0x00, 0x00, 0x00, 0x00, 0x00, 0x00, 0x00, 0x00, 0xFF, 0x7B, 0x02,
  0xFB, 0x42, 0x69, 0xBB, 0x42, 0xF1, 0xBC, 0x42, 0xFB, 0x7B, 0x4A, 0x74, 0x00, 0x00, 0x00, 0x00,
  0x00, 0x00, 0x00, 0x00, 0x00, 0x00, 0x00, 0x00, 0x00, 0x00, 0x00, 0x00, 0x00, 0x00, 0x00, 0x00,
  0x00, 0x00, 0x00, 0x00, 0x00, 0x00, 0x00, 0x00, 0x00, 0x00, 0x00, 0x00, 0x00, 0x00, 0x00, 0x00,
  0x00, 0x00, 0x00, 0xBD, 0x82, 0x1B, 0x7D, 0x7A, 0xEA, 0x5B, 0x72, 0xFB, 0x19, 0x6A, 0xAE, 0x37,
  0x62, 0x0F, 0x00, 0x00, 0x00, 0x00, 0x00, 0x00, 0x00, 0x00, 0x00, 0x00, 0x00, 0x00, 0xDE, 0x9A,
  0x46, 0xFF, 0x9A, 0xFE, 0xBE, 0x9A, 0xFF, 0x5C, 0x92, 0xEF, 0xB9, 0x8A, 0x0F, 0x00, 0x00, 0x00,
  0x00, 0x00, 0x00, 0x00, 0x00, 0x00, 0x00, 0x00, 0x00, 0x00, 0x00, 0x00, 0x00, 0x00, 0x00, 0x00,
  0x00, 0x00, 0x00, 0x00, 0x00, 0x00, 0x00, 0x00, 0x00, 0x00, 0x00, 0x00, 0x00, 0x00, 0x00, 0x00,
  0x00, 0x00, 0x00, 0x00, 0x00, 0x00, 0x00, 0x00, 0x00, 0x00, 0x00, 0x00, 0x00, 0x00, 0x00, 0x00,
  0x00, 0x00, 0x00, 0x00, 0x00, 0x00, 0x00, 0x00, 0x00, 0x00, 0x00, 0x00, 0x00, 0x00, 0x00, 0x00,
  0x00, 0x00, 0x00, 0x00, 0x00, 0x00, 0x00, 0x00, 0x00, 0x00, 0x00, 0x00, 0x00, 0x00, 0x00, 0x00,
  0x00, 0x00, 0x00, 0x00, 0x00, 0x00, 0x00, 0x00, 0x00, 0x00, 0x00, 0x00, 0x00, 0x00, 0x00, 0x00,
  0x00, 0x00, 0x00, 0x00, 0x00, 0x00, 0x00, 0x00, 0x00, 0x00, 0x00, 0x00, 0xFF, 0x7B, 0x02, 0x3F,
  0x3C, 0xBD, 0x7F, 0x0C, 0xFF, 0x9F, 0x14, 0xFF, 0x7F, 0x0C, 0xFF, 0x5F, 0x0C, 0xFF, 0x1F, 0x0C,
  0xFF, 0x1F, 0x2C, 0xFF, 0x7F, 0x03, 0xFF, 0x9F, 0x02, 0xFF, 0xDF, 0x01, 0xFF, 0xBE, 0x2A, 0xFF,
  0xDE, 0x53, 0xFF, 0x1E, 0x6C, 0xFF, 0xDD, 0x63, 0xFF, 0x53, 0x3A, 0xFF, 0xE7, 0x18, 0xFF, 0xA3,
  0x10, 0xFF, 0x82, 0x10, 0xFF, 0x62, 0x08, 0xFF, 0x41, 0x08, 0xFF, 0x41, 0x08, 0xFF, 0x20, 0x00,
  0xFF, 0x20, 0x00, 0xFF, 0x20, 0x00, 0xFF, 0x20, 0x00, 0xFF, 0x20, 0x00, 0xFF, 0x41, 0x08, 0xFF,
  0x41, 0x08, 0xFF, 0x61, 0x08, 0xFF, 0x82, 0x10, 0xFF, 0x82, 0x10, 0xFF, 0x82, 0x10, 0xFF, 0xC4,
  0x20, 0xFF, 0x10, 0x5A, 0xFF, 0xFB, 0x92, 0xFF, 0x39, 0x82, 0xFF, 0xF4, 0x89, 0xFF, 0x8E, 0x81,
  0xFF, 0xC5, 0x91, 0xFF, 0x89, 0xEC, 0xFF, 0x52, 0xFE, 0xFF, 0xB3, 0xFE, 0xFF, 0xAB, 0xFD, 0xFF,
  0x4A, 0xFD, 0xFF, 0xE9, 0xFC, 0xFF, 0xEC, 0xFC, 0xFF, 0xED, 0xFC, 0xFF, 0xEA, 0xF3, 0xE2, 0x8E,
  0xE3, 0x09, 0x00, 0x00, 0x00, 0x00, 0x00, 0x00, 0x00, 0x00, 0x00, 0x00, 0x00, 0x00, 0x00, 0x00,
  0x00, 0x00, 0x00, 0x00, 0x00, 0x00, 0x00, 0x00, 0x00, 0x00, 0x00, 0x00, 0x00, 0x00, 0x00, 0x00,
  0x00, 0x00, 0x00, 0x00, 0x00, 0x00, 0x00, 0x00, 0x00, 0x00, 0x00, 0x00, 0x00, 0x00, 0x00, 0x00,
  0x00, 0x00, 0x00, 0x00, 0x00, 0x00, 0x00, 0x00, 0x00, 0x00, 0x00, 0x00, 0x00, 0x00, 0x00, 0x00,
  0x00, 0x00, 0x00, 0x00, 0x00, 0x00, 0x00, 0x00, 0x00, 0x00, 0x00, 0x00, 0x00, 0x00, 0x00, 0x00,
  0x00, 0x00, 0x00, 0x00, 0x00, 0x00, 0x00, 0x00, 0x00, 0x00, 0x00, 0x00, 0x00, 0x00, 0x00, 0x00,
  0x00, 0x00, 0x00, 0x00, 0x00, 0x00, 0x00, 0x00, 0x00, 0x00, 0x00, 0x00, 0x00, 0x00, 0x00, 0x00,
  0x00, 0x00, 0x00, 0x00, 0x00, 0x00, 0x00, 0x00, 0x00, 0x00, 0x00, 0x00, 0x00, 0x00, 0x00, 0x00,
  0x00, 0x00, 0x00, 0x00, 0x00, 0x00, 0x00, 0x00, 0x00, 0x00, 0x00, 0x00, 0x00, 0x00, 0x00, 0x00,
  0x00, 0x00, 0x00, 0x00, 0x00, 0x00, 0x00, 0x00, 0x00, 0x00, 0x00, 0x00, 0x00, 0x00, 0x00, 0x00,
  0x00, 0x00, 0x00, 0x00, 0x00, 0x00, 0x00, 0x00, 0x00, 0x00, 0x00, 0x00, 0x00, 0x00, 0x00, 0x00,
  0x1F, 0x00, 0x01, 0xB8, 0x42, 0x1D, 0x99, 0x4A, 0x34, 0x39, 0x33, 0x05, 0x00, 0x00, 0x00, 0x00,
  0x00, 0x00, 0x00, 0x00, 0x00, 0x00, 0x00, 0x00, 0x00, 0x00, 0x00, 0x00, 0x00, 0x00, 0x00, 0x00,
  0x00, 0x00, 0x00, 0x00, 0x00, 0x00, 0x00, 0x00, 0x00, 0x00, 0x00, 0x00, 0x00, 0x00, 0x00, 0x00,
  0x00, 0x00, 0x00, 0x00, 0x00, 0x00, 0x19, 0x6A, 0x1F, 0x39, 0x6A, 0x2F, 0x99, 0x61, 0x05, 0x00,
  0x00, 0x00, 0x00, 0x00, 0x00, 0x00, 0x00, 0x00, 0x00, 0x00, 0x00, 0x00, 0x00, 0x00, 0xBE, 0x8A,
  0x26, 0x7D, 0x8A, 0xF5, 0x5D, 0x8A, 0xFF, 0x3A, 0x82, 0xD5, 0x56, 0x92, 0x07, 0x00, 0x00, 0x00,
  0x00, 0x00, 0x00, 0x00, 0x00, 0x00, 0x00, 0x00, 0x00, 0x00, 0x00, 0x00, 0x00, 0x00, 0x00, 0x00,
  0x00, 0x00, 0x00, 0x00, 0x00, 0x00, 0x00, 0x00, 0x00, 0x00, 0x00, 0x00, 0x00, 0x00, 0x00, 0x00,
  0x00, 0x00, 0x00, 0x00, 0x00, 0x00, 0x00, 0x00, 0x00, 0x00, 0x00, 0x00, 0x00, 0x00, 0x00, 0x00,
  0x00, 0x00, 0x00, 0x00, 0x00, 0x00, 0x00, 0x00, 0x00, 0x00, 0x00, 0x00, 0x00, 0x00, 0x00, 0x00,
  0x00, 0x00, 0x00, 0x00, 0x00, 0x00, 0x00, 0x00, 0x00, 0x00, 0x00, 0x00, 0x00, 0x00, 0x00, 0x00,
  0x00, 0x00, 0x00, 0x00, 0x00, 0x00, 0x00, 0x00, 0x00, 0x00, 0x00, 0x00, 0x00, 0x00, 0x00, 0x00,
  0x00, 0x00, 0x00, 0x00, 0x00, 0x00, 0x00, 0x00, 0x00, 0x00, 0x00, 0x00, 0x00, 0x00, 0x00, 0x1E,
  0x44, 0x67, 0x3F, 0x24, 0xFE, 0x5F, 0x14, 0xFF, 0x5F, 0x0C, 0xFF, 0x5F, 0x04, 0xFF, 0x5F, 0x0C,
  0xFF, 0x3F, 0x14, 0xFF, 0x1F, 0x1C, 0xFF, 0x7F, 0x03, 0xFF, 0xBF, 0x02, 0xFF, 0xFF, 0x01, 0xFF,
  0x3D, 0x22, 0xFF, 0x5D, 0x4B, 0xFF, 0xBD, 0x63, 0xFF, 0xDD, 0x6B, 0xFF, 0x7B, 0x63, 0xFF, 0xF1,
  0x39, 0xFF, 0xE7, 0x18, 0xFF, 0xA3, 0x10, 0xFF, 0x82, 0x10, 0xFF, 0x82, 0x10, 0xFF, 0x82, 0x08,
  0xFF, 0x61, 0x08, 0xFF, 0x61, 0x08, 0xFF, 0x61, 0x08, 0xFF, 0x82, 0x10, 0xFF, 0x82, 0x10, 0xFF,
  0x82, 0x10, 0xFF, 0x82, 0x10, 0xFF, 0xA2, 0x18, 0xFF, 0xC5, 0x20, 0xFF, 0x6D, 0x41, 0xFF, 0x98,
  0x82, 0xFF, 0xDB, 0x92, 0xFF, 0x58, 0x8A, 0xFF, 0x14, 0x9A, 0xFF, 0x4B, 0x79, 0xFF, 0x05, 0x9A,
  0xFF, 0xCB, 0xF4, 0xFF, 0x51, 0xFE, 0xFF, 0xB4, 0xFE, 0xFF, 0xCC, 0xFD, 0xFF, 0x6A, 0xFD, 0xFF,
  0x09, 0xFD, 0xFF, 0x88, 0xFC, 0xFF, 0x49, 0xF4, 0xFF, 0xC9, 0xF3, 0xFF, 0xAA, 0xEB, 0xAC, 0x00,
  0xF8, 0x01, 0x00, 0x00, 0x00, 0x00, 0x00, 0x00, 0x00, 0x00, 0x00, 0x00, 0x00, 0x00, 0x00, 0x00,
  0x00, 0x00, 0x00, 0x00, 0x00, 0x00, 0x00, 0x00, 0x00, 0x00, 0x00, 0x00, 0x00, 0x00, 0x00, 0x00,
  0x00, 0x00, 0x00, 0x00, 0x00, 0x00, 0x00, 0x00, 0x00, 0x00, 0x00, 0x00, 0x00, 0x00, 0x00, 0x00,
  0x00, 0x00, 0x00, 0x00, 0x00, 0x00, 0x00, 0x00, 0x00, 0x00, 0x00, 0x00, 0x00, 0x00, 0x00, 0x00,
  0x00, 0x00, 0x00, 0x00, 0x00, 0x00, 0x00, 0x00, 0x00, 0x00, 0x00, 0x00, 0x00, 0x00, 0x00, 0x00,
  0x00, 0x00, 0x00, 0x00, 0x00, 0x00, 0x00, 0x00, 0x00, 0x00, 0x00, 0x00, 0x00, 0x00, 0x00, 0x00,
  0x00, 0x00, 0x00, 0x00, 0x00, 0x00, 0x00, 0x00, 0x00, 0x00, 0x00, 0x00, 0x00, 0x00, 0x00, 0x00,
  0x00, 0x00, 0x00, 0x00, 0x00, 0x00, 0x00, 0x00, 0x00, 0x00, 0x00, 0x00, 0x00, 0x00, 0x00, 0x00,
  0x00, 0x00, 0x00, 0x00, 0x00, 0x00, 0x00, 0x00, 0x00, 0x00, 0x00, 0x00, 0x00, 0x00, 0x00, 0x00,
  0x00, 0x00, 0x00, 0x00, 0x00, 0x00, 0x00, 0x00, 0x00, 0x00, 0x00, 0x00, 0x00, 0x00, 0x00, 0x00,
  0x00, 0x00, 0x00, 0x00, 0x00, 0x00, 0x00, 0x00, 0x00, 0x00, 0x00, 0x00, 0x00, 0x00, 0x00, 0x00,
  0x00, 0x00, 0x00, 0x00, 0x00, 0x00, 0x00, 0x00, 0x00, 0x00, 0x00, 0x00, 0x00, 0x00, 0x00, 0x00,
  0x00, 0x00, 0x00, 0x00, 0x00, 0x00, 0x00, 0x00, 0x00, 0x00, 0x00, 0x00, 0x00, 0x00, 0x00, 0x00,
  0x00, 0x00, 0x00, 0x00, 0x00, 0x00, 0x00, 0x00, 0x00, 0x00, 0x00, 0x00, 0x00, 0x00, 0x00, 0x00,
  0x00, 0x00, 0x00, 0x00, 0x00, 0x00, 0x00, 0x00, 0x00, 0x00, 0x00, 0x00, 0x00, 0x00, 0x00, 0x00,
  0x00, 0x00, 0x00, 0x00, 0x00, 0x00, 0x00, 0x00, 0x00, 0x00, 0x00, 0x00, 0x00, 0x00, 0x1F, 0xF8,
  0x01, 0x59, 0x7A, 0x51, 0xF8, 0x71, 0x98, 0x58, 0x7A, 0x2E, 0x00, 0x00, 0x00, 0x00, 0x00, 0x00,
  0x00, 0x00, 0x00, 0x00, 0x00, 0x00, 0x00, 0x00, 0x00, 0x00, 0x00, 0x00, 0x00, 0x00, 0x00, 0x00,
  0x00, 0x00, 0x00, 0x00, 0x00, 0x00, 0x00, 0x00, 0x00, 0x00, 0x00, 0x00, 0x00, 0x00, 0x00, 0x00,
  0x00, 0x00, 0x00, 0x00, 0x00, 0x00, 0x00, 0x00, 0x00, 0x00, 0x00, 0x00, 0x00, 0x00, 0x00, 0x00,
  0x00, 0x00, 0x00, 0x00, 0x00, 0x00, 0x00, 0x00, 0x00, 0x00, 0x00, 0x00, 0x00, 0x00, 0x00, 0x00,
  0x00, 0x00, 0x00, 0x00, 0x00, 0x00, 0x00, 0x00, 0x00, 0x00, 0x00, 0x00, 0x00, 0x00, 0x00, 0x00,
  0x00, 0x00, 0x00, 0x00, 0x00, 0x00, 0x00, 0x00, 0x00, 0x00, 0x00, 0x00, 0x00, 0x00, 0x00, 0x00,
  0x00, 0x00, 0x00, 0x00, 0x00, 0x00, 0x00, 0x00, 0x00, 0x00, 0x00, 0x00, 0x00, 0x00, 0x00, 0xDF,
  0x53, 0x13, 0xDF, 0x33, 0xE4, 0x1F, 0x1C, 0xFF, 0x1F, 0x14, 0xFF, 0x3F, 0x04, 0xFF, 0x5F, 0x0C,
  0xFF, 0x5F, 0x0C, 0xFF, 0x3F, 0x0C, 0xFF, 0x1F, 0x0C, 0xFF, 0x9F, 0x03, 0xFF, 0xDF, 0x02, 0xFF,
  0xFF, 0x01, 0xFF, 0x9C, 0x11, 0xFF, 0xBC, 0x3A, 0xFF, 0x5C, 0x5B, 0xFF, 0x9D, 0x6B, 0xFF, 0x7D,
  0x73, 0xFF, 0x5C, 0x6B, 0xFF, 0x75, 0x52, 0xFF, 0x6D, 0x29, 0xFF, 0xE7, 0x18, 0xFF, 0xC5, 0x18,
  0xFF, 0xA4, 0x10, 0xFF, 0xA4, 0x10, 0xFF, 0xC4, 0x18, 0xFF, 0xC3, 0x18, 0xFF, 0xA4, 0x18, 0xFF,
  0xE6, 0x28, 0xFF, 0x4B, 0x39, 0xFF, 0x13, 0x5A, 0xFF, 0x1A, 0x8B, 0xFF, 0xDC, 0x8A, 0xFF, 0x19,
  0x7A, 0xFF, 0x15, 0x82, 0xFF, 0xF0, 0x91, 0xFF, 0x48, 0x81, 0xFF, 0xA5, 0xB2, 0xFF, 0xCA, 0xF4,
  0xFF, 0x72, 0xFE, 0xFF, 0xD4, 0xFE, 0xFF, 0xCC, 0xFD, 0xFF, 0x6A, 0xFD, 0xFF, 0x09, 0xFD, 0xFF,
  0xA8, 0xFC, 0xFF, 0x48, 0xF4, 0xFF, 0xE8, 0xF3, 0xFF, 0xCA, 0xEB, 0xFB, 0xCC, 0xEB, 0x42, 0x00,
  0x00, 0x00, 0x00, 0x00, 0x00, 0x00, 0x00, 0x00, 0x00, 0x00, 0x00, 0x00, 0x00, 0x00, 0x00, 0x00,
  0x00, 0x00, 0x00, 0x00, 0x00, 0x00, 0x00, 0x00, 0x00, 0x00, 0x00, 0x00, 0x00, 0x00, 0x00, 0x00,
  0x00, 0x00, 0x00, 0x00, 0x00, 0x00, 0x00, 0x00, 0x00, 0x00, 0x00, 0x00, 0x00, 0x00, 0x00, 0x00,
  0x00, 0x00, 0x00, 0x00, 0x00, 0x00, 0x00, 0x00, 0x00, 0x00, 0x00, 0x00, 0x00, 0x00, 0x00, 0x00,
  0x00, 0x00, 0x00, 0x00, 0x00, 0x00, 0x00, 0x00, 0x00, 0x00, 0x00, 0x00, 0x00, 0x00, 0x00, 0x00,
  0x00, 0x00, 0x00, 0x00, 0x00, 0x00, 0x00, 0x00, 0x00, 0x00, 0x00, 0x00, 0x00, 0x00, 0x00, 0x00,
  0x00, 0x00, 0x00, 0x00, 0x00, 0x00, 0x00, 0x00, 0x00, 0x00, 0x00, 0x00, 0x00, 0x00, 0x00, 0x00,
  0x00, 0x00, 0x00, 0x00, 0x00, 0x00, 0x00, 0x00, 0x00, 0x00, 0x00, 0x00, 0x00, 0x00, 0x00, 0x00,
  0x00, 0x00, 0x00, 0x00, 0x00, 0x00, 0x00, 0x00, 0x00, 0x00, 0x00, 0x00, 0x00, 0x00, 0x00, 0x00,
  0x00, 0x00, 0x00, 0x00, 0x00, 0x00, 0x00, 0x00, 0x00, 0x00, 0x00, 0x00, 0x00, 0x00, 0x00, 0x00,
  0x00, 0x00, 0x00, 0x00, 0x00, 0x00, 0x00, 0x00, 0x00, 0x00, 0x00, 0x00, 0x00, 0x00, 0x00, 0x00,
  0x00, 0x00, 0x00, 0x00, 0x00, 0x00, 0x00, 0x00, 0x00, 0x00, 0x00, 0x00, 0x00, 0x00, 0x00, 0x00,
  0x00, 0x00, 0x00, 0x00, 0x00, 0x00, 0x00, 0x00, 0x00, 0x00, 0x00, 0x00, 0x00, 0x00, 0x00, 0x00,
  0x00, 0x00, 0x00, 0x00, 0x00, 0x00, 0x00, 0x00, 0x00, 0x00, 0x00, 0x00, 0x00, 0x00, 0x00, 0x00,
  0x00, 0x00, 0x00, 0x00, 0x00, 0x00, 0x00, 0x00, 0x00, 0x00, 0x00, 0x00, 0x00, 0x00, 0x00, 0x00,
  0x00, 0x00, 0x00, 0x00, 0x00, 0x00, 0x00, 0x00, 0x00, 0x00, 0x00, 0x00, 0x00, 0x00, 0x00, 0x00,
  0x00, 0x00, 0x00, 0x00, 0x00, 0x00, 0x00, 0x00, 0x00, 0x00, 0x00, 0x00, 0x00, 0x00, 0x00, 0x00,
  0x00, 0x00, 0x00, 0x00, 0x00, 0x00, 0x00, 0x00, 0x00, 0x00, 0x00, 0x00, 0x00, 0x00, 0x00, 0x00,
  0x00, 0x00, 0x00, 0x00, 0x00, 0x00, 0x00, 0x00, 0x00, 0x00, 0x00, 0x00, 0x00, 0x00, 0x00, 0x00,
  0x00, 0x00, 0x00, 0x00, 0x00, 0x00, 0x00, 0x00, 0x00, 0x00, 0x00, 0x00, 0x00, 0x00, 0x00, 0x00,
  0x00, 0x00, 0x00, 0x00, 0x00, 0x00, 0x00, 0x00, 0x00, 0x00, 0x00, 0x00, 0x00, 0x00, 0x00, 0x00,
  0x00, 0x00, 0x00, 0x00, 0x00, 0x00, 0x00, 0x00, 0x00, 0x00, 0x00, 0x00, 0x00, 0x00, 0x00, 0x00,
  0x00, 0x00, 0x00, 0x00, 0x00, 0x00, 0x00, 0x00, 0x00, 0x00, 0x00, 0x00, 0x00, 0x00, 0x00, 0x00,
  0x00, 0x00, 0x00, 0x00, 0x00, 0x00, 0x00, 0x00, 0x00, 0x00, 0x00, 0x00, 0x00, 0x00, 0x00, 0x00,
  0x00, 0x00, 0xBF, 0x43, 0x64, 0xBF, 0x2B, 0xFC, 0xFF, 0x1B, 0xFF, 0x1F, 0x14, 0xFF, 0x3F, 0x0C,
  0xFF, 0x3F, 0x0C, 0xFF, 0x5F, 0x0C, 0xFF, 0x3F, 0x04, 0xFF, 0x1F, 0x04, 0xFF, 0xBF, 0x03, 0xFF,
  0xFF, 0x02, 0xFF, 0x1E, 0x02, 0xFF, 0x7B, 0x09, 0xFF, 0xF9, 0x29, 0xFF, 0xD9, 0x52, 0xFE, 0xFA,
  0x62, 0xFF, 0x1B, 0x6B, 0xFF, 0x3C, 0x73, 0xFF, 0x1C, 0x73, 0xFF, 0x1C, 0x7B, 0xFF, 0x1B, 0x73,
  0xFF, 0x99, 0x6A, 0xFF, 0x78, 0x6A, 0xFF, 0x98, 0x72, 0xFF, 0x79, 0x72, 0xFF, 0x9A, 0x7A, 0xFF,
  0xFC, 0x8A, 0xFF, 0xDC, 0x8A, 0xFF, 0x7A, 0x82, 0xFF, 0x58, 0x82, 0xFF, 0x36, 0x8A, 0xFF, 0xF1,
  0x91, 0xFF, 0x4A, 0x71, 0xFF, 0xA5, 0x89, 0xFF, 0x09, 0xE4, 0xFF, 0x6C, 0xFD, 0xFF, 0xB4, 0xFE,
  0xFF, 0xD4, 0xFE, 0xFF, 0xCC, 0xFD, 0xFF, 0x6A, 0xFD, 0xFF, 0x29, 0xFD, 0xFF, 0xC8, 0xFC, 0xFF,
  0x68, 0xF4, 0xFF, 0x08, 0xEC, 0xFF, 0xA9, 0xEB, 0xFF, 0xAA, 0xEB, 0xBE, 0xCC, 0xFC, 0x05, 0x00,
  0x00, 0x00, 0x00, 0x00, 0x00, 0x00, 0x00, 0x00, 0x00, 0x00, 0x00, 0x00, 0x00, 0x00, 0x00, 0x00,
  0x00, 0x00, 0x00, 0x00, 0x00, 0x00, 0x00, 0x00, 0x00, 0x00, 0x00, 0x00, 0x00, 0x00, 0x00, 0x00,
  0x00, 0x00, 0x00, 0x00, 0x00, 0x00, 0x00, 0x00, 0x00, 0x00, 0x00, 0x00, 0x00, 0x00, 0x00, 0x00,
  0x00, 0x00, 0x00, 0x00, 0x00, 0x00, 0x00, 0x00, 0x00, 0x00, 0x00, 0x00, 0x00, 0x00, 0x00, 0x00,
  0x00, 0x00, 0x00, 0x00, 0x00, 0x00, 0x00, 0x00, 0x00, 0x00, 0x00, 0x00, 0x00, 0x00, 0x00, 0x00,
  0x00, 0x00, 0x00, 0x00, 0x00, 0x00, 0x00, 0x00, 0x00, 0x00, 0x00, 0x00, 0x00, 0x00, 0x00, 0x00,
  0x00, 0x00, 0x00, 0x00, 0x00, 0x00, 0x00, 0x00, 0x00, 0x00, 0x00, 0x00, 0x00, 0x00, 0x00, 0x00,
  0x00, 0x00, 0x00, 0x00, 0x00, 0x00, 0x00, 0x00, 0x00, 0x00, 0x00, 0x00, 0x00, 0x00, 0x00, 0x00,
  0x00, 0x00, 0x00, 0x00, 0x00, 0x00, 0x00, 0x00, 0x00, 0x00, 0x00, 0x00, 0x00, 0x00, 0x00, 0x00,
  0x00, 0x00, 0x00, 0x00, 0x00, 0x00, 0x00, 0x00, 0x00, 0x00, 0x00, 0x00, 0x00, 0x00, 0x00, 0x00,
  0x00, 0x00, 0x00, 0x00, 0x00, 0x00, 0x00, 0x00, 0x00, 0x00, 0x00, 0x00, 0x00, 0x00, 0x00, 0x00,
  0x00, 0x00, 0x00, 0x00, 0x00, 0x00, 0x00, 0x00, 0x00, 0x00, 0x00, 0x00, 0x00, 0x00, 0x00, 0x00,
  0x00, 0x00, 0x00, 0x00, 0x00, 0x00, 0x00, 0x00, 0x00, 0x00, 0x00, 0x00, 0x00, 0x00, 0x00, 0x00,
  0x00, 0x00, 0x00, 0x00, 0x00, 0x00, 0x00, 0x00, 0x00, 0x00, 0x00, 0x00, 0x00, 0x00, 0x00, 0x00,
  0x00, 0x00, 0x00, 0x00, 0x00, 0x00, 0x00, 0x00, 0x00, 0x00, 0x00, 0x00, 0x00, 0x00, 0x00, 0x00,
  0x00, 0x00, 0x00, 0x00, 0x00, 0x00, 0x00, 0x00, 0x00, 0x00, 0x00, 0x00, 0x00, 0x00, 0x00, 0x00,
  0x00, 0x00, 0x00, 0x00, 0x00, 0x00, 0x00, 0x00, 0x00, 0x00, 0x00, 0x00, 0x00, 0x00, 0x00, 0x00,
  0x00, 0x00, 0x00, 0x00, 0x00, 0x00, 0x00, 0x00, 0x00, 0x00, 0x00, 0x00, 0x00, 0x00, 0x00, 0x00,
  0x00, 0x00, 0x00, 0x00, 0x00, 0x00, 0x00, 0x00, 0x00, 0x00, 0x00, 0x00, 0x00, 0x00, 0x00, 0x00,
  0x00, 0x00, 0x00, 0x00, 0x00, 0x00, 0x00, 0x00, 0x00, 0x00, 0x00, 0x00, 0x00, 0x00, 0x00, 0x00,
  0x00, 0x00, 0x00, 0x00, 0x00, 0x00, 0x00, 0x00, 0x00, 0x00, 0x00, 0x00, 0x00, 0x00, 0x00, 0x00,
  0x00, 0x00, 0x00, 0x00, 0x00, 0x00, 0x00, 0x00, 0x00, 0x00, 0x00, 0x00, 0x00, 0x00, 0x00, 0x00,
  0x00, 0x00, 0x00, 0x00, 0x00, 0x00, 0x00, 0x00, 0x00, 0x00, 0x00, 0x00, 0x00, 0x00, 0x00, 0x00,
  0x00, 0x00, 0x00, 0x00, 0x00, 0x00, 0x00, 0x00, 0x00, 0x00, 0x00, 0x00, 0x00, 0x00, 0x00, 0x00,
  0x00, 0x00, 0xFA, 0x53, 0x06, 0x9F, 0x43, 0xAA, 0xBF, 0x2B, 0xFF, 0xDF, 0x1B, 0xFF, 0x1F, 0x14,
  0xFF, 0x1F, 0x0C, 0xFF, 0x3F, 0x04, 0xFF, 0x5F, 0x0C, 0xFF, 0x3F, 0x0C, 0xFF, 0x1F, 0x0C, 0xFF,
  0xFF, 0x23, 0xFF, 0xFE, 0x0A, 0xFF, 0x1B, 0x02, 0xFF, 0x76, 0x09, 0xFF, 0x14, 0x2A, 0xA0, 0xB6,
  0x52, 0x91, 0xB7, 0x5A, 0xE3, 0xB8, 0x62, 0xFC, 0xB9, 0x62, 0xFF, 0xB9, 0x6A, 0xFF, 0xBA, 0x72,
  0xFF, 0x9A, 0x72, 0xFF, 0xBA, 0x7A, 0xFF, 0xBA, 0x7A, 0xFF, 0x59, 0x7A, 0xFF, 0x58, 0x7A, 0xFF,
  0x57, 0x82, 0xFF, 0x36, 0x8A, 0xFF, 0x12, 0x8A, 0xFF, 0xAF, 0x89, 0xFF, 0x69, 0x81, 0xFF, 0xE6,
  0x99, 0xFF, 0x87, 0xD3, 0xFF, 0xEA, 0xF4, 0xFF, 0x10, 0xFE, 0xFF, 0xF5, 0xFE, 0xFF, 0x71, 0xFE,
  0xFF, 0xAB, 0xFD, 0xFF, 0x6A, 0xFD, 0xFF, 0x29, 0xFD, 0xFF, 0xC9, 0xFC, 0xFF, 0x88, 0xF4, 0xFF,
  0x28, 0xEC, 0xFF, 0xC8, 0xEB, 0xFF, 0x89, 0xE3, 0xF3, 0xCB, 0xDB, 0x30, 0x00, 0x00, 0x00, 0x00,
  0x00, 0x00, 0x00, 0x00, 0x00, 0x00, 0x00, 0x00, 0x00, 0x00, 0x00, 0x00, 0x00, 0x00, 0x00, 0x00,
  0x00, 0x00, 0x00, 0x00, 0x00, 0x00, 0x00, 0x00, 0x00, 0x00, 0x00, 0x00, 0x00, 0x00, 0x00, 0x00,
  0x00, 0x00, 0x00, 0x00, 0x00, 0x00, 0x00, 0x00, 0x00, 0x00, 0x00, 0x00, 0x00, 0x00, 0x00, 0x00,
  0x00, 0x00, 0x00, 0x00, 0x00, 0x00, 0x00, 0x00, 0x00, 0x00, 0x00, 0x00, 0x00, 0x00, 0x00, 0x00,
  0x00, 0x00, 0x00, 0x00, 0x00, 0x00, 0x00, 0x00, 0x00, 0x00, 0x00, 0x00, 0x00, 0x00, 0x00, 0x00,
  0x00, 0x00, 0x00, 0x00, 0x00, 0x00, 0x00, 0x00, 0x00, 0x00, 0x00, 0x00, 0x00, 0x00, 0x00, 0x00,
  0x00, 0x00, 0x00, 0x00, 0x00, 0x00, 0x00, 0x00, 0x00, 0x00, 0x00, 0x00, 0x00, 0x00, 0x00, 0x00,
  0x00, 0x00, 0x00, 0x00, 0x00, 0x00, 0x00, 0x00, 0x00, 0x00, 0x00, 0x00, 0x00, 0x00, 0x00, 0x00,
  0x00, 0x00, 0x00, 0x00, 0x00, 0x00, 0x00, 0x00, 0x00, 0x00, 0x00, 0x00, 0x00, 0x00, 0x00, 0x00,
  0x00, 0x00, 0x00, 0x00, 0x00, 0x00, 0x00, 0x00, 0x00, 0x00, 0x00, 0x00, 0x00, 0x00, 0x00, 0x00,
  0x00, 0x00, 0x00, 0x00, 0x00, 0x00, 0x00, 0x00, 0x00, 0x00, 0x00, 0x00, 0x00, 0x00, 0x00, 0x00,
  0x00, 0x00, 0x00, 0x00, 0x00, 0x00, 0x00, 0x00, 0x00, 0x00, 0x00, 0x00, 0x00, 0x00, 0x00, 0x00,
  0x00, 0x00, 0x00, 0x00, 0x00, 0x00, 0x00, 0x00, 0x00, 0x00, 0x00, 0x00, 0x00, 0x00, 0x00, 0x00,
  0x00, 0x00, 0x00, 0x00, 0x00, 0x00, 0x00, 0x00, 0x00, 0x00, 0x00, 0x00, 0x00, 0x00, 0x00, 0x00,
  0x00, 0x00, 0x00, 0x00, 0x00, 0x00, 0x00, 0x00, 0x00, 0x00, 0x00, 0x00, 0x00, 0x00, 0x00, 0x00,
  0x00, 0x00, 0x00, 0x00, 0x00, 0x00, 0x00, 0x00, 0x00, 0x00, 0x00, 0x00, 0x00, 0x00, 0x00, 0x00,
  0x00, 0x00, 0x00, 0x00, 0x00, 0x00, 0x00, 0x00, 0x00, 0x00, 0x00, 0x00, 0x00, 0x00, 0x00, 0x00,
  0x00, 0x00, 0x00, 0x00, 0x00, 0x00, 0x00, 0x00, 0x00, 0x00, 0x00, 0x00, 0x00, 0x00, 0x00, 0x00,
  0x00, 0x00, 0x00, 0x00, 0x00, 0x00, 0x00, 0x00, 0x00, 0x00, 0x00, 0x00, 0x00, 0x00, 0x00, 0x00,
  0x00, 0x00, 0x00, 0x00, 0x00, 0x00, 0x00, 0x00, 0x00, 0x00, 0x00, 0x00, 0x00, 0x00, 0x00, 0x00,
  0x00, 0x00, 0x00, 0x00, 0x00, 0x00, 0x00, 0x00, 0x00, 0x00, 0x00, 0x00, 0x00, 0x00, 0x00, 0x00,
  0x00, 0x00, 0x00, 0x00, 0x00, 0x00, 0x00, 0x00, 0x00, 0x00, 0x00, 0x00, 0x00, 0x00, 0x00, 0x00,
  0x00, 0x00, 0x00, 0x00, 0x00, 0x00, 0x00, 0x00, 0x00, 0x00, 0x00, 0x00, 0x00, 0x00, 0x00, 0x00,
  0x00, 0x00, 0x00, 0x00, 0x00, 0x00, 0x00, 0x00, 0x00, 0x00, 0x00, 0x00, 0x00, 0x00, 0x00, 0x00,
  0x00, 0x00, 0x00, 0x00, 0x00, 0xDE, 0x4B, 0x11, 0x5E, 0x3B, 0xC7, 0x7F, 0x23, 0xFF, 0xBF, 0x1B,
  0xFF, 0xFF, 0x13, 0xFF, 0xFF, 0x0B, 0xFF, 0xFF, 0x03, 0xFF, 0xFF, 0x03, 0xFF, 0xFF, 0x0B, 0xFF,
  0x1F, 0x3C, 0xFF, 0xBC, 0x4B, 0xFF, 0x98, 0x1A, 0xFF, 0x14, 0x1A, 0xFE, 0x73, 0x32, 0x58, 0x00,
  0x00, 0x01, 0x16, 0x63, 0x0D, 0xD5, 0x62, 0x3E, 0x95, 0x5A, 0x87, 0x95, 0x62, 0xBC, 0x74, 0x62,
  0xDD, 0x73, 0x72, 0xED, 0x52, 0x82, 0xFE, 0x31, 0x82, 0xFF, 0xEF, 0x81, 0xFF, 0xCE, 0x89, 0xFF,
  0x8C, 0x81, 0xFF, 0x89, 0x81, 0xFF, 0xA6, 0x91, 0xFF, 0x66, 0xB2, 0xFF, 0xC8, 0xE3, 0xFF, 0x0A,
  0xFD, 0xFF, 0xEF, 0xFD, 0xFF, 0xB4, 0xFE, 0xFF, 0xD4, 0xFE, 0xFF, 0x2F, 0xFE, 0xFF, 0x8A, 0xFD,
  0xFF, 0x49, 0xFD, 0xFF, 0x09, 0xFD, 0xFF, 0xC8, 0xF4, 0xFF, 0x68, 0xF4, 0xFF, 0x28, 0xEC, 0xFF,
  0xE8, 0xEB, 0xFF, 0x89, 0xE3, 0xFD, 0x8A, 0xDB, 0x71, 0x00, 0xF8, 0x01, 0x00, 0x00, 0x00, 0x00,
  0x00, 0x00, 0x00, 0x00, 0x00, 0x00, 0x00, 0x00, 0x00, 0x00, 0x00, 0x00, 0x00, 0x00, 0x00, 0x00,
  0x00, 0x00, 0x00, 0x00, 0x00, 0x00, 0x00, 0x00, 0x00, 0x00, 0x00, 0x00, 0x00, 0x00, 0x00, 0x00,
  0x00, 0x00, 0x00, 0x00, 0x00, 0x00, 0x00, 0x00, 0x00, 0x00, 0x00, 0x00, 0x00, 0x00, 0x00, 0x00,
  0x00, 0x00, 0x00, 0x00, 0x00, 0x00, 0x00, 0x00, 0x00, 0x00, 0x00, 0x00, 0x00, 0x00, 0x00, 0x00,
  0x00, 0x00, 0x00, 0x00, 0x00, 0x00, 0x00, 0x00, 0x00, 0x00, 0x00, 0x00, 0x00, 0x00, 0x00, 0x00,
  0x00, 0x00, 0x00, 0x00, 0x00, 0x00, 0x00, 0x00, 0x00, 0x00, 0x00, 0x00, 0x00, 0x00, 0x00, 0x00,
  0x00, 0x00, 0x00, 0x00, 0x00, 0x00, 0x00, 0x00, 0x00, 0x00, 0x00, 0x00, 0x00, 0x00, 0x00, 0x00,
  0x00, 0x00, 0x00, 0x00, 0x00, 0x00, 0x00, 0x00, 0x00, 0x00, 0x00, 0x00, 0x00, 0x00, 0x00, 0x00,
  0x00, 0x00, 0x00, 0x00, 0x00, 0x00, 0x00, 0x00, 0x00, 0x00, 0x00, 0x00, 0x00, 0x00, 0x00, 0x00,
  0x00, 0x00, 0x00, 0x00, 0x00, 0x00, 0x00, 0x00, 0x00, 0x00, 0x00, 0x00, 0x00, 0x00, 0x00, 0x00,
  0x00, 0x00, 0x00, 0x00, 0x00, 0x00, 0x00, 0x00, 0x00, 0x00, 0x00, 0x00, 0x00, 0x00, 0x00, 0x00,
  0x00, 0x00, 0x00, 0x00, 0x00, 0x00, 0x00, 0x00, 0x00, 0x00, 0x00, 0x00, 0x00, 0x00, 0x00, 0x00,
  0x00, 0x00, 0x00, 0x00, 0x00, 0x00, 0x00, 0x00, 0x00, 0x00, 0x00, 0x00, 0x00, 0x00, 0x00, 0x00,
  0x00, 0x00, 0x00, 0x00, 0x00, 0x00, 0x00, 0x00, 0x00, 0x00, 0x00, 0x00, 0x00, 0x00, 0x00, 0x00,
  0x00, 0x00, 0x00, 0x00, 0x00, 0x00, 0x00, 0x00, 0x00, 0x00, 0x00, 0x00, 0x00, 0x00, 0x00, 0x00,
  0x00, 0x00, 0x00, 0x00, 0x00, 0x00, 0x00, 0x00, 0x00, 0x00, 0x00, 0x00, 0x00, 0x00, 0x00, 0x00,
  0x00, 0x00, 0x00, 0x00, 0x00, 0x00, 0x00, 0x00, 0x00, 0x00, 0x00, 0x00, 0x00, 0x00, 0x00, 0x00,
  0x00, 0x00, 0x00, 0x00, 0x00, 0x00, 0x00, 0x00, 0x00, 0x00, 0x00, 0x00, 0x00, 0x00, 0x00, 0x00,
  0x00, 0x00, 0x00, 0x00, 0x00, 0x00, 0x00, 0x00, 0x00, 0x00, 0x00, 0x00, 0x00, 0x00, 0x00, 0x00,
  0x00, 0x00, 0x00, 0x00, 0x00, 0x00, 0x00, 0x00, 0x00, 0x00, 0x00, 0x00, 0x00, 0x00, 0x00, 0x00,
  0x00, 0x00, 0x00, 0x00, 0x00, 0x00, 0x00, 0x00, 0x00, 0x00, 0x00, 0x00, 0x00, 0x00, 0x00, 0x00,
  0x00, 0x00, 0x00, 0x00, 0x00, 0x00, 0x00, 0x00, 0x00, 0x00, 0x00, 0x00, 0x00, 0x00, 0x00, 0x00,
  0x00, 0x00, 0x00, 0x00, 0x00, 0x00, 0x00, 0x00, 0x00, 0x00, 0x00, 0x00, 0x00, 0x00, 0x00, 0x00,
  0x00, 0x00, 0x00, 0x00, 0x00, 0x00, 0x00, 0x00, 0x00, 0x00, 0x00, 0x00, 0x00, 0x00, 0x00, 0x00,
  0x00, 0x00, 0x00, 0x00, 0x00, 0x00, 0x00, 0x00, 0x7C, 0x4B, 0x15, 0x3E, 0x3B, 0xB7, 0x5F, 0x23,
  0xFD, 0x7F, 0x1B, 0xFF, 0x9F, 0x13, 0xFF, 0x9F, 0x13, 0xFF, 0x9E, 0x13, 0xFF, 0x7E, 0x13, 0xFF,
  0x3B, 0x13, 0xFF, 0x18, 0x2B, 0xFF, 0x16, 0x43, 0xFF, 0xD5, 0x2A, 0xDE, 0x54, 0x3B, 0x11, 0x00,
  0x00, 0x00, 0x00, 0x00, 0x00, 0x00, 0x00, 0x00, 0x00, 0x00, 0x00, 0xEF, 0x7B, 0x02, 0x72, 0x93,
  0x07, 0x4B, 0xBB, 0x6F, 0xC7, 0xB2, 0xFC, 0xA7, 0xB2, 0xFF, 0xE7, 0xC2, 0xFF, 0x48, 0xD3, 0xFF,
  0x88, 0xDB, 0xFF, 0x08, 0xEC, 0xFF, 0xCA, 0xF4, 0xFF, 0x4C, 0xFD, 0xFF, 0xEE, 0xFD, 0xFF, 0xB4,
  0xFE, 0xFF, 0x93, 0xFE, 0xFF, 0x0E, 0xFE, 0xFF, 0xAB, 0xFD, 0xFF, 0x6A, 0xFD, 0xFF, 0x4A, 0xFD,
  0xFF, 0xE9, 0xFC, 0xFF, 0xC8, 0xF4, 0xFF, 0x88, 0xF4, 0xFF, 0x28, 0xEC, 0xFF, 0xC8, 0xE3, 0xFF,
  0x89, 0xE3, 0xFE, 0x6A, 0xDB, 0x9A, 0xCC, 0xFC, 0x05, 0x00, 0x00, 0x00, 0x00, 0x00, 0x00, 0x00,
  0x00, 0x00, 0x00, 0x00, 0x00, 0x00, 0x00, 0x00, 0x00, 0x00, 0x00, 0x00, 0x00, 0x00, 0x00, 0x00,
  0x00, 0x00, 0x00, 0x00, 0x00, 0x00, 0x00, 0x00, 0x00, 0x00, 0x00, 0x00, 0x00, 0x00, 0x00, 0x00,
  0x00, 0x00, 0x00, 0x00, 0x00, 0x00, 0x00, 0x00, 0x00, 0x00, 0x00, 0x00, 0x00, 0x00, 0x00, 0x00,
  0x00, 0x00, 0x00, 0x00, 0x00, 0x00, 0x00, 0x00, 0x00, 0x00, 0x00, 0x00, 0x00, 0x00, 0x00, 0x00,
  0x00, 0x00, 0x00, 0x00, 0x00, 0x00, 0x00, 0x00, 0x00, 0x00, 0x00, 0x00, 0x00, 0x00, 0x00, 0x00,
  0x00, 0x00, 0x00, 0x00, 0x00, 0x00, 0x00, 0x00, 0x00, 0x00, 0x00, 0x00, 0x00, 0x00, 0x00, 0x00,
  0x00, 0x00, 0x00, 0x00, 0x00, 0x00, 0x00, 0x00, 0x00, 0x00, 0x00, 0x00, 0x00, 0x00, 0x00, 0x00,
  0x00, 0x00, 0x00, 0x00, 0x00, 0x00, 0x00, 0x00, 0x00, 0x00, 0x00, 0x00, 0x00, 0x00, 0x00, 0x00,
  0x00, 0x00, 0x00, 0x00, 0x00, 0x00, 0x00, 0x00, 0x00, 0x00, 0x00, 0x00, 0x00, 0x00, 0x00, 0x00,
  0x00, 0x00, 0x00, 0x00, 0x00, 0x00, 0x00, 0x00, 0x00, 0x00, 0x00, 0x00, 0x00, 0x00, 0x00, 0x00,
  0x00, 0x00, 0x00, 0x00, 0x00, 0x00, 0x00, 0x00, 0x00, 0x00, 0x00, 0x00, 0x00, 0x00, 0x00, 0x00,
  0x00, 0x00, 0x00, 0x00, 0x00, 0x00, 0x00, 0x00, 0x00, 0x00, 0x00, 0x00, 0x00, 0x00, 0x00, 0x00,
  0x00, 0x00, 0x00, 0x00, 0x00, 0x00, 0x00, 0x00, 0x00, 0x00, 0x00, 0x00, 0x00, 0x00, 0x00, 0x00,
  0x00, 0x00, 0x00, 0x00, 0x00, 0x00, 0x00, 0x00, 0x00, 0x00, 0x00, 0x00, 0x00, 0x00, 0x00, 0x00,
  0x00, 0x00, 0x00, 0x00, 0x00, 0x00, 0x00, 0x00, 0x00, 0x00, 0x00, 0x00, 0x00, 0x00, 0x00, 0x00,
  0x00, 0x00, 0x00, 0x00, 0x00, 0x00, 0x00, 0x00, 0x00, 0x00, 0x00, 0x00, 0x00, 0x00, 0x00, 0x00,
  0x00, 0x00, 0x00, 0x00, 0x00, 0x00, 0x00, 0x00, 0x00, 0x00, 0x00, 0x00, 0x00, 0x00, 0x00, 0x00,
  0x00, 0x00, 0x00, 0x00, 0x00, 0x00, 0x00, 0x00, 0x00, 0x00, 0x00, 0x00, 0x00, 0x00, 0x00, 0x00,
  0x00, 0x00, 0x00, 0x00, 0x00, 0x00, 0x00, 0x00, 0x00, 0x00, 0x00, 0x00, 0x00, 0x00, 0x00, 0x00,
  0x00, 0x00, 0x00, 0x00, 0x00, 0x00, 0x00, 0x00, 0x00, 0x00, 0x00, 0x00, 0x00, 0x00, 0x00, 0x00,
  0x00, 0x00, 0x00, 0x00, 0x00, 0x00, 0x00, 0x00, 0x00, 0x00, 0x00, 0x00, 0x00, 0x00, 0x00, 0x00,
  0x00, 0x00, 0x00, 0x00, 0x00, 0x00, 0x00, 0x00, 0x00, 0x00, 0x00, 0x00, 0x00, 0x00, 0x00, 0x00,
  0x00, 0x00, 0x00, 0x00, 0x00, 0x00, 0x00, 0x00, 0x00, 0x00, 0x00, 0x00, 0x00, 0x00, 0x00, 0x00,
  0x00, 0x00, 0x00, 0x00, 0x00, 0x00, 0x00, 0x00, 0x00, 0x00, 0x00, 0x00, 0x00, 0x00, 0x00, 0x00,
  0x00, 0x00, 0x00, 0x00, 0x00, 0x00, 0x00, 0x00, 0x00, 0x00, 0x00, 0xFB, 0x5B, 0x08, 0x3C, 0x3B,
  0x81, 0xFD, 0x22, 0xF3, 0x1D, 0x13, 0xFF, 0x1D, 0x13, 0xFF, 0x1C, 0x13, 0xFF, 0xFB, 0x12, 0xFF,
  0xF9, 0x12, 0xFF, 0xD6, 0x1A, 0xFF, 0x36, 0x2B, 0xEE, 0xD7, 0x43, 0x3F, 0x00, 0x00, 0x00, 0x00,
  0x00, 0x00, 0x00, 0x00, 0x00, 0x00, 0x00, 0x00, 0x00, 0x00, 0x00, 0x00, 0x00, 0x00, 0x6D, 0xE4,
  0x2B, 0x6B, 0xEC, 0xF1, 0xEB, 0xF4, 0xFF, 0x6C, 0xFD, 0xFF, 0x8D, 0xFD, 0xFF, 0x8D, 0xFD, 0xFF,
  0xAE, 0xFD, 0xFF, 0xCE, 0xFD, 0xFF, 0x0F, 0xFE, 0xFF, 0x51, 0xFE, 0xFF, 0x2F, 0xFE, 0xFF, 0xCC,
  0xFD, 0xFF, 0xAB, 0xFD, 0xFF, 0x6A, 0xFD, 0xFF, 0x49, 0xFD, 0xFF, 0x09, 0xFD, 0xFF, 0xE9, 0xFC,
  0xFF, 0xA8, 0xF4, 0xFF, 0x48, 0xEC, 0xFF, 0x08, 0xEC, 0xFF, 0xC8, 0xE3, 0xFF, 0x89, 0xE3, 0xFE,
  0x8A, 0xDB, 0xA5, 0x8A, 0xE3, 0x09, 0x00, 0x00, 0x00, 0x00, 0x00, 0x00, 0x00, 0x00, 0x00, 0x00,
  0x00, 0x00, 0x00, 0x00, 0x00, 0x00, 0x00, 0x00, 0x00, 0x00, 0x00, 0x00, 0x00, 0x00, 0x00, 0x00,
  0x00, 0x00, 0x00, 0x00, 0x00, 0x00, 0x00, 0x00, 0x00, 0x00, 0x00, 0x00, 0x00, 0x00, 0x00, 0x00,
  0x00, 0x00, 0x00, 0x00, 0x00, 0x00, 0x00, 0x00, 0x00, 0x00, 0x00, 0x00, 0x00, 0x00, 0x00, 0x00,
  0x00, 0x00, 0x00, 0x00, 0x00, 0x00, 0x00, 0x00, 0x00, 0x00, 0x00, 0x00, 0x00, 0x00, 0x00, 0x00,
  0x00, 0x00, 0x00, 0x00, 0x00, 0x00, 0x00, 0x00, 0x00, 0x00, 0x00, 0x00, 0x00, 0x00, 0x00, 0x00,
  0x00, 0x00, 0x00, 0x00, 0x00, 0x00, 0x00, 0x00, 0x00, 0x00, 0x00, 0x00, 0x00, 0x00, 0x00, 0x00,
  0x00, 0x00, 0x00, 0x00, 0x00, 0x00, 0x00, 0x00, 0x00, 0x00, 0x00, 0x00, 0x00, 0x00, 0x00, 0x00,
  0x00, 0x00, 0x00, 0x00, 0x00, 0x00, 0x00, 0x00, 0x00, 0x00, 0x00, 0x00, 0x00, 0x00, 0x00, 0x00,
  0x00, 0x00, 0x00, 0x00, 0x00, 0x00, 0x00, 0x00, 0x00, 0x00, 0x00, 0x00, 0x00, 0x00, 0x00, 0x00,
  0x00, 0x00, 0x00, 0x00, 0x00, 0x00, 0x00, 0x00, 0x00, 0x00, 0x00, 0x00, 0x00, 0x00, 0x00, 0x00,
  0x00, 0x00, 0x00, 0x00, 0x00, 0x00, 0x00, 0x00, 0x00, 0x00, 0x00, 0x00, 0x00, 0x00, 0x00, 0x00,
  0x00, 0x00, 0x00, 0x00, 0x00, 0x00, 0x00, 0x00, 0x00, 0x00, 0x00, 0x00, 0x00, 0x00, 0x00, 0x00,
  0x00, 0x00, 0x00, 0x00, 0x00, 0x00, 0x00, 0x00, 0x00, 0x00, 0x00, 0x00, 0x00, 0x00, 0x00, 0x00,
  0x00, 0x00, 0x00, 0x00, 0x00, 0x00, 0x00, 0x00, 0x00, 0x00, 0x00, 0x00, 0x00, 0x00, 0x00, 0x00,
  0x00, 0x00, 0x00, 0x00, 0x00, 0x00, 0x00, 0x00, 0x00, 0x00, 0x00, 0x00, 0x00, 0x00, 0x00, 0x00,
  0x00, 0x00, 0x00, 0x00, 0x00, 0x00, 0x00, 0x00, 0x00, 0x00, 0x00, 0x00, 0x00, 0x00, 0x00, 0x00,
  0x00, 0x00, 0x00, 0x00, 0x00, 0x00, 0x00, 0x00, 0x00, 0x00, 0x00, 0x00, 0x00, 0x00, 0x00, 0x00,
  0x00, 0x00, 0x00, 0x00, 0x00, 0x00, 0x00, 0x00, 0x00, 0x00, 0x00, 0x00, 0x00, 0x00, 0x00, 0x00,
  0x00, 0x00, 0x00, 0x00, 0x00, 0x00, 0x00, 0x00, 0x00, 0x00, 0x00, 0x00, 0x00, 0x00, 0x00, 0x00,
  0x00, 0x00, 0x00, 0x00, 0x00, 0x00, 0x00, 0x00, 0x00, 0x00, 0x00, 0x00, 0x00, 0x00, 0x00, 0x00,
  0x00, 0x00, 0x00, 0x00, 0x00, 0x00, 0x00, 0x00, 0x00, 0x00, 0x00, 0x00, 0x00, 0x00, 0x00, 0x00,
  0x00, 0x00, 0x00, 0x00, 0x00, 0x00, 0x00, 0x00, 0x00, 0x00, 0x00, 0x00, 0x00, 0x00, 0x00, 0x00,
  0x00, 0x00, 0x00, 0x00, 0x00, 0x00, 0x00, 0x00, 0x00, 0x00, 0x00, 0x00, 0x00, 0x00, 0x00, 0x00,
  0x00, 0x00, 0x00, 0x00, 0x00, 0x00, 0x00, 0x00, 0x00, 0x00, 0x00, 0x00, 0x00, 0x00, 0x00, 0x00,
  0x00, 0x00, 0x00, 0x00, 0x00, 0x00, 0x00, 0x00, 0x00, 0x00, 0x00, 0x00, 0x00, 0x00, 0x1F, 0x00,
  0x01, 0x1A, 0x3B, 0x29, 0x3A, 0x3B, 0x95, 0xFA, 0x2A, 0xE2, 0xB8, 0x22, 0xF7, 0xD8, 0x1A, 0xFA,
  0xF7, 0x22, 0xF2, 0x58, 0x33, 0xB5, 0x98, 0x3B, 0x2D, 0x00, 0x00, 0x00, 0x00, 0x00, 0x00, 0x00,
  0x00, 0x00, 0x00, 0x00, 0x00, 0x00, 0x00, 0x00, 0x00, 0x00, 0x00, 0x00, 0x00, 0x01, 0x0E, 0xF5,
  0x98, 0x4C, 0xFD, 0xFF, 0x74, 0xFE, 0xFF, 0xF6, 0xFE, 0xFF, 0x73, 0xFE, 0xFF, 0xCD, 0xFD, 0xFF,
  0xCC, 0xFD, 0xFF, 0xAB, 0xFD, 0xFF, 0xAB, 0xFD, 0xFF, 0x8A, 0xFD, 0xFF, 0x8A, 0xFD, 0xFF, 0x4A,
  0xFD, 0xFF, 0x2A, 0xFD, 0xFF, 0x09, 0xFD, 0xFF, 0xE9, 0xFC, 0xFF, 0xA9, 0xF4, 0xFF, 0x68, 0xF4,
  0xFF, 0x28, 0xEC, 0xFF, 0xC7, 0xE3, 0xFF, 0xA8, 0xDB, 0xFF, 0x68, 0xDB, 0xFA, 0x8A, 0xDB, 0x8D,
  0xEB, 0xDB, 0x08, 0x00, 0x00, 0x00, 0x00, 0x00, 0x00, 0x00, 0x00, 0x00, 0x00, 0x00, 0x00, 0x00,
  0x00, 0x00, 0x00, 0x00, 0x00, 0x00, 0x00, 0x00, 0x00, 0x00, 0x00, 0x00, 0x00, 0x00, 0x00, 0x00,
  0x00, 0x00, 0x00, 0x00, 0x00, 0x00, 0x00, 0x00, 0x00, 0x00, 0x00, 0x00, 0x00, 0x00, 0x00, 0x00,
  0x00, 0x00, 0x00, 0x00, 0x00, 0x00, 0x00, 0x00, 0x00, 0x00, 0x00, 0x00, 0x00, 0x00, 0x00, 0x00,
  0x00, 0x00, 0x00, 0x00, 0x00, 0x00, 0x00, 0x00, 0x00, 0x00, 0x00, 0x00, 0x00, 0x00, 0x00, 0x00,
  0x00, 0x00, 0x00, 0x00, 0x00, 0x00, 0x00, 0x00, 0x00, 0x00, 0x00, 0x00, 0x00, 0x00, 0x00, 0x00,
  0x00, 0x00, 0x00, 0x00, 0x00, 0x00, 0x00, 0x00, 0x00, 0x00, 0x00, 0x00, 0x00, 0x00, 0x00, 0x00,
  0x00, 0x00, 0x00, 0x00, 0x00, 0x00, 0x00, 0x00, 0x00, 0x00, 0x00, 0x00, 0x00, 0x00, 0x00, 0x00,
  0x00, 0x00, 0x00, 0x00, 0x00, 0x00, 0x00, 0x00, 0x00, 0x00, 0x00, 0x00, 0x00, 0x00, 0x00, 0x00,
  0x00, 0x00, 0x00, 0x00, 0x00, 0x00, 0x00, 0x00, 0x00, 0x00, 0x00, 0x00, 0x00, 0x00, 0x00, 0x00,
  0x00, 0x00, 0x00, 0x00, 0x00, 0x00, 0x00, 0x00, 0x00, 0x00, 0x00, 0x00, 0x00, 0x00, 0x00, 0x00,
  0x00, 0x00, 0x00, 0x00, 0x00, 0x00, 0x00, 0x00, 0x00, 0x00, 0x00, 0x00, 0x00, 0x00, 0x00, 0x00,
  0x00, 0x00, 0x00, 0x00, 0x00, 0x00, 0x00, 0x00, 0x00, 0x00, 0x00, 0x00, 0x00, 0x00, 0x00, 0x00,
  0x00, 0x00, 0x00, 0x00, 0x00, 0x00, 0x00, 0x00, 0x00, 0x00, 0x00, 0x00, 0x00, 0x00, 0x00, 0x00,
  0x00, 0x00, 0x00, 0x00, 0x00, 0x00, 0x00, 0x00, 0x00, 0x00, 0x00, 0x00, 0x00, 0x00, 0x00, 0x00,
  0x00, 0x00, 0x00, 0x00, 0x00, 0x00, 0x00, 0x00, 0x00, 0x00, 0x00, 0x00, 0x00, 0x00, 0x00, 0x00,
  0x00, 0x00, 0x00, 0x00, 0x00, 0x00, 0x00, 0x00, 0x00, 0x00, 0x00, 0x00, 0x00, 0x00, 0x00, 0x00,
  0x00, 0x00, 0x00, 0x00, 0x00, 0x00, 0x00, 0x00, 0x00, 0x00, 0x00, 0x00, 0x00, 0x00, 0x00, 0x00,
  0x00, 0x00, 0x00, 0x00, 0x00, 0x00, 0x00, 0x00, 0x00, 0x00, 0x00, 0x00, 0x00, 0x00, 0x00, 0x00,
  0x00, 0x00, 0x00, 0x00, 0x00, 0x00, 0x00, 0x00, 0x00, 0x00, 0x00, 0x00, 0x00, 0x00, 0x00, 0x00,
  0x00, 0x00, 0x00, 0x00, 0x00, 0x00, 0x00, 0x00, 0x00, 0x00, 0x00, 0x00, 0x00, 0x00, 0x00, 0x00,
  0x00, 0x00, 0x00, 0x00, 0x00, 0x00, 0x00, 0x00, 0x00, 0x00, 0x00, 0x00, 0x00, 0x00, 0x00, 0x00,
  0x00, 0x00, 0x00, 0x00, 0x00, 0x00, 0x00, 0x00, 0x00, 0x00, 0x00, 0x00, 0x00, 0x00, 0x00, 0x00,
  0x00, 0x00, 0x00, 0x00, 0x00, 0x00, 0x00, 0x00, 0x00, 0x00, 0x00, 0x00, 0x00, 0x00, 0x00, 0x00,
  0x00, 0x00, 0x00, 0x00, 0x00, 0x00, 0x00, 0x00, 0x00, 0x00, 0x00, 0x00, 0x00, 0x00, 0x00, 0x00,
  0x00, 0x00, 0x00, 0x00, 0x00, 0x00, 0x00, 0x00, 0x00, 0x00, 0x00, 0x00, 0x00, 0x00, 0x00, 0x00,
  0x00, 0x00, 0x00, 0x00, 0x00, 0x00, 0x01, 0x39, 0x4B, 0x0A, 0x38, 0x43, 0x1E, 0x17, 0x33, 0x27,
  0x77, 0x43, 0x17, 0xB5, 0x52, 0x03, 0x00, 0x00, 0x00, 0x00, 0x00, 0x00, 0x00, 0x00, 0x00, 0x00,
  0x00, 0x00, 0x00, 0x00, 0x00, 0x00, 0x00, 0x00, 0x00, 0x00, 0x00, 0xEF, 0xFF, 0x02, 0x4D, 0xFD,
  0xC9, 0x8C, 0xFD, 0xFF, 0xB5, 0xFE, 0xFF, 0x73, 0xFE, 0xFF, 0xAC, 0xFD, 0xFF, 0x6A, 0xFD, 0xFF,
  0x6A, 0xFD, 0xFF, 0x6A, 0xFD, 0xFF, 0x4A, 0xFD, 0xFF, 0x29, 0xFD, 0xFF, 0x09, 0xFD, 0xFF, 0xE9,
  0xFC, 0xFF, 0xC9, 0xF4, 0xFF, 0xA9, 0xF4, 0xFF, 0x68, 0xF4, 0xFF, 0x28, 0xEC, 0xFF, 0xE7, 0xE3,
  0xFF, 0x87, 0xDB, 0xFF, 0x68, 0xD3, 0xFF, 0x69, 0xD3, 0xE8, 0x8A, 0xD3, 0x58, 0xAA, 0xAA, 0x03,
  0x00, 0x00, 0x00, 0x00, 0x00, 0x00, 0x00, 0x00, 0x00, 0x00, 0x00, 0x00, 0x00, 0x00, 0x00, 0x00,
  0x00, 0x00, 0x00, 0x00, 0x00, 0x00, 0x00, 0x00, 0x00, 0x00, 0x00, 0x00, 0x00, 0x00, 0x00, 0x00,
  0x00, 0x00, 0x00, 0x00, 0x00, 0x00, 0x00, 0x00, 0x00, 0x00, 0x00, 0x00, 0x00, 0x00, 0x00, 0x00,
  0x00, 0x00, 0x00, 0x00, 0x00, 0x00, 0x00, 0x00, 0x00, 0x00, 0x00, 0x00, 0x00, 0x00, 0x00, 0x00,
  0x00, 0x00, 0x00, 0x00, 0x00, 0x00, 0x00, 0x00, 0x00, 0x00, 0x00, 0x00, 0x00, 0x00, 0x00, 0x00,
  0x00, 0x00, 0x00, 0x00, 0x00, 0x00, 0x00, 0x00, 0x00, 0x00, 0x00, 0x00, 0x00, 0x00, 0x00, 0x00,
  0x00, 0x00, 0x00, 0x00, 0x00, 0x00, 0x00, 0x00, 0x00, 0x00, 0x00, 0x00, 0x00, 0x00, 0x00, 0x00,
  0x00, 0x00, 0x00, 0x00, 0x00, 0x00, 0x00, 0x00, 0x00, 0x00, 0x00, 0x00, 0x00, 0x00, 0x00, 0x00,
  0x00, 0x00, 0x00, 0x00, 0x00, 0x00, 0x00, 0x00, 0x00, 0x00, 0x00, 0x00, 0x00, 0x00, 0x00, 0x00,
  0x00, 0x00, 0x00, 0x00, 0x00, 0x00, 0x00, 0x00, 0x00, 0x00, 0x00, 0x00, 0x00, 0x00, 0x00, 0x00,
  0x00, 0x00, 0x00, 0x00, 0x00, 0x00, 0x00, 0x00, 0x00, 0x00, 0x00, 0x00, 0x00, 0x00, 0x00, 0x00,
  0x00, 0x00, 0x00, 0x00, 0x00, 0x00, 0x00, 0x00, 0x00, 0x00, 0x00, 0x00, 0x00, 0x00, 0x00, 0x00,
  0x00, 0x00, 0x00, 0x00, 0x00, 0x00, 0x00, 0x00, 0x00, 0x00, 0x00, 0x00, 0x00, 0x00, 0x00, 0x00,
  0x00, 0x00, 0x00, 0x00, 0x00, 0x00, 0x00, 0x00, 0x00, 0x00, 0x00, 0x00, 0x00, 0x00, 0x00, 0x00,
  0x00, 0x00, 0x00, 0x00, 0x00, 0x00, 0x00, 0x00, 0x00, 0x00, 0x00, 0x00, 0x00, 0x00, 0x00, 0x00,
  0x00, 0x00, 0x00, 0x00, 0x00, 0x00, 0x00, 0x00, 0x00, 0x00, 0x00, 0x00, 0x00, 0x00, 0x00, 0x00,
  0x00, 0x00, 0x00, 0x00, 0x00, 0x00, 0x00, 0x00, 0x00, 0x00, 0x00, 0x00, 0x00, 0x00, 0x00, 0x00,
  0x00, 0x00, 0x00, 0x00, 0x00, 0x00, 0x00, 0x00, 0x00, 0x00, 0x00, 0x00, 0x00, 0x00, 0x00, 0x00,
  0x00, 0x00, 0x00, 0x00, 0x00, 0x00, 0x00, 0x00, 0x00, 0x00, 0x00, 0x00, 0x00, 0x00, 0x00, 0x00,
  0x00, 0x00, 0x00, 0x00, 0x00, 0x00, 0x00, 0x00, 0x00, 0x00, 0x00, 0x00, 0x00, 0x00, 0x00, 0x00,
  0x00, 0x00, 0x00, 0x00, 0x00, 0x00, 0x00, 0x00, 0x00, 0x00, 0x00, 0x00, 0x00, 0x00, 0x00, 0x00,
  0x00, 0x00, 0x00, 0x00, 0x00, 0x00, 0x00, 0x00, 0x00, 0x00, 0x00, 0x00, 0x00, 0x00, 0x00, 0x00,
  0x00, 0x00, 0x00, 0x00, 0x00, 0x00, 0x00, 0x00, 0x00, 0x00, 0x00, 0x00, 0x00, 0x00, 0x00, 0x00,
  0x00, 0x00, 0x00, 0x00, 0x00, 0x00, 0x00, 0x00, 0x00, 0x00, 0x00, 0x00, 0x00, 0x00, 0x00, 0x00,
  0x00, 0x00, 0x00, 0x00, 0x00, 0x00, 0x00, 0x00, 0x00, 0x00, 0x00, 0x00, 0x00, 0x00, 0x00, 0x00,
  0x00, 0x00, 0x00, 0x00, 0x00, 0x00, 0x00, 0x00, 0x00, 0x00, 0x00, 0x00, 0x00, 0x00, 0x00, 0x00,
  0x00, 0x00, 0x00, 0x00, 0x00, 0x00, 0x00, 0x00, 0x00, 0x00, 0x00, 0x00, 0x00, 0x00, 0x00, 0x00,
  0x00, 0x00, 0x00, 0x00, 0x00, 0x00, 0x00, 0x00, 0x00, 0x00, 0x00, 0x00, 0x00, 0x00, 0x00, 0x00,
  0x00, 0x00, 0x00, 0x00, 0x00, 0x00, 0x00, 0x00, 0x00, 0x00, 0x00, 0xE0, 0xFF, 0x01, 0x2C, 0xF5,
  0xB5, 0x6B, 0xFD, 0xFF, 0x6B, 0xFD, 0xFF, 0x2A, 0xFD, 0xFF, 0x09, 0xFD, 0xFF, 0x09, 0xFD, 0xFF,
  0x09, 0xFD, 0xFF, 0x09, 0xFD, 0xFF, 0xE9, 0xF4, 0xFF, 0xC9, 0xF4, 0xFF, 0xA9, 0xF4, 0xFF, 0x89,
  0xEC, 0xFF, 0x48, 0xEC, 0xFF, 0x08, 0xE4, 0xFF, 0xC7, 0xDB, 0xFF, 0x87, 0xD3, 0xFF, 0x47, 0xD3,
  0xFF, 0x48, 0xD3, 0xF6, 0x29, 0xD3, 0xA0, 0x6B, 0xD3, 0x1C, 0x00, 0x00, 0x00, 0x00, 0x00, 0x00,
  0x00, 0x00, 0x00, 0x00, 0x00, 0x00, 0x00, 0x00, 0x00, 0x00, 0x00, 0x00, 0x00, 0x00, 0x00, 0x00,
  0x00, 0x00, 0x00, 0x00, 0x00, 0x00, 0x00, 0x00, 0x00, 0x00, 0x00, 0x00, 0x00, 0x00, 0x00, 0x00,
  0x00, 0x00, 0x00, 0x00, 0x00, 0x00, 0x00, 0x00, 0x00, 0x00, 0x00, 0x00, 0x00, 0x00, 0x00, 0x00,
  0x00, 0x00, 0x00, 0x00, 0x00, 0x00, 0x00, 0x00, 0x00, 0x00, 0x00, 0x00, 0x00, 0x00, 0x00, 0x00,
  0x00, 0x00, 0x00, 0x00, 0x00, 0x00, 0x00, 0x00, 0x00, 0x00, 0x00, 0x00, 0x00, 0x00, 0x00, 0x00,
  0x00, 0x00, 0x00, 0x00, 0x00, 0x00, 0x00, 0x00, 0x00, 0x00, 0x00, 0x00, 0x00, 0x00, 0x00, 0x00,
  0x00, 0x00, 0x00, 0x00, 0x00, 0x00, 0x00, 0x00, 0x00, 0x00, 0x00, 0x00, 0x00, 0x00, 0x00, 0x00,
  0x00, 0x00, 0x00, 0x00, 0x00, 0x00, 0x00, 0x00, 0x00, 0x00, 0x00, 0x00, 0x00, 0x00, 0x00, 0x00,
  0x00, 0x00, 0x00, 0x00, 0x00, 0x00, 0x00, 0x00, 0x00, 0x00, 0x00, 0x00, 0x00, 0x00, 0x00, 0x00,
  0x00, 0x00, 0x00, 0x00, 0x00, 0x00, 0x00, 0x00, 0x00, 0x00, 0x00, 0x00, 0x00, 0x00, 0x00, 0x00,
  0x00, 0x00, 0x00, 0x00, 0x00, 0x00, 0x00, 0x00, 0x00, 0x00, 0x00, 0x00, 0x00, 0x00, 0x00, 0x00,
  0x00, 0x00, 0x00, 0x00, 0x00, 0x00, 0x00, 0x00, 0x00, 0x00, 0x00, 0x00, 0x00, 0x00, 0x00, 0x00,
  0x00, 0x00, 0x00, 0x00, 0x00, 0x00, 0x00, 0x00, 0x00, 0x00, 0x00, 0x00, 0x00, 0x00, 0x00, 0x00,
  0x00, 0x00, 0x00, 0x00, 0x00, 0x00, 0x00, 0x00, 0x00, 0x00, 0x00, 0x00, 0x00, 0x00, 0x00, 0x00,
  0x00, 0x00, 0x00, 0x00, 0x00, 0x00, 0x00, 0x00, 0x00, 0x00, 0x00, 0x00, 0x00, 0x00, 0x00, 0x00,
  0x00, 0x00, 0x00, 0x00, 0x00, 0x00, 0x00, 0x00, 0x00, 0x00, 0x00, 0x00, 0x00, 0x00, 0x00, 0x00,
  0x00, 0x00, 0x00, 0x00, 0x00, 0x00, 0x00, 0x00, 0x00, 0x00, 0x00, 0x00, 0x00, 0x00, 0x00, 0x00,
  0x00, 0x00, 0x00, 0x00, 0x00, 0x00, 0x00, 0x00, 0x00, 0x00, 0x00, 0x00, 0x00, 0x00, 0x00, 0x00,
  0x00, 0x00, 0x00, 0x00, 0x00, 0x00, 0x00, 0x00, 0x00, 0x00, 0x00, 0x00, 0x00, 0x00, 0x00, 0x00,
  0x00, 0x00, 0x00, 0x00, 0x00, 0x00, 0x00, 0x00, 0x00, 0x00, 0x00, 0x00, 0x00, 0x00, 0x00, 0x00,
  0x00, 0x00, 0x00, 0x00, 0x00, 0x00, 0x00, 0x00, 0x00, 0x00, 0x00, 0x00, 0x00, 0x00, 0x00, 0x00,
  0x00, 0x00, 0x00, 0x00, 0x00, 0x00, 0x00, 0x00, 0x00, 0x00, 0x00, 0x00, 0x00, 0x00, 0x00, 0x00,
  0x00, 0x00, 0x00, 0x00, 0x00, 0x00, 0x00, 0x00, 0x00, 0x00, 0x00, 0x00, 0x00, 0x00, 0x00, 0x00,
  0x00, 0x00, 0x00, 0x00, 0x00, 0x00, 0x00, 0x00, 0x00, 0x00, 0x00, 0x00, 0x00, 0x00, 0x00, 0x00,
  0x00, 0x00, 0x00, 0x00, 0x00, 0x00, 0x00, 0x00, 0x00, 0x00, 0x00, 0x00, 0x00, 0x00, 0x00, 0x00,
  0x00, 0x00, 0x00, 0x00, 0x00, 0x00, 0x00, 0x00, 0x00, 0x00, 0x00, 0x00, 0x00, 0x00, 0x00, 0x00,
  0x00, 0x00, 0x00, 0x00, 0x00, 0x00, 0x00, 0x00, 0x00, 0x00, 0x00, 0x00, 0x00, 0x00, 0x00, 0x00,
  0x00, 0x00, 0x00, 0x00, 0x00, 0x00, 0x00, 0x00, 0x00, 0x00, 0x00, 0x00, 0x00, 0x00, 0x00, 0x00,
  0x00, 0x00, 0x00, 0x00, 0x00, 0x00, 0x00, 0x00, 0x00, 0x00, 0x00, 0x00, 0x00, 0x00, 0xED, 0xF4,
  0x5A, 0xEB, 0xF4, 0xFD, 0xEA, 0xFC, 0xFF, 0xCA, 0xF4, 0xFF, 0xA9, 0xF4, 0xFF, 0x89, 0xEC, 0xFF,
  0x89, 0xEC, 0xFF, 0x68, 0xEC, 0xFF, 0x48, 0xE4, 0xFF, 0x08, 0xE4, 0xFF, 0xE7, 0xDB, 0xFF, 0xC7,
  0xD3, 0xFF, 0x87, 0xD3, 0xFF, 0x67, 0xCB, 0xFF, 0x47, 0xCB, 0xFE, 0x28, 0xCB, 0xEF, 0x09, 0xC3,
  0xA5, 0x4A, 0xC3, 0x2E, 0xEF, 0xFB, 0x02, 0x00, 0x00, 0x00, 0x00, 0x00, 0x00, 0x00, 0x00, 0x00,
  0x00, 0x00, 0x00, 0x00, 0x00, 0x00, 0x00, 0x00, 0x00, 0x00, 0x00, 0x00, 0x00, 0x00, 0x00, 0x00,
  0x00, 0x00, 0x00, 0x00, 0x00, 0x00, 0x00, 0x00, 0x00, 0x00, 0x00, 0x00, 0x00, 0x00, 0x00, 0x00,
  0x00, 0x00, 0x00, 0x00, 0x00, 0x00, 0x00, 0x00, 0x00, 0x00, 0x00, 0x00, 0x00, 0x00, 0x00, 0x00,
  0x00, 0x00, 0x00, 0x00, 0x00, 0x00, 0x00, 0x00, 0x00, 0x00, 0x00, 0x00, 0x00, 0x00, 0x00, 0x00,
  0x00, 0x00, 0x00, 0x00, 0x00, 0x00, 0x00, 0x00, 0x00, 0x00, 0x00, 0x00, 0x00, 0x00, 0x00, 0x00,
  0x00, 0x00, 0x00, 0x00, 0x00, 0x00, 0x00, 0x00, 0x00, 0x00, 0x00, 0x00, 0x00, 0x00, 0x00, 0x00,
  0x00, 0x00, 0x00, 0x00, 0x00, 0x00, 0x00, 0x00, 0x00, 0x00, 0x00, 0x00, 0x00, 0x00, 0x00, 0x00,
  0x00, 0x00, 0x00, 0x00, 0x00, 0x00, 0x00, 0x00, 0x00, 0x00, 0x00, 0x00, 0x00, 0x00, 0x00, 0x00,
  0x00, 0x00, 0x00, 0x00, 0x00, 0x00, 0x00, 0x00, 0x00, 0x00, 0x00, 0x00, 0x00, 0x00, 0x00, 0x00,
  0x00, 0x00, 0x00, 0x00, 0x00, 0x00, 0x00, 0x00, 0x00, 0x00, 0x00, 0x00, 0x00, 0x00, 0x00, 0x00,
  0x00, 0x00, 0x00, 0x00, 0x00, 0x00, 0x00, 0x00, 0x00, 0x00, 0x00, 0x00, 0x00, 0x00, 0x00, 0x00,
  0x00, 0x00, 0x00, 0x00, 0x00, 0x00, 0x00, 0x00, 0x00, 0x00, 0x00, 0x00, 0x00, 0x00, 0x00, 0x00,
  0x00, 0x00, 0x00, 0x00, 0x00, 0x00, 0x00, 0x00, 0x00, 0x00, 0x00, 0x00, 0x00, 0x00, 0x00, 0x00,
  0x00, 0x00, 0x00, 0x00, 0x00, 0x00, 0x00, 0x00, 0x00, 0x00, 0x00, 0x00, 0x00, 0x00, 0x00, 0x00,
  0x00, 0x00, 0x00, 0x00, 0x00, 0x00, 0x00, 0x00, 0x00, 0x00, 0x00, 0x00, 0x00, 0x00, 0x00, 0x00,
  0x00, 0x00, 0x00, 0x00, 0x00, 0x00, 0x00, 0x00, 0x00, 0x00, 0x00, 0x00, 0x00, 0x00, 0x00, 0x00,
  0x00, 0x00, 0x00, 0x00, 0x00, 0x00, 0x00, 0x00, 0x00, 0x00, 0x00, 0x00, 0x00, 0x00, 0x00, 0x00,
  0x00, 0x00, 0x00, 0x00, 0x00, 0x00, 0x00, 0x00, 0x00, 0x00, 0x00, 0x00, 0x00, 0x00, 0x00, 0x00,
  0x00, 0x00, 0x00, 0x00, 0x00, 0x00, 0x00, 0x00, 0x00, 0x00, 0x00, 0x00, 0x00, 0x00, 0x00, 0x00,
  0x00, 0x00, 0x00, 0x00, 0x00, 0x00, 0x00, 0x00, 0x00, 0x00, 0x00, 0x00, 0x00, 0x00, 0x00, 0x00,
  0x00, 0x00, 0x00, 0x00, 0x00, 0x00, 0x00, 0x00, 0x00, 0x00, 0x00, 0x00, 0x00, 0x00, 0x00, 0x00,
  0x00, 0x00, 0x00, 0x00, 0x00, 0x00, 0x00, 0x00, 0x00, 0x00, 0x00, 0x00, 0x00, 0x00, 0x00, 0x00,
  0x00, 0x00, 0x00, 0x00, 0x00, 0x00, 0x00, 0x00, 0x00, 0x00, 0x00, 0x00, 0x00, 0x00, 0x00, 0x00,
  0x00, 0x00, 0x00, 0x00, 0x00, 0x00, 0x00, 0x00, 0x00, 0x00, 0x00, 0x00, 0x00, 0x00, 0x00, 0x00,
  0x00, 0x00, 0x00, 0x00, 0x00, 0x00, 0x00, 0x00, 0x00, 0x00, 0x00, 0x00, 0x00, 0x00, 0x00, 0x00,
  0x00, 0x00, 0x00, 0x00, 0x00, 0x00, 0x00, 0x00, 0x00, 0x00, 0x00, 0x00, 0x00, 0x00, 0x00, 0x00,
  0x00, 0x00, 0x00, 0x00, 0x00, 0x00, 0x00, 0x00, 0x00, 0x00, 0x00, 0x00, 0x00, 0x00, 0x00, 0x00,
  0x00, 0x00, 0x00, 0x00, 0x00, 0x00, 0x00, 0x00, 0x00, 0x00, 0x00, 0x00, 0x00, 0x00, 0x00, 0x00,
  0x00, 0x00, 0x00, 0x00, 0x00, 0x00, 0x00, 0x00, 0x00, 0x00, 0x00, 0x00, 0x00, 0x00, 0xEB, 0xDC,
  0x08, 0x4B, 0xE4, 0xA8, 0x6A, 0xE4, 0xFD, 0x49, 0xE4, 0xFF, 0xE8, 0xDB, 0xFF, 0xC7, 0xD3, 0xFF,
  0xA7, 0xD3, 0xFF, 0x87, 0xCB, 0xFF, 0x67, 0xCB, 0xFF, 0x67, 0xCB, 0xFF, 0x47, 0xC3, 0xFF, 0x28,
  0xC3, 0xFC, 0x29, 0xC3, 0xEC, 0x29, 0xC3, 0xBB, 0x4A, 0xC3, 0x60, 0x4A, 0xBB, 0x18, 0xFF, 0xFF,
  0x01, 0x00, 0x00, 0x00, 0x00, 0x00, 0x00, 0x00, 0x00, 0x00, 0x00, 0x00, 0x00, 0x00, 0x00, 0x00,
  0x00, 0x00, 0x00, 0x00, 0x00, 0x00, 0x00, 0x00, 0x00, 0x00, 0x00, 0x00, 0x00, 0x00, 0x00, 0x00,
  0x00, 0x00, 0x00, 0x00, 0x00, 0x00, 0x00, 0x00, 0x00, 0x00, 0x00, 0x00, 0x00, 0x00, 0x00, 0x00,
  0x00, 0x00, 0x00, 0x00, 0x00, 0x00, 0x00, 0x00, 0x00, 0x00, 0x00, 0x00, 0x00, 0x00, 0x00, 0x00,
  0x00, 0x00, 0x00, 0x00, 0x00, 0x00, 0x00, 0x00, 0x00, 0x00, 0x00, 0x00, 0x00, 0x00, 0x00, 0x00,
  0x00, 0x00, 0x00, 0x00, 0x00, 0x00, 0x00, 0x00, 0x00, 0x00, 0x00, 0x00, 0x00, 0x00, 0x00, 0x00,
  0x00, 0x00, 0x00, 0x00, 0x00, 0x00, 0x00, 0x00, 0x00, 0x00, 0x00, 0x00, 0x00, 0x00, 0x00, 0x00,
  0x00, 0x00, 0x00, 0x00, 0x00, 0x00, 0x00, 0x00, 0x00, 0x00, 0x00, 0x00, 0x00, 0x00, 0x00, 0x00,
  0x00, 0x00, 0x00, 0x00, 0x00, 0x00, 0x00, 0x00, 0x00, 0x00, 0x00, 0x00, 0x00, 0x00, 0x00, 0x00,
  0x00, 0x00, 0x00, 0x00, 0x00, 0x00, 0x00, 0x00, 0x00, 0x00, 0x00, 0x00, 0x00, 0x00, 0x00, 0x00,
  0x00, 0x00, 0x00, 0x00, 0x00, 0x00, 0x00, 0x00, 0x00, 0x00, 0x00, 0x00, 0x00, 0x00, 0x00, 0x00,
  0x00, 0x00, 0x00, 0x00, 0x00, 0x00, 0x00, 0x00, 0x00, 0x00, 0x00, 0x00, 0x00, 0x00, 0x00, 0x00,
  0x00, 0x00, 0x00, 0x00, 0x00, 0x00, 0x00, 0x00, 0x00, 0x00, 0x00, 0x00, 0x00, 0x00, 0x00, 0x00,
  0x00, 0x00, 0x00, 0x00, 0x00, 0x00, 0x00, 0x00, 0x00, 0x00, 0x00, 0x00, 0x00, 0x00, 0x00, 0x00,
  0x00, 0x00, 0x00, 0x00, 0x00, 0x00, 0x00, 0x00, 0x00, 0x00, 0x00, 0x00, 0x00, 0x00, 0x00, 0x00,
  0x00, 0x00, 0x00, 0x00, 0x00, 0x00, 0x00, 0x00, 0x00, 0x00, 0x00, 0x00, 0x00, 0x00, 0x00, 0x00,
  0x00, 0x00, 0x00, 0x00, 0x00, 0x00, 0x00, 0x00, 0x00, 0x00, 0x00, 0x00, 0x00, 0x00, 0x00, 0x00,
  0x00, 0x00, 0x00, 0x00, 0x00, 0x00, 0x00, 0x00, 0x00, 0x00, 0x00, 0x00, 0x00, 0x00, 0x00, 0x00,
  0x00, 0x00, 0x00, 0x00, 0x00, 0x00, 0x00, 0x00, 0x00, 0x00, 0x00, 0x00, 0x00, 0x00, 0x00, 0x00,
  0x00, 0x00, 0x00, 0x00, 0x00, 0x00, 0x00, 0x00, 0x00, 0x00, 0x00, 0x00, 0x00, 0x00, 0x00, 0x00,
  0x00, 0x00, 0x00, 0x00, 0x00, 0x00, 0x00, 0x00, 0x00, 0x00, 0x00, 0x00, 0x00, 0x00, 0x00, 0x00,
  0x00, 0x00, 0x00, 0x00, 0x00, 0x00, 0x00, 0x00, 0x00, 0x00, 0x00, 0x00, 0x00, 0x00, 0x00, 0x00,
  0x00, 0x00, 0x00, 0x00, 0x00, 0x00, 0x00, 0x00, 0x00, 0x00, 0x00, 0x00, 0x00, 0x00, 0x00, 0x00,
  0x00, 0x00, 0x00, 0x00, 0x00, 0x00, 0x00, 0x00, 0x00, 0x00, 0x00, 0x00, 0x00, 0x00, 0x00, 0x00,
  0x00, 0x00, 0x00, 0x00, 0x00, 0x00, 0x00, 0x00, 0x00, 0x00, 0x00, 0x00, 0x00, 0x00, 0x00, 0x00,
  0x00, 0x00, 0x00, 0x00, 0x00, 0x00, 0x00, 0x00, 0x00, 0x00, 0x00, 0x00, 0x00, 0x00, 0x00, 0x00,
  0x00, 0x00, 0x00, 0x00, 0x00, 0x00, 0x00, 0x00, 0x00, 0x00, 0x00, 0x00, 0x00, 0x00, 0x00, 0x00,
  0x00, 0x00, 0x00, 0x00, 0x00, 0x00, 0x00, 0x00, 0x00, 0x00, 0x00, 0x00, 0x00, 0x00, 0x00, 0x00,
  0x00, 0x00, 0x00, 0x00, 0x00, 0x00, 0x00, 0x00, 0x00, 0x00, 0x00, 0x00, 0x00, 0x00, 0x00, 0x00,
  0x00, 0x00, 0x00, 0x00, 0x00, 0x00, 0x00, 0x00, 0x00, 0x00, 0x00, 0x00, 0x00, 0x00, 0x00, 0x00,
  0x00, 0x8D, 0xDC, 0x07, 0x0C, 0xCC, 0x60, 0xAA, 0xC3, 0xCA, 0x48, 0xBB, 0xF0, 0x49, 0xBB, 0xF4,
  0x49, 0xBB, 0xF1, 0x29, 0xBB, 0xE1, 0x29, 0xB3, 0xCC, 0x4A, 0xB3, 0xA1, 0x29, 0xBB, 0x73, 0x4A,
  0xBB, 0x3A, 0xCB, 0xC3, 0x11, 0xEF, 0xFB, 0x02, 0x00, 0x00, 0x00, 0x00, 0x00, 0x00, 0x00, 0x00,
  0x00, 0x00, 0x00, 0x00, 0x00, 0x00, 0x00, 0x00, 0x00, 0x00, 0x00, 0x00, 0x00, 0x00, 0x00, 0x00,
  0x00, 0x00, 0x00, 0x00, 0x00, 0x00, 0x00, 0x00, 0x00, 0x00, 0x00, 0x00, 0x00, 0x00, 0x00, 0x00,
  0x00, 0x00, 0x00, 0x00, 0x00, 0x00, 0x00, 0x00, 0x00, 0x00, 0x00, 0x00, 0x00, 0x00, 0x00, 0x00,
  0x00, 0x00, 0x00, 0x00, 0x00, 0x00, 0x00, 0x00, 0x00, 0x00, 0x00, 0x00, 0x00, 0x00, 0x00, 0x00,
  0x00, 0x00, 0x00, 0x00, 0x00, 0x00, 0x00, 0x00, 0x00, 0x00, 0x00, 0x00, 0x00, 0x00, 0x00, 0x00,
  0x00, 0x00, 0x00, 0x00, 0x00, 0x00, 0x00, 0x00, 0x00, 0x00, 0x00, 0x00, 0x00, 0x00, 0x00, 0x00,
  0x00, 0x00, 0x00, 0x00, 0x00, 0x00, 0x00, 0x00, 0x00, 0x00, 0x00, 0x00, 0x00, 0x00, 0x00, 0x00,
  0x00, 0x00, 0x00, 0x00, 0x00, 0x00, 0x00, 0x00, 0x00, 0x00, 0x00, 0x00, 0x00, 0x00, 0x00, 0x00,
  0x00, 0x00, 0x00, 0x00, 0x00, 0x00, 0x00, 0x00, 0x00, 0x00, 0x00, 0x00, 0x00, 0x00, 0x00, 0x00,
  0x00, 0x00, 0x00, 0x00, 0x00, 0x00, 0x00, 0x00, 0x00, 0x00, 0x00, 0x00, 0x00, 0x00, 0x00, 0x00,
  0x00, 0x00, 0x00, 0x00, 0x00, 0x00, 0x00, 0x00, 0x00, 0x00, 0x00, 0x00, 0x00, 0x00, 0x00, 0x00,
  0x00, 0x00, 0x00, 0x00, 0x00, 0x00, 0x00, 0x00, 0x00, 0x00, 0x00, 0x00, 0x00, 0x00, 0x00, 0x00,
  0x00, 0x00, 0x00, 0x00, 0x00, 0x00, 0x00, 0x00, 0x00, 0x00, 0x00, 0x00, 0x00, 0x00, 0x00, 0x00,
  0x00, 0x00, 0x00, 0x00, 0x00, 0x00, 0x00, 0x00, 0x00, 0x00, 0x00, 0x00, 0x00, 0x00, 0x00, 0x00,
  0x00, 0x00, 0x00, 0x00, 0x00, 0x00, 0x00, 0x00, 0x00, 0x00, 0x00, 0x00, 0x00, 0x00, 0x00, 0x00,
  0x00, 0x00, 0x00, 0x00, 0x00, 0x00, 0x00, 0x00, 0x00, 0x00, 0x00, 0x00, 0x00, 0x00, 0x00, 0x00,
  0x00, 0x00, 0x00, 0x00, 0x00, 0x00, 0x00, 0x00, 0x00, 0x00, 0x00, 0x00, 0x00, 0x00, 0x00, 0x00,
  0x00, 0x00, 0x00, 0x00, 0x00, 0x00, 0x00, 0x00, 0x00, 0x00, 0x00, 0x00, 0x00, 0x00, 0x00, 0x00,
  0x00, 0x00, 0x00, 0x00, 0x00, 0x00, 0x00, 0x00, 0x00, 0x00, 0x00, 0x00, 0x00, 0x00, 0x00, 0x00,
  0x00, 0x00, 0x00, 0x00, 0x00, 0x00, 0x00, 0x00, 0x00, 0x00, 0x00, 0x00, 0x00, 0x00, 0x00, 0x00,
  0x00, 0x00, 0x00, 0x00, 0x00, 0x00, 0x00, 0x00, 0x00, 0x00, 0x00, 0x00, 0x00, 0x00, 0x00, 0x00,
  0x00, 0x00, 0x00, 0x00, 0x00, 0x00, 0x00, 0x00, 0x00, 0x00, 0x00, 0x00, 0x00, 0x00, 0x00, 0x00,
  0x00, 0x00, 0x00, 0x00, 0x00, 0x00, 0x00, 0x00, 0x00, 0x00, 0x00, 0x00, 0x00, 0x00, 0x00, 0x00,
  0x00, 0x00, 0x00, 0x00, 0x00, 0x00, 0x00, 0x00, 0x00, 0x00, 0x00, 0x00, 0x00, 0x00, 0x00, 0x00,
  0x00, 0x00, 0x00, 0x00, 0x00, 0x00, 0x00, 0x00, 0x00, 0x00, 0x00, 0x00, 0x00, 0x00, 0x00, 0x00,
  0x00, 0x00, 0x00, 0x00, 0x00, 0x00, 0x00, 0x00, 0x00, 0x00, 0x00, 0x00, 0x00, 0x00, 0x00, 0x00,
  0x00, 0x00, 0x00, 0x00, 0x00, 0x00, 0x00, 0x00, 0x00, 0x00, 0x00, 0x00, 0x00, 0x00, 0x00, 0x00,
  0x00, 0x00, 0x00, 0x00, 0x00, 0x00, 0x00, 0x00, 0x00, 0x00, 0x00, 0x00, 0x00, 0x00, 0x00, 0x00,
  0x00, 0x00, 0x00, 0x00, 0x00, 0x00, 0x00, 0x00, 0x00, 0x00, 0x00, 0x00, 0x00, 0x00, 0x00, 0x00,
  0x00, 0x00, 0x00, 0x00, 0x00, 0x00, 0x00, 0x00, 0x00, 0x00, 0x00, 0x00, 0x00, 0x00, 0x00, 0x00,
  0x00, 0x00, 0x00, 0x00, 0x00, 0x00, 0x00, 0x00, 0x00, 0x00, 0x00, 0x00, 0x00, 0x00, 0x00, 0x00,
  0x00, 0x00, 0x00, 0x00, 0x00, 0x00, 0x00, 0x00, 0x00, 0x00, 0x00, 0x00, 0x00, 0x00, 0x00, 0x00,
  0x00, 0x00, 0x00, 0x00, 0x00, 0x00, 0x00, 0x00, 0x00, 0x00, 0x00, 0x00, 0x00, 0x00, 0x00, 0x00,
  0x00, 0x00, 0x00, 0x00, 0x00, 0x00, 0x00, 0x00, 0x00, 0x00, 0x00, 0x00, 0x00, 0x00, 0x00, 0x00,
  0x00, 0x00, 0x00, 0x00, 0x00, 0x00, 0x00, 0x00, 0x00, 0x00, 0x00, 0x00, 0x00, 0x00, 0x00, 0x00,
  0x00, 0x00, 0x00, 0x00, 0x00, 0x00, 0x00, 0x00, 0x00, 0x00, 0x00, 0x00, 0x00, 0x00, 0x00, 0x00,
  0x00, 0x00, 0x00, 0x00, 0x00, 0x00, 0x00, 0x00, 0x00, 0x00, 0x00, 0x00, 0x00, 0x00, 0x00, 0x00,
  0x00, 0x00, 0x00, 0x00, 0x00, 0x00, 0x00, 0x00, 0x00, 0x00, 0x00, 0x00, 0x00, 0x00, 0x00, 0x00,
  0x00, 0x00, 0x00, 0x00, 0x00, 0x00, 0x00, 0x00, 0x00, 0x00, 0x00, 0x00, 0x00, 0x00, 0x00, 0x00,
  0x00, 0x00, 0x00, 0x00, 0x00, 0x00, 0x00, 0x00, 0x00, 0x00, 0x00, 0x00, 0x00, 0x00, 0x00, 0x00,
  0x00, 0x00, 0x00, 0x00, 0x00, 0x00, 0x00, 0x00, 0x00, 0x00, 0x00, 0x00, 0x00, 0x00, 0x00, 0x00,
  0x00, 0x00, 0x00, 0x00, 0x00, 0x00, 0x00, 0x00, 0x00, 0x00, 0x00, 0x00, 0x00, 0x00, 0x00, 0x00,
  0x00, 0x00, 0x00, 0x00, 0x00, 0x00, 0x00, 0x00, 0x00, 0x00, 0x00, 0x00, 0x00, 0x00, 0x00, 0x00,
  0x00, 0x00, 0x00, 0x00, 0x00, 0x00, 0x00, 0x00, 0x00, 0x00, 0x00, 0x00, 0x00, 0x00, 0x00, 0x00,
  0x00, 0x00, 0x00, 0x00, 0x00, 0x00, 0x00, 0x00, 0x00, 0x00, 0x00, 0x00, 0x00, 0x00, 0x00, 0x00,
  0x00, 0x00, 0x00, 0x00, 0x00, 0x00, 0x00, 0x00, 0x00, 0x00, 0x00, 0x00, 0x00, 0x00, 0x00, 0x00,
  0x00, 0x00, 0x00, 0x00, 0x00, 0x00, 0x00, 0x00, 0x00, 0x00, 0x00, 0x00, 0x00, 0x00, 0x00, 0x00,
  0x00, 0x00, 0x00, 0x00, 0x00, 0x00, 0x00, 0x00, 0x00, 0x00, 0x00, 0x00, 0x00, 0x00, 0x00, 0x00,
  0x00, 0x00, 0x00, 0x00, 0x00, 0x00, 0x00, 0x00, 0x00, 0x00, 0x00, 0x00, 0x00, 0x00, 0x00, 0x00,
  0x00, 0x00, 0x00, 0x00, 0x00, 0x00, 0x00, 0x00, 0x00, 0x00, 0x00, 0x00, 0x00, 0x00, 0x00, 0x00,
  0x00, 0x00, 0x00, 0x00, 0x00, 0x00, 0x00, 0x00, 0x00, 0x00, 0x00, 0x00, 0x00, 0x00, 0x00, 0x00,
  0x00, 0x00, 0x00, 0x00, 0x00, 0x00, 0x00, 0x00, 0x00, 0x00, 0x00, 0x00, 0x00, 0x00, 0x00, 0x00,
  0x00, 0x00, 0x00, 0x00, 0x00, 0x00, 0x00, 0x00, 0x00, 0x00, 0x00, 0x00, 0x00, 0x00, 0x00, 0x00,
  0x00, 0x00, 0x00, 0x00, 0x00, 0x00, 0x00, 0x00, 0x00, 0x00, 0x00, 0x00, 0x00, 0x00, 0x00, 0x00,
  0x00, 0x00, 0x00, 0x00, 0x00, 0x00, 0x00, 0x00, 0x00, 0x00, 0x00, 0x00, 0x00, 0x00, 0x00, 0x00,
  0x00, 0x00, 0x00, 0x00, 0x00, 0x00, 0x00, 0x00, 0x00, 0x00, 0x00, 0x00, 0x00, 0x00, 0x00, 0x00,
  0x00, 0x00, 0x00, 0x00, 0x00, 0x00, 0x00, 0x00, 0x00, 0x00, 0x00, 0x00, 0x00, 0x00, 0x00, 0x00,
  0x00, 0x00, 0x00, 0x00, 0x00, 0x00, 0x00, 0x00, 0x00, 0x00, 0x00, 0x00, 0x00, 0x00, 0x00, 0x00,
};
#endif

const lv_img_dsc_t ui_about_logo = {
  .header = {
    .cf = LV_IMG_CF_TRUE_COLOR_ALPHA,
    .always_zero = 0,
    .reserved = 0,
    .w = 176,
    .h = 58,
  },
  .data_size = 30624,
  .data = ui_about_logo_map,
};
